#
# There is insufficient memory for the Java Runtime Environment to continue.
# Native memory allocation (mmap) failed to map 65536 bytes. Error detail: Failed to commit metaspace.
# Possible reasons:
#   The system is out of physical RAM or swap space
#   This process is running with CompressedOops enabled, and the Java Heap may be blocking the growth of the native heap
# Possible solutions:
#   Reduce memory load on the system
#   Increase physical memory or swap space
#   Check if swap backing store is full
#   Decrease Java heap size (-Xmx/-Xms)
#   Decrease number of Java threads
#   Decrease Java thread stack sizes (-Xss)
#   Set larger code cache with -XX:ReservedCodeCacheSize=
#   JVM is running with Zero Based Compressed Oops mode in which the Java heap is
#     placed in the first 32GB address space. The Java Heap base address is the
#     maximum limit for the native heap growth. Please use -XX:HeapBaseMinAddress
#     to set the Java Heap base and to place the Java Heap above 32GB virtual address.
# This output file may be truncated or incomplete.
#
#  Out of Memory Error (virtualSpaceNode.cpp:113), pid=3480, tid=21552
#
# JRE version: OpenJDK Runtime Environment Temurin-21.0.12.1+1 (21.0.12.1+1) (build 21.0.12.1+1-LTS)
# Java VM: OpenJDK 64-Bit Server VM Temurin-21.0.12.1+1 (21.0.12.1+1-LTS, mixed mode, sharing, tiered, compressed oops, compressed class ptrs, g1 gc, windows-amd64)
# No core dump will be written. Minidumps are not enabled by default on client versions of Windows
#

---------------  S U M M A R Y ------------

Command Line: --add-opens=java.base/java.lang=ALL-UNNAMED --add-opens=java.base/java.lang.invoke=ALL-UNNAMED --add-opens=java.base/java.util=ALL-UNNAMED --add-opens=java.prefs/java.util.prefs=ALL-UNNAMED --add-exports=jdk.compiler/com.sun.tools.javac.api=ALL-UNNAMED --add-exports=jdk.compiler/com.sun.tools.javac.util=ALL-UNNAMED --add-opens=java.base/java.util=ALL-UNNAMED --add-opens=java.prefs/java.util.prefs=ALL-UNNAMED --add-opens=java.base/java.nio.charset=ALL-UNNAMED --add-opens=java.base/java.net=ALL-UNNAMED --add-opens=java.base/java.util.concurrent.atomic=ALL-UNNAMED --add-opens=java.xml/javax.xml.namespace=ALL-UNNAMED -XX:MaxMetaspaceSize=4G -XX:ReservedCodeCacheSize=512m -XX:+HeapDumpOnOutOfMemoryError -Xmx8G -Dfile.encoding=UTF-8 -Duser.country=FR -Duser.language=fr -Duser.variant -javaagent:C:\Users\badya\.gradle\wrapper\dists\gradle-8.12-all\ejduaidbjup3bmmkhw3rie4zb\gradle-8.12\lib\agents\gradle-instrumentation-agent-8.12.jar org.gradle.launcher.daemon.bootstrap.GradleDaemon 8.12

Host: 11th Gen Intel(R) Core(TM) i7-1165G7 @ 2.80GHz, 8 cores, 7G,  Windows 11 , 64 bit Build 26100 (10.0.26100.9444)
Time: Mon Sep 21 02:04:29 2026 Afr. centrale Ouest elapsed time: 333.695877 seconds (0d 0h 5m 33s)

---------------  T H R E A D  ---------------

Current thread (0x00000243fd339b60):  JavaThread "Daemon worker"        [_thread_in_vm, id=21552, stack(0x000000e237800000,0x000000e237900000) (1024K)]

Stack: [0x000000e237800000,0x000000e237900000]
Native frames: (J=compiled Java code, j=interpreted, Vv=VM code, C=native code)
V  [jvm.dll+0x6d83e9]
V  [jvm.dll+0x8b5736]
V  [jvm.dll+0x8b7cee]
V  [jvm.dll+0x8b83d3]
V  [jvm.dll+0x284596]
V  [jvm.dll+0x8b147e]
V  [jvm.dll+0x679ad4]
V  [jvm.dll+0x1e849b]
V  [jvm.dll+0x1e825e]
V  [jvm.dll+0x67c3d2]
V  [jvm.dll+0x67c202]
V  [jvm.dll+0x67a4ae]
V  [jvm.dll+0x281467]
V  [jvm.dll+0x72e6df]
V  [jvm.dll+0x72f21f]
V  [jvm.dll+0x3ccb91]
V  [jvm.dll+0x3cb967]
V  [jvm.dll+0x3cb908]
V  [jvm.dll+0x5ddcd6]
V  [jvm.dll+0x5dcc44]
V  [jvm.dll+0x3e1012]
V  [jvm.dll+0x3e06ca]
C  0x00000243991299b5

The last pc belongs to invokestatic (printed below).
Java frames: (J=compiled Java code, j=interpreted, Vv=VM code)
j  org.apache.groovy.json.internal.JsonParserCharArray.<init>()V+14
j  groovy.json.JsonSlurper.createParser()Lgroovy/json/JsonParser;+65
j  groovy.json.JsonSlurper.parseText(Ljava/lang/String;)Ljava/lang/Object;+22
j  Native_plugin_loader_gradle$NativePluginLoader.getDependenciesMetadata(Ljava/io/File;)Ljava/util/Map;+57
j  Native_plugin_loader_gradle$NativePluginLoader.getPlugins(Ljava/io/File;)Ljava/util/List;+19
J 5319 c2 java.lang.invoke.DirectMethodHandle$Holder.invokeSpecial(Ljava/lang/Object;Ljava/lang/Object;Ljava/lang/Object;)Ljava/lang/Object; java.base@21.0.12.1 (15 bytes) @ 0x000002439995ce60 [0x000002439995ce20+0x0000000000000040]
J 5402 c1 java.lang.invoke.LambdaForm$MH+0x00000243b803c400.invoke(Ljava/lang/Object;Ljava/lang/Object;Ljava/lang/Object;)Ljava/lang/Object; java.base@21.0.12.1 (56 bytes) @ 0x0000024389d0190c [0x0000024389d01120+0x00000000000007ec]
J 2306 c1 jdk.internal.reflect.DirectMethodHandleAccessor.invoke(Ljava/lang/Object;[Ljava/lang/Object;)Ljava/lang/Object; java.base@21.0.12.1 (92 bytes) @ 0x0000024389848194 [0x0000024389846540+0x0000000000001c54]
J 2305 c1 java.lang.reflect.Method.invoke(Ljava/lang/Object;[Ljava/lang/Object;)Ljava/lang/Object; java.base@21.0.12.1 (108 bytes) @ 0x0000024389845c5c [0x0000024389845740+0x000000000000051c]
j  kotlin.reflect.jvm.internal.calls.CallerImpl$Method.callMethod(Ljava/lang/Object;[Ljava/lang/Object;)Ljava/lang/Object;+20
j  kotlin.reflect.jvm.internal.calls.CallerImpl$Method$Instance.call([Ljava/lang/Object;)Ljava/lang/Object;+57
j  kotlin.reflect.jvm.internal.KCallableImpl.call([Ljava/lang/Object;)Ljava/lang/Object;+16
j  com.flutter.gradle.NativePluginLoaderReflectionBridge.getPlugins(Lorg/gradle/api/plugins/ExtraPropertiesExtension;Ljava/io/File;)Ljava/util/List;+135
j  com.flutter.gradle.FlutterAppPluginLoaderPlugin.apply(Lorg/gradle/api/initialization/Settings;)V+330
j  com.flutter.gradle.FlutterAppPluginLoaderPlugin.apply(Ljava/lang/Object;)V+5
j  org.gradle.api.internal.plugins.ImperativeOnlyPluginTarget.applyImperative(Ljava/lang/String;Lorg/gradle/api/Plugin;)V+13
j  org.gradle.api.internal.plugins.SoftwareTypeRegistrationPluginTarget.applyImperative(Ljava/lang/String;Lorg/gradle/api/Plugin;)V+40
j  org.gradle.api.internal.plugins.DefaultPluginManager.addPlugin(Ljava/lang/Runnable;Lorg/gradle/api/internal/plugins/PluginImplementation;Ljava/lang/String;Ljava/lang/Class;)V+54
j  org.gradle.api.internal.plugins.DefaultPluginManager.access$100(Lorg/gradle/api/internal/plugins/DefaultPluginManager;Ljava/lang/Runnable;Lorg/gradle/api/internal/plugins/PluginImplementation;Ljava/lang/String;Ljava/lang/Class;)V+6
j  org.gradle.api.internal.plugins.DefaultPluginManager$AddPluginBuildOperation.run(Lorg/gradle/internal/operations/BuildOperationContext;)V+20
J 8344 c1 org.gradle.internal.operations.DefaultBuildOperationRunner$1.execute(Lorg/gradle/internal/operations/BuildOperation;Lorg/gradle/internal/operations/BuildOperationContext;)V (10 bytes) @ 0x000002438991b844 [0x000002438991b5e0+0x0000000000000264]
J 6541 c1 org.gradle.internal.operations.DefaultBuildOperationRunner$2.execute(Lorg/gradle/internal/operations/BuildOperationDescriptor;Lorg/gradle/internal/operations/BuildOperationState;Lorg/gradle/internal/operations/BuildOperationState;Lorg/gradle/internal/operations/DefaultBuildOperationRunner$ReadableBuildOperationContext;Lorg/gradle/internal/operations/DefaultBuildOperationRunner$BuildOperationExecutionListener;)Lorg/gradle/internal/operations/BuildOperation; (110 bytes) @ 0x0000024389f378cc [0x0000024389f376c0+0x000000000000020c]
J 6549 c1 org.gradle.internal.operations.DefaultBuildOperationRunner$2.execute(Lorg/gradle/internal/operations/BuildOperationDescriptor;Lorg/gradle/internal/operations/BuildOperationState;Lorg/gradle/internal/operations/BuildOperationState;Lorg/gradle/internal/operations/DefaultBuildOperationRunner$ReadableBuildOperationContext;Lorg/gradle/internal/operations/DefaultBuildOperationRunner$BuildOperationExecutionListener;)Ljava/lang/Object; (12 bytes) @ 0x0000024389f3adcc [0x0000024389f3ad40+0x000000000000008c]
J 9314 c1 org.gradle.internal.operations.DefaultBuildOperationRunner.execute(Lorg/gradle/internal/operations/BuildOperationDescriptor$Builder;Lorg/gradle/internal/operations/BuildOperationState;Lorg/gradle/internal/operations/DefaultBuildOperationRunner$BuildOperationExecution;)Ljava/lang/Object; (147 bytes) @ 0x000002438a25426c [0x000002438a253680+0x0000000000000bec]
J 6543 c1 org.gradle.internal.operations.DefaultBuildOperationRunner.execute(Lorg/gradle/internal/operations/BuildOperation;Lorg/gradle/internal/operations/BuildOperationWorker;Lorg/gradle/internal/operations/BuildOperationState;)V (23 bytes) @ 0x0000024389f393a4 [0x0000024389f390e0+0x00000000000002c4]
J 8343 c1 org.gradle.internal.operations.DefaultBuildOperationRunner.run(Lorg/gradle/internal/operations/RunnableBuildOperation;)V (13 bytes) @ 0x000002438991c064 [0x000002438991bc80+0x00000000000003e4]
j  org.gradle.api.internal.plugins.DefaultPluginManager.lambda$doApply$0(Ljava/lang/Runnable;Lorg/gradle/api/internal/plugins/PluginImplementation;Ljava/lang/String;Ljava/lang/Class;Lorg/gradle/internal/code/UserCodeApplicationId;)V+20
j  org.gradle.api.internal.plugins.DefaultPluginManager$$Lambda+0x00000243b8717338.execute(Ljava/lang/Object;)V+24
j  org.gradle.internal.code.DefaultUserCodeApplicationContext.apply(Lorg/gradle/internal/code/UserCodeSource;Lorg/gradle/api/Action;)V+37
j  org.gradle.api.internal.plugins.DefaultPluginManager.doApply(Lorg/gradle/api/internal/plugins/PluginImplementation;)V+144
j  org.gradle.api.internal.plugins.DefaultPluginManager.apply(Ljava/lang/String;)V+52
j  org.gradle.composite.internal.plugins.CompositeBuildPluginResolverContributor$LocalPluginResolution.applyTo(Lorg/gradle/api/internal/plugins/PluginManagerInternal;)V+10
j  org.gradle.plugin.use.internal.DefaultPluginRequestApplicator$ApplyAction.apply(Lorg/gradle/api/internal/plugins/PluginManagerInternal;)V+21
j  org.gradle.plugin.use.internal.DefaultPluginRequestApplicator.lambda$applyPlugins$1(Lorg/gradle/api/internal/plugins/PluginManagerInternal;Lorg/gradle/plugin/use/internal/DefaultPluginRequestApplicator$ApplyAction;)V+2
j  org.gradle.plugin.use.internal.DefaultPluginRequestApplicator$$Lambda+0x00000243b8817638.accept(Ljava/lang/Object;)V+8
j  java.util.ArrayList.forEach(Ljava/util/function/Consumer;)V+46 java.base@21.0.12.1
j  org.gradle.plugin.use.internal.DefaultPluginRequestApplicator.applyPlugins(Lorg/gradle/plugin/management/internal/PluginRequests;Lorg/gradle/api/internal/initialization/ScriptHandlerInternal;Lorg/gradle/api/internal/plugins/PluginManagerInternal;Lorg/gradle/api/internal/initialization/ClassLoaderScope;)V+375
j  org.gradle.kotlin.dsl.provider.PluginRequestsHandler.handle(Lorg/gradle/plugin/management/internal/PluginRequests;Lorg/gradle/api/internal/initialization/ScriptHandlerInternal;Lorg/gradle/api/internal/plugins/PluginAwareInternal;Lorg/gradle/api/internal/initialization/ClassLoaderScope;)V+65
j  org.gradle.kotlin.dsl.provider.StandardKotlinScriptEvaluator$InterpreterHost.applyPluginsTo(Lorg/gradle/kotlin/dsl/support/KotlinScriptHost;Lorg/gradle/plugin/management/internal/PluginRequests;)V+52
j  org.gradle.kotlin.dsl.execution.Interpreter$ProgramHost.applyPluginsTo(Lorg/gradle/kotlin/dsl/support/KotlinScriptHost;Lorg/gradle/plugin/management/internal/PluginRequests;)V+21
j  Program.execute(Lorg/gradle/kotlin/dsl/execution/ExecutableProgram$Host;Lorg/gradle/kotlin/dsl/support/KotlinScriptHost;)V+45
j  org.gradle.kotlin.dsl.execution.Interpreter$ProgramHost.eval(Lorg/gradle/kotlin/dsl/execution/CompiledScript;Lorg/gradle/kotlin/dsl/support/KotlinScriptHost;)V+88
j  org.gradle.kotlin.dsl.execution.Interpreter.eval(Ljava/lang/Object;Lorg/gradle/groovy/scripts/ScriptSource;Lorg/gradle/internal/hash/HashCode;Lorg/gradle/api/initialization/dsl/ScriptHandler;Lorg/gradle/api/internal/initialization/ClassLoaderScope;Lorg/gradle/api/internal/initialization/ClassLoaderScope;ZLjava/util/EnumSet;)V+213
j  org.gradle.kotlin.dsl.provider.StandardKotlinScriptEvaluator.evaluate(Ljava/lang/Object;Lorg/gradle/groovy/scripts/ScriptSource;Lorg/gradle/api/initialization/dsl/ScriptHandler;Lorg/gradle/api/internal/initialization/ClassLoaderScope;Lorg/gradle/api/internal/initialization/ClassLoaderScope;ZLjava/util/EnumSet;)V+163
j  org.gradle.kotlin.dsl.provider.KotlinScriptPluginFactory$create$1.invoke(Ljava/lang/Object;)V+253
j  org.gradle.kotlin.dsl.provider.KotlinScriptPluginFactory$create$1.invoke(Ljava/lang/Object;)Ljava/lang/Object;+2
j  org.gradle.kotlin.dsl.provider.KotlinScriptPlugin.apply(Ljava/lang/Object;)V+22
j  org.gradle.configuration.BuildOperationScriptPlugin$1.run(Lorg/gradle/internal/operations/BuildOperationContext;)V+11
j  org.gradle.internal.operations.DefaultBuildOperationRunner$1.execute(Lorg/gradle/internal/operations/RunnableBuildOperation;Lorg/gradle/internal/operations/BuildOperationContext;)V+2
j  org.gradle.internal.operations.DefaultBuildOperationRunner$1.execute(Lorg/gradle/internal/operations/BuildOperation;Lorg/gradle/internal/operations/BuildOperationContext;)V+6
j  org.gradle.internal.operations.DefaultBuildOperationRunner$2.execute(Lorg/gradle/internal/operations/BuildOperationDescriptor;Lorg/gradle/internal/operations/BuildOperationState;Lorg/gradle/internal/operations/BuildOperationState;Lorg/gradle/internal/operations/DefaultBuildOperationRunner$ReadableBuildOperationContext;Lorg/gradle/internal/operations/DefaultBuildOperationRunner$BuildOperationExecutionListener;)Lorg/gradle/internal/operations/BuildOperation;+22
j  org.gradle.internal.operations.DefaultBuildOperationRunner$2.execute(Lorg/gradle/internal/operations/BuildOperationDescriptor;Lorg/gradle/internal/operations/BuildOperationState;Lorg/gradle/internal/operations/BuildOperationState;Lorg/gradle/internal/operations/DefaultBuildOperationRunner$ReadableBuildOperationContext;Lorg/gradle/internal/operations/DefaultBuildOperationRunner$BuildOperationExecutionListener;)Ljava/lang/Object;+8
j  org.gradle.internal.operations.DefaultBuildOperationRunner.execute(Lorg/gradle/internal/operations/BuildOperationDescriptor$Builder;Lorg/gradle/internal/operations/BuildOperationState;Lorg/gradle/internal/operations/DefaultBuildOperationRunner$BuildOperationExecution;)Ljava/lang/Object;+141
j  org.gradle.internal.operations.DefaultBuildOperationRunner.execute(Lorg/gradle/internal/operations/BuildOperation;Lorg/gradle/internal/operations/BuildOperationWorker;Lorg/gradle/internal/operations/BuildOperationState;)V+18
j  org.gradle.internal.operations.DefaultBuildOperationRunner.run(Lorg/gradle/internal/operations/RunnableBuildOperation;)V+9
j  org.gradle.configuration.BuildOperationScriptPlugin.lambda$apply$0(Ljava/lang/Object;Lorg/gradle/internal/code/UserCodeApplicationId;)V+14
j  org.gradle.configuration.BuildOperationScriptPlugin$$Lambda+0x00000243b8402638.execute(Ljava/lang/Object;)V+12
j  org.gradle.internal.code.DefaultUserCodeApplicationContext.apply(Lorg/gradle/internal/code/UserCodeSource;Lorg/gradle/api/Action;)V+37
j  org.gradle.configuration.BuildOperationScriptPlugin.apply(Ljava/lang/Object;)V+71
j  org.gradle.initialization.ScriptEvaluatingSettingsProcessor.applySettingsScript(Lorg/gradle/groovy/scripts/TextResourceScriptSource;Lorg/gradle/api/internal/SettingsInternal;)V+32
j  org.gradle.initialization.ScriptEvaluatingSettingsProcessor.process(Lorg/gradle/api/internal/GradleInternal;Lorg/gradle/initialization/SettingsLocation;Lorg/gradle/api/internal/initialization/ClassLoaderScope;Lorg/gradle/StartParameter;)Lorg/gradle/initialization/SettingsState;+90
j  org.gradle.initialization.SettingsEvaluatedCallbackFiringSettingsProcessor.process(Lorg/gradle/api/internal/GradleInternal;Lorg/gradle/initialization/SettingsLocation;Lorg/gradle/api/internal/initialization/ClassLoaderScope;Lorg/gradle/StartParameter;)Lorg/gradle/initialization/SettingsState;+9
j  org.gradle.initialization.RootBuildCacheControllerSettingsProcessor.process(Lorg/gradle/api/internal/GradleInternal;Lorg/gradle/initialization/SettingsLocation;Lorg/gradle/api/internal/initialization/ClassLoaderScope;Lorg/gradle/StartParameter;)Lorg/gradle/initialization/SettingsState;+9
j  org.gradle.initialization.BuildOperationSettingsProcessor$2.call(Lorg/gradle/internal/operations/BuildOperationContext;)Lorg/gradle/initialization/SettingsState;+23
j  org.gradle.initialization.BuildOperationSettingsProcessor$2.call(Lorg/gradle/internal/operations/BuildOperationContext;)Ljava/lang/Object;+2
j  org.gradle.internal.operations.DefaultBuildOperationRunner$CallableBuildOperationWorker.execute(Lorg/gradle/internal/operations/CallableBuildOperation;Lorg/gradle/internal/operations/BuildOperationContext;)V+3
j  org.gradle.internal.operations.DefaultBuildOperationRunner$CallableBuildOperationWorker.execute(Lorg/gradle/internal/operations/BuildOperation;Lorg/gradle/internal/operations/BuildOperationContext;)V+6
j  org.gradle.internal.operations.DefaultBuildOperationRunner$2.execute(Lorg/gradle/internal/operations/BuildOperationDescriptor;Lorg/gradle/internal/operations/BuildOperationState;Lorg/gradle/internal/operations/BuildOperationState;Lorg/gradle/internal/operations/DefaultBuildOperationRunner$ReadableBuildOperationContext;Lorg/gradle/internal/operations/DefaultBuildOperationRunner$BuildOperationExecutionListener;)Lorg/gradle/internal/operations/BuildOperation;+22
j  org.gradle.internal.operations.DefaultBuildOperationRunner$2.execute(Lorg/gradle/internal/operations/BuildOperationDescriptor;Lorg/gradle/internal/operations/BuildOperationState;Lorg/gradle/internal/operations/BuildOperationState;Lorg/gradle/internal/operations/DefaultBuildOperationRunner$ReadableBuildOperationContext;Lorg/gradle/internal/operations/DefaultBuildOperationRunner$BuildOperationExecutionListener;)Ljava/lang/Object;+8
j  org.gradle.internal.operations.DefaultBuildOperationRunner.execute(Lorg/gradle/internal/operations/BuildOperationDescriptor$Builder;Lorg/gradle/internal/operations/BuildOperationState;Lorg/gradle/internal/operations/DefaultBuildOperationRunner$BuildOperationExecution;)Ljava/lang/Object;+141
j  org.gradle.internal.operations.DefaultBuildOperationRunner.execute(Lorg/gradle/internal/operations/BuildOperation;Lorg/gradle/internal/operations/BuildOperationWorker;Lorg/gradle/internal/operations/BuildOperationState;)V+18
j  org.gradle.internal.operations.DefaultBuildOperationRunner.call(Lorg/gradle/internal/operations/CallableBuildOperation;)Ljava/lang/Object;+16
j  org.gradle.initialization.BuildOperationSettingsProcessor.process(Lorg/gradle/api/internal/GradleInternal;Lorg/gradle/initialization/SettingsLocation;Lorg/gradle/api/internal/initialization/ClassLoaderScope;Lorg/gradle/StartParameter;)Lorg/gradle/initialization/SettingsState;+17
j  org.gradle.initialization.DefaultSettingsLoader.findSettingsAndLoadIfAppropriate(Lorg/gradle/api/internal/GradleInternal;Lorg/gradle/StartParameter;Lorg/gradle/initialization/SettingsLocation;Lorg/gradle/api/internal/initialization/ClassLoaderScope;)Lorg/gradle/initialization/SettingsState;+9
j  org.gradle.initialization.DefaultSettingsLoader.findAndLoadSettings(Lorg/gradle/api/internal/GradleInternal;)Lorg/gradle/initialization/SettingsState;+103
j  org.gradle.initialization.SettingsAttachingSettingsLoader.findAndLoadSettings(Lorg/gradle/api/internal/GradleInternal;)Lorg/gradle/initialization/SettingsState;+5
j  org.gradle.internal.composite.CommandLineIncludedBuildSettingsLoader.findAndLoadSettings(Lorg/gradle/api/internal/GradleInternal;)Lorg/gradle/initialization/SettingsState;+5
j  org.gradle.internal.composite.ChildBuildRegisteringSettingsLoader.findAndLoadSettings(Lorg/gradle/api/internal/GradleInternal;)Lorg/gradle/initialization/SettingsState;+5
j  org.gradle.internal.composite.CompositeBuildSettingsLoader.findAndLoadSettings(Lorg/gradle/api/internal/GradleInternal;)Lorg/gradle/initialization/SettingsState;+5
j  org.gradle.initialization.InitScriptHandlingSettingsLoader.findAndLoadSettings(Lorg/gradle/api/internal/GradleInternal;)Lorg/gradle/initialization/SettingsState;+13
j  org.gradle.api.internal.initialization.CacheConfigurationsHandlingSettingsLoader.findAndLoadSettings(Lorg/gradle/api/internal/GradleInternal;)Lorg/gradle/initialization/SettingsState;+15
j  org.gradle.initialization.GradlePropertiesHandlingSettingsLoader.findAndLoadSettings(Lorg/gradle/api/internal/GradleInternal;)Lorg/gradle/initialization/SettingsState;+40
j  org.gradle.initialization.DefaultSettingsPreparer.prepareSettings(Lorg/gradle/api/internal/GradleInternal;)V+33
j  org.gradle.initialization.BuildOperationFiringSettingsPreparer$LoadBuild.doLoadBuild()V+11
j  org.gradle.initialization.BuildOperationFiringSettingsPreparer$LoadBuild.run(Lorg/gradle/internal/operations/BuildOperationContext;)V+1
j  org.gradle.internal.operations.DefaultBuildOperationRunner$1.execute(Lorg/gradle/internal/operations/RunnableBuildOperation;Lorg/gradle/internal/operations/BuildOperationContext;)V+2
j  org.gradle.internal.operations.DefaultBuildOperationRunner$1.execute(Lorg/gradle/internal/operations/BuildOperation;Lorg/gradle/internal/operations/BuildOperationContext;)V+6
j  org.gradle.internal.operations.DefaultBuildOperationRunner$2.execute(Lorg/gradle/internal/operations/BuildOperationDescriptor;Lorg/gradle/internal/operations/BuildOperationState;Lorg/gradle/internal/operations/BuildOperationState;Lorg/gradle/internal/operations/DefaultBuildOperationRunner$ReadableBuildOperationContext;Lorg/gradle/internal/operations/DefaultBuildOperationRunner$BuildOperationExecutionListener;)Lorg/gradle/internal/operations/BuildOperation;+22
j  org.gradle.internal.operations.DefaultBuildOperationRunner$2.execute(Lorg/gradle/internal/operations/BuildOperationDescriptor;Lorg/gradle/internal/operations/BuildOperationState;Lorg/gradle/internal/operations/BuildOperationState;Lorg/gradle/internal/operations/DefaultBuildOperationRunner$ReadableBuildOperationContext;Lorg/gradle/internal/operations/DefaultBuildOperationRunner$BuildOperationExecutionListener;)Ljava/lang/Object;+8
j  org.gradle.internal.operations.DefaultBuildOperationRunner.execute(Lorg/gradle/internal/operations/BuildOperationDescriptor$Builder;Lorg/gradle/internal/operations/BuildOperationState;Lorg/gradle/internal/operations/DefaultBuildOperationRunner$BuildOperationExecution;)Ljava/lang/Object;+141
j  org.gradle.internal.operations.DefaultBuildOperationRunner.execute(Lorg/gradle/internal/operations/BuildOperation;Lorg/gradle/internal/operations/BuildOperationWorker;Lorg/gradle/internal/operations/BuildOperationState;)V+18
j  org.gradle.internal.operations.DefaultBuildOperationRunner.run(Lorg/gradle/internal/operations/RunnableBuildOperation;)V+9
j  org.gradle.initialization.BuildOperationFiringSettingsPreparer.prepareSettings(Lorg/gradle/api/internal/GradleInternal;)V+31
j  org.gradle.initialization.VintageBuildModelController.lambda$prepareSettings$1()V+8
j  org.gradle.initialization.VintageBuildModelController$$Lambda+0x00000243b83d2a78.run()V+4
j  org.gradle.internal.model.StateTransitionController.lambda$doTransition$14(Ljava/lang/Runnable;)Lorg/gradle/internal/build/ExecutionResult;+1
j  org.gradle.internal.model.StateTransitionController$$Lambda+0x00000243b83d2850.get()Ljava/lang/Object;+4
j  org.gradle.internal.model.StateTransitionController.doTransition(Lorg/gradle/internal/model/StateTransitionController$State;Lorg/gradle/internal/model/StateTransitionController$State;Ljava/util/function/Supplier;)Lorg/gradle/internal/build/ExecutionResult;+24
j  org.gradle.internal.model.StateTransitionController.doTransition(Lorg/gradle/internal/model/StateTransitionController$State;Lorg/gradle/internal/model/StateTransitionController$State;Ljava/lang/Runnable;)V+9
j  org.gradle.internal.model.StateTransitionController.lambda$transitionIfNotPreviously$11(Lorg/gradle/internal/model/StateTransitionController$State;Lorg/gradle/internal/model/StateTransitionController$State;Ljava/lang/Runnable;)V+16
j  org.gradle.internal.model.StateTransitionController$$Lambda+0x00000243b83d2ca0.run()V+16
j  org.gradle.internal.work.DefaultSynchronizer.withLock(Ljava/lang/Runnable;)V+6
j  org.gradle.internal.model.StateTransitionController.transitionIfNotPreviously(Lorg/gradle/internal/model/StateTransitionController$State;Lorg/gradle/internal/model/StateTransitionController$State;Ljava/lang/Runnable;)V+13
j  org.gradle.initialization.VintageBuildModelController.prepareSettings()V+16
j  org.gradle.initialization.VintageBuildModelController.prepareToScheduleTasks()V+1
j  org.gradle.internal.build.DefaultBuildLifecycleController.lambda$prepareToScheduleTasks$6()V+9
j  org.gradle.internal.build.DefaultBuildLifecycleController$$Lambda+0x00000243b83d2400.run()V+4
j  org.gradle.internal.model.StateTransitionController.lambda$doTransition$14(Ljava/lang/Runnable;)Lorg/gradle/internal/build/ExecutionResult;+1
j  org.gradle.internal.model.StateTransitionController$$Lambda+0x00000243b83d2850.get()Ljava/lang/Object;+4
j  org.gradle.internal.model.StateTransitionController.doTransition(Lorg/gradle/internal/model/StateTransitionController$State;Lorg/gradle/internal/model/StateTransitionController$State;Ljava/util/function/Supplier;)Lorg/gradle/internal/build/ExecutionResult;+24
j  org.gradle.internal.model.StateTransitionController.doTransition(Lorg/gradle/internal/model/StateTransitionController$State;Lorg/gradle/internal/model/StateTransitionController$State;Ljava/lang/Runnable;)V+9
j  org.gradle.internal.model.StateTransitionController.lambda$maybeTransition$9(Lorg/gradle/internal/model/StateTransitionController$State;Lorg/gradle/internal/model/StateTransitionController$State;Ljava/lang/Runnable;)V+16
j  org.gradle.internal.model.StateTransitionController$$Lambda+0x00000243b83d2628.run()V+16
j  org.gradle.internal.work.DefaultSynchronizer.withLock(Ljava/lang/Runnable;)V+6
j  org.gradle.internal.model.StateTransitionController.maybeTransition(Lorg/gradle/internal/model/StateTransitionController$State;Lorg/gradle/internal/model/StateTransitionController$State;Ljava/lang/Runnable;)V+13
j  org.gradle.internal.build.DefaultBuildLifecycleController.prepareToScheduleTasks()V+16
j  org.gradle.internal.buildtree.DefaultBuildTreeWorkPreparer.scheduleRequestedTasks(Lorg/gradle/internal/buildtree/BuildTreeWorkGraph;Lorg/gradle/execution/EntryTaskSelector;)Lorg/gradle/internal/buildtree/BuildTreeWorkGraph$FinalizedGraph;+4
j  org.gradle.internal.cc.impl.VintageBuildTreeWorkController$scheduleAndRunRequestedTasks$1.apply(Lorg/gradle/internal/buildtree/BuildTreeWorkGraph;)Lorg/gradle/internal/build/ExecutionResult;+18
j  org.gradle.internal.cc.impl.VintageBuildTreeWorkController$scheduleAndRunRequestedTasks$1.apply(Ljava/lang/Object;)Ljava/lang/Object;+5
j  org.gradle.composite.internal.DefaultIncludedBuildTaskGraph.withNewWorkGraph(Ljava/util/function/Function;)Ljava/lang/Object;+30
j  org.gradle.internal.cc.impl.VintageBuildTreeWorkController.scheduleAndRunRequestedTasks(Lorg/gradle/execution/EntryTaskSelector;)Lorg/gradle/internal/build/ExecutionResult;+16
j  org.gradle.internal.buildtree.DefaultBuildTreeLifecycleController.lambda$scheduleAndRunTasks$1(Lorg/gradle/execution/EntryTaskSelector;)Lorg/gradle/internal/build/ExecutionResult;+5
j  org.gradle.internal.buildtree.DefaultBuildTreeLifecycleController$$Lambda+0x00000243b83d7560.get()Ljava/lang/Object;+8
j  org.gradle.internal.buildtree.DefaultBuildTreeLifecycleController.lambda$runBuild$4(Ljava/util/function/Supplier;)Ljava/lang/Object;+1
j  org.gradle.internal.buildtree.DefaultBuildTreeLifecycleController$$Lambda+0x00000243b83d7788.get()Ljava/lang/Object;+8
j  org.gradle.internal.model.StateTransitionController.lambda$transition$6(Ljava/util/function/Supplier;)Lorg/gradle/internal/build/ExecutionResult;+1
j  org.gradle.internal.model.StateTransitionController$$Lambda+0x00000243b83d7bd8.get()Ljava/lang/Object;+4
j  org.gradle.internal.model.StateTransitionController.doTransition(Lorg/gradle/internal/model/StateTransitionController$State;Lorg/gradle/internal/model/StateTransitionController$State;Ljava/util/function/Supplier;)Lorg/gradle/internal/build/ExecutionResult;+24
j  org.gradle.internal.model.StateTransitionController.lambda$transition$7(Lorg/gradle/internal/model/StateTransitionController$State;Lorg/gradle/internal/model/StateTransitionController$State;Ljava/util/function/Supplier;)Ljava/lang/Object;+9
j  org.gradle.internal.model.StateTransitionController$$Lambda+0x00000243b83d79b0.create()Ljava/lang/Object;+16
j  org.gradle.internal.work.DefaultSynchronizer.withLock(Lorg/gradle/internal/Factory;)Ljava/lang/Object;+6
j  org.gradle.internal.model.StateTransitionController.transition(Lorg/gradle/internal/model/StateTransitionController$State;Lorg/gradle/internal/model/StateTransitionController$State;Ljava/util/function/Supplier;)Ljava/lang/Object;+13
j  org.gradle.internal.buildtree.DefaultBuildTreeLifecycleController.runBuild(Ljava/util/function/Supplier;)Ljava/lang/Object;+17
j  org.gradle.internal.buildtree.DefaultBuildTreeLifecycleController.scheduleAndRunTasks(Lorg/gradle/execution/EntryTaskSelector;)V+8
j  org.gradle.internal.buildtree.DefaultBuildTreeLifecycleController.scheduleAndRunTasks()V+2
j  org.gradle.tooling.internal.provider.runner.BuildModelActionRunner.run(Lorg/gradle/internal/invocation/BuildAction;Lorg/gradle/internal/buildtree/BuildTreeLifecycleController;)Lorg/gradle/internal/buildtree/BuildActionRunner$Result;+65
j  org.gradle.launcher.exec.ChainingBuildActionRunner.run(Lorg/gradle/internal/invocation/BuildAction;Lorg/gradle/internal/buildtree/BuildTreeLifecycleController;)Lorg/gradle/internal/buildtree/BuildActionRunner$Result;+34
j  org.gradle.internal.buildtree.ProblemReportingBuildActionRunner.run(Lorg/gradle/internal/invocation/BuildAction;Lorg/gradle/internal/buildtree/BuildTreeLifecycleController;)Lorg/gradle/internal/buildtree/BuildActionRunner$Result;+12
j  org.gradle.launcher.exec.BuildOutcomeReportingBuildActionRunner.run(Lorg/gradle/internal/invocation/BuildAction;Lorg/gradle/internal/buildtree/BuildTreeLifecycleController;)Lorg/gradle/internal/buildtree/BuildActionRunner$Result;+69
j  org.gradle.tooling.internal.provider.FileSystemWatchingBuildActionRunner.run(Lorg/gradle/internal/invocation/BuildAction;Lorg/gradle/internal/buildtree/BuildTreeLifecycleController;)Lorg/gradle/internal/buildtree/BuildActionRunner$Result;+317
j  org.gradle.launcher.exec.BuildCompletionNotifyingBuildActionRunner.run(Lorg/gradle/internal/invocation/BuildAction;Lorg/gradle/internal/buildtree/BuildTreeLifecycleController;)Lorg/gradle/internal/buildtree/BuildActionRunner$Result;+6
j  org.gradle.launcher.exec.RootBuildLifecycleBuildActionExecutor.lambda$execute$0(Lorg/gradle/internal/invocation/BuildAction;Lorg/gradle/internal/buildtree/BuildTreeLifecycleController;)Lorg/gradle/internal/buildtree/BuildActionRunner$Result;+6
j  org.gradle.launcher.exec.RootBuildLifecycleBuildActionExecutor$$Lambda+0x00000243b83bf788.apply(Ljava/lang/Object;)Ljava/lang/Object;+12
j  org.gradle.composite.internal.DefaultRootBuildState.run(Ljava/util/function/Function;)Ljava/lang/Object;+87
j  org.gradle.launcher.exec.RootBuildLifecycleBuildActionExecutor.execute(Lorg/gradle/internal/invocation/BuildAction;Lorg/gradle/internal/buildtree/BuildTreeContext;)Lorg/gradle/internal/buildtree/BuildActionRunner$Result;+75
j  org.gradle.internal.buildtree.InitDeprecationLoggingActionExecutor.execute(Lorg/gradle/internal/invocation/BuildAction;Lorg/gradle/internal/buildtree/BuildTreeContext;)Lorg/gradle/internal/buildtree/BuildActionRunner$Result;+83
j  org.gradle.internal.buildtree.InitProblems.execute(Lorg/gradle/internal/invocation/BuildAction;Lorg/gradle/internal/buildtree/BuildTreeContext;)Lorg/gradle/internal/buildtree/BuildActionRunner$Result;+13
j  org.gradle.internal.buildtree.DefaultBuildTreeContext.execute(Lorg/gradle/internal/invocation/BuildAction;)Lorg/gradle/internal/buildtree/BuildActionRunner$Result;+64
j  org.gradle.launcher.exec.BuildTreeLifecycleBuildActionExecutor.lambda$execute$0(Lorg/gradle/internal/invocation/BuildAction;Lorg/gradle/internal/buildtree/BuildTreeContext;)Lorg/gradle/internal/buildtree/BuildActionRunner$Result;+2
j  org.gradle.launcher.exec.BuildTreeLifecycleBuildActionExecutor$$Lambda+0x00000243b82b8430.apply(Ljava/lang/Object;)Ljava/lang/Object;+8
j  org.gradle.internal.buildtree.BuildTreeState.run(Ljava/util/function/Function;)Ljava/lang/Object;+47
j  org.gradle.launcher.exec.BuildTreeLifecycleBuildActionExecutor.execute(Lorg/gradle/internal/invocation/BuildAction;Lorg/gradle/internal/session/BuildSessionContext;)Lorg/gradle/internal/buildtree/BuildActionRunner$Result;+74
j  org.gradle.launcher.exec.RunAsBuildOperationBuildActionExecutor$2.call(Lorg/gradle/internal/operations/BuildOperationContext;)Lorg/gradle/internal/buildtree/BuildActionRunner$Result;+25
j  org.gradle.launcher.exec.RunAsBuildOperationBuildActionExecutor$2.call(Lorg/gradle/internal/operations/BuildOperationContext;)Ljava/lang/Object;+2
j  org.gradle.internal.operations.DefaultBuildOperationRunner$CallableBuildOperationWorker.execute(Lorg/gradle/internal/operations/CallableBuildOperation;Lorg/gradle/internal/operations/BuildOperationContext;)V+3
j  org.gradle.internal.operations.DefaultBuildOperationRunner$CallableBuildOperationWorker.execute(Lorg/gradle/internal/operations/BuildOperation;Lorg/gradle/internal/operations/BuildOperationContext;)V+6
j  org.gradle.internal.operations.DefaultBuildOperationRunner$2.execute(Lorg/gradle/internal/operations/BuildOperationDescriptor;Lorg/gradle/internal/operations/BuildOperationState;Lorg/gradle/internal/operations/BuildOperationState;Lorg/gradle/internal/operations/DefaultBuildOperationRunner$ReadableBuildOperationContext;Lorg/gradle/internal/operations/DefaultBuildOperationRunner$BuildOperationExecutionListener;)Lorg/gradle/internal/operations/BuildOperation;+22
j  org.gradle.internal.operations.DefaultBuildOperationRunner$2.execute(Lorg/gradle/internal/operations/BuildOperationDescriptor;Lorg/gradle/internal/operations/BuildOperationState;Lorg/gradle/internal/operations/BuildOperationState;Lorg/gradle/internal/operations/DefaultBuildOperationRunner$ReadableBuildOperationContext;Lorg/gradle/internal/operations/DefaultBuildOperationRunner$BuildOperationExecutionListener;)Ljava/lang/Object;+8
j  org.gradle.internal.operations.DefaultBuildOperationRunner.execute(Lorg/gradle/internal/operations/BuildOperationDescriptor$Builder;Lorg/gradle/internal/operations/BuildOperationState;Lorg/gradle/internal/operations/DefaultBuildOperationRunner$BuildOperationExecution;)Ljava/lang/Object;+141
j  org.gradle.internal.operations.DefaultBuildOperationRunner.execute(Lorg/gradle/internal/operations/BuildOperation;Lorg/gradle/internal/operations/BuildOperationWorker;Lorg/gradle/internal/operations/BuildOperationState;)V+18
j  org.gradle.internal.operations.DefaultBuildOperationRunner.call(Lorg/gradle/internal/operations/CallableBuildOperation;)Ljava/lang/Object;+16
j  org.gradle.launcher.exec.RunAsBuildOperationBuildActionExecutor.execute(Lorg/gradle/internal/invocation/BuildAction;Lorg/gradle/internal/session/BuildSessionContext;)Lorg/gradle/internal/buildtree/BuildActionRunner$Result;+23
j  org.gradle.launcher.exec.RunAsWorkerThreadBuildActionExecutor.lambda$execute$0(Lorg/gradle/internal/invocation/BuildAction;Lorg/gradle/internal/session/BuildSessionContext;)Lorg/gradle/internal/buildtree/BuildActionRunner$Result;+6
j  org.gradle.launcher.exec.RunAsWorkerThreadBuildActionExecutor$$Lambda+0x00000243b828dbc0.create()Ljava/lang/Object;+12
j  org.gradle.internal.work.DefaultWorkerLeaseService.withLocks(Ljava/util/Collection;Lorg/gradle/internal/Factory;)Ljava/lang/Object;+28
j  org.gradle.internal.work.DefaultWorkerLeaseService.runAsWorkerThread(Lorg/gradle/internal/Factory;)Ljava/lang/Object;+33
j  org.gradle.launcher.exec.RunAsWorkerThreadBuildActionExecutor.execute(Lorg/gradle/internal/invocation/BuildAction;Lorg/gradle/internal/session/BuildSessionContext;)Lorg/gradle/internal/buildtree/BuildActionRunner$Result;+12
j  org.gradle.tooling.internal.provider.continuous.ContinuousBuildActionExecutor.execute(Lorg/gradle/internal/invocation/BuildAction;Lorg/gradle/internal/session/BuildSessionContext;)Lorg/gradle/internal/buildtree/BuildActionRunner$Result;+58
j  org.gradle.tooling.internal.provider.SubscribableBuildActionExecutor.execute(Lorg/gradle/internal/invocation/BuildAction;Lorg/gradle/internal/session/BuildSessionContext;)Lorg/gradle/internal/buildtree/BuildActionRunner$Result;+30
j  org.gradle.internal.session.DefaultBuildSessionContext.execute(Lorg/gradle/internal/invocation/BuildAction;)Lorg/gradle/internal/buildtree/BuildActionRunner$Result;+64
j  org.gradle.internal.buildprocess.execution.BuildSessionLifecycleBuildActionExecutor$ActionImpl.apply(Lorg/gradle/internal/session/BuildSessionContext;)Lorg/gradle/launcher/exec/BuildActionResult;+6
j  org.gradle.internal.buildprocess.execution.BuildSessionLifecycleBuildActionExecutor$ActionImpl.apply(Ljava/lang/Object;)Ljava/lang/Object;+5
j  org.gradle.internal.session.BuildSessionState.run(Ljava/util/function/Function;)Ljava/lang/Object;+5
j  org.gradle.internal.buildprocess.execution.BuildSessionLifecycleBuildActionExecutor.execute(Lorg/gradle/internal/invocation/BuildAction;Lorg/gradle/launcher/exec/BuildActionParameters;Lorg/gradle/initialization/BuildRequestContext;)Lorg/gradle/launcher/exec/BuildActionResult;+95
j  org.gradle.internal.buildprocess.execution.BuildSessionLifecycleBuildActionExecutor.execute(Lorg/gradle/internal/invocation/BuildAction;Ljava/lang/Object;Ljava/lang/Object;)Lorg/gradle/launcher/exec/BuildActionResult;+10
j  org.gradle.internal.buildprocess.execution.StartParamsValidatingActionExecutor.execute(Lorg/gradle/internal/invocation/BuildAction;Lorg/gradle/launcher/exec/BuildActionParameters;Lorg/gradle/initialization/BuildRequestContext;)Lorg/gradle/launcher/exec/BuildActionResult;+203
j  org.gradle.internal.buildprocess.execution.StartParamsValidatingActionExecutor.execute(Lorg/gradle/internal/invocation/BuildAction;Ljava/lang/Object;Ljava/lang/Object;)Lorg/gradle/launcher/exec/BuildActionResult;+10
j  org.gradle.internal.buildprocess.execution.SessionFailureReportingActionExecutor.execute(Lorg/gradle/internal/invocation/BuildAction;Lorg/gradle/launcher/exec/BuildActionParameters;Lorg/gradle/initialization/BuildRequestContext;)Lorg/gradle/launcher/exec/BuildActionResult;+7
j  org.gradle.internal.buildprocess.execution.SessionFailureReportingActionExecutor.execute(Lorg/gradle/internal/invocation/BuildAction;Ljava/lang/Object;Ljava/lang/Object;)Lorg/gradle/launcher/exec/BuildActionResult;+10
j  org.gradle.internal.buildprocess.execution.SetupLoggingActionExecutor.execute(Lorg/gradle/internal/invocation/BuildAction;Lorg/gradle/launcher/exec/BuildActionParameters;Lorg/gradle/initialization/BuildRequestContext;)Lorg/gradle/launcher/exec/BuildActionResult;+50
j  org.gradle.internal.buildprocess.execution.SetupLoggingActionExecutor.execute(Lorg/gradle/internal/invocation/BuildAction;Ljava/lang/Object;Ljava/lang/Object;)Lorg/gradle/launcher/exec/BuildActionResult;+10
j  org.gradle.launcher.daemon.server.exec.ExecuteBuild.doBuild(Lorg/gradle/launcher/daemon/server/api/DaemonCommandExecution;Lorg/gradle/launcher/daemon/protocol/Build;)V+147
j  org.gradle.launcher.daemon.server.exec.BuildCommandOnly.execute(Lorg/gradle/launcher/daemon/server/api/DaemonCommandExecution;)V+49
j  org.gradle.launcher.daemon.server.api.DaemonCommandExecution.proceed()Z+23
j  org.gradle.launcher.daemon.server.exec.WatchForDisconnection.execute(Lorg/gradle/launcher/daemon/server/api/DaemonCommandExecution;)V+19
j  org.gradle.launcher.daemon.server.api.DaemonCommandExecution.proceed()Z+23
j  org.gradle.launcher.daemon.server.exec.ResetDeprecationLogger.execute(Lorg/gradle/launcher/daemon/server/api/DaemonCommandExecution;)V+7
j  org.gradle.launcher.daemon.server.api.DaemonCommandExecution.proceed()Z+23
j  org.gradle.launcher.daemon.server.exec.RequestStopIfSingleUsedDaemon.execute(Lorg/gradle/launcher/daemon/server/api/DaemonCommandExecution;)V+33
j  org.gradle.launcher.daemon.server.api.DaemonCommandExecution.proceed()Z+23
j  org.gradle.launcher.daemon.server.exec.ForwardClientInput.lambda$execute$0(Lorg/gradle/launcher/daemon/server/api/DaemonCommandExecution;Lorg/gradle/internal/daemon/clientinput/StdinHandler;)Ljava/lang/Object;+11
j  org.gradle.launcher.daemon.server.exec.ForwardClientInput$$Lambda+0x00000243b8194000.apply(Ljava/lang/Object;)Ljava/lang/Object;+8
j  org.gradle.internal.daemon.clientinput.ClientInputForwarder.forwardInput(Ljava/util/function/Function;)Ljava/lang/Object;+46
j  org.gradle.launcher.daemon.server.exec.ForwardClientInput.execute(Lorg/gradle/launcher/daemon/server/api/DaemonCommandExecution;)V+10
j  org.gradle.launcher.daemon.server.api.DaemonCommandExecution.proceed()Z+23
j  org.gradle.launcher.daemon.server.exec.LogAndCheckHealth.execute(Lorg/gradle/launcher/daemon/server/api/DaemonCommandExecution;)V+51
j  org.gradle.launcher.daemon.server.api.DaemonCommandExecution.proceed()Z+23
j  org.gradle.launcher.daemon.server.exec.LogToClient.doBuild(Lorg/gradle/launcher/daemon/server/api/DaemonCommandExecution;Lorg/gradle/launcher/daemon/protocol/Build;)V+87
j  org.gradle.launcher.daemon.server.exec.BuildCommandOnly.execute(Lorg/gradle/launcher/daemon/server/api/DaemonCommandExecution;)V+49
j  org.gradle.launcher.daemon.server.api.DaemonCommandExecution.proceed()Z+23
j  org.gradle.launcher.daemon.server.exec.EstablishBuildEnvironment.doBuild(Lorg/gradle/launcher/daemon/server/api/DaemonCommandExecution;Lorg/gradle/launcher/daemon/protocol/Build;)V+356
j  org.gradle.launcher.daemon.server.exec.BuildCommandOnly.execute(Lorg/gradle/launcher/daemon/server/api/DaemonCommandExecution;)V+49
j  org.gradle.launcher.daemon.server.api.DaemonCommandExecution.proceed()Z+23
j  org.gradle.launcher.daemon.server.exec.StartBuildOrRespondWithBusy$1.run()V+44
j  org.gradle.launcher.daemon.server.DaemonStateCoordinator.lambda$runCommand$0(Ljava/lang/Runnable;)V+1
j  org.gradle.launcher.daemon.server.DaemonStateCoordinator$$Lambda+0x00000243b818e800.run()V+8
j  org.gradle.internal.concurrent.ExecutorPolicy$CatchAndRecordFailures.onExecute(Ljava/lang/Runnable;)V+1
j  org.gradle.internal.concurrent.AbstractManagedExecutor$1.run()V+25
j  java.util.concurrent.ThreadPoolExecutor.runWorker(Ljava/util/concurrent/ThreadPoolExecutor$Worker;)V+92 java.base@21.0.12.1
j  java.util.concurrent.ThreadPoolExecutor$Worker.run()V+5 java.base@21.0.12.1
j  java.lang.Thread.runWith(Ljava/lang/Object;Ljava/lang/Runnable;)V+5 java.base@21.0.12.1
j  java.lang.Thread.run()V+19 java.base@21.0.12.1
v  ~StubRoutines::call_stub 0x00000243991110e7
invokestatic  184 invokestatic  [0x0000024399129900, 0x0000024399129bc8]  712 bytes
[MachCode]
  0x0000024399129900: 4883 ec08 | c5fa 1104 | 24eb 1f48 | 83ec 10c5 | fb11 0424 | eb14 4883 | ec10 4889 | 0424 48c7 
  0x0000024399129920: 4424 0800 | 0000 00eb | 0150 4c89 | 6dc0 410f | b755 0148 | 8b4d d0c1 | e202 8b5c | d138 c1eb 
  0x0000024399129940: 1081 e3ff | 0000 0081 | fbb8 0000 | 000f 84b4 | 0000 00bb | b800 0000 | e805 0000 | 00e9 9900 
  0x0000024399129960: 0000 488b | d348 8d44 | 2408 4c89 | 6dc0 498b | cfc5 f877 | 4989 afb0 | 0300 0049 | 8987 a003 
  0x0000024399129980: 0000 4883 | ec20 40f6 | c40f 0f84 | 1900 0000 | 4883 ec08 | 48b8 6006 | dc26 fd7f | 0000 ffd0 
  0x00000243991299a0: 4883 c408 | e90c 0000 | 0048 b860 | 06dc 26fd | 7f00 00ff | d048 83c4 | 2049 c787 | a003 0000 
  0x00000243991299c0: 0000 0000 | 49c7 87b0 | 0300 0000 | 0000 0049 | c787 a803 | 0000 0000 | 0000 c5f8 | 7749 837f 
  0x00000243991299e0: 0800 0f84 | 0500 0000 | e913 75fe | ff4c 8b6d | c04c 8b75 | c84e 8d74 | f500 c341 | 0fb7 5501 
  0x0000024399129a00: 488b 4dd0 | c1e2 0248 | 8b5c d140 | 488b 5b08 | 488b 5b08 | 488b 5b18 | 80bb 3101 | 0000 040f 
  0x0000024399129a20: 840d 0000 | 004c 3bbb | 3801 0000 | 0f85 21ff | ffff 488b | 5cd1 408b | 54d1 50c1 | ea1c 49ba 
  0x0000024399129a40: 60f4 6a27 | fd7f 0000 | 498b 14d2 | 5248 8b45 | d848 85c0 | 0f84 1200 | 0000 4883 | 4008 0148 
  0x0000024399129a60: 8358 0800 | 4883 c010 | 4889 45d8 | 488b 45d8 | 4885 c00f | 843d 0100 | 0080 78f0 | 0a0f 8533 
  0x0000024399129a80: 0100 0048 | 83c0 084c | 8b68 f841 | 83ed 0041 | 83fd 020f | 8c12 0100 | 004c 8b6b | 0845 0fb7 
  0x0000024399129aa0: 6d2e 4c2b | 2841 83ed | 014e 8b6c | ec08 4d85 | ed75 0ef6 | 4008 0175 | 58f0 4883 | 4808 01eb 
  0x0000024399129ac0: 5045 8b6d | 0849 ba00 | 0000 b743 | 0200 004d | 03ea 4d8b | d54c 3368 | 0849 f7c5 | fcff ffff 
  0x0000024399129ae0: 742f 41f6 | c502 7529 | 4883 7808 | 0074 1e48 | 8378 0801 | 7417 4d8b | ea4c 3368 | 0849 f7c5 
  0x0000024399129b00: fcff ffff | 740b 4883 | 4808 02eb | 044c 8968 | 0848 83c0 | 104c 8b68 | e841 83ed | 0241 83fd 
  0x0000024399129b20: 020f 8c84 | 0000 004c | 8b6b 0845 | 0fb7 6d2e | 4c2b 2841 | 83ed 014e | 8b6c ec08 | 4d85 ed75 
  0x0000024399129b40: 0ef6 4008 | 0175 58f0 | 4883 4808 | 01eb 5045 | 8b6d 0849 | ba00 0000 | b743 0200 | 004d 03ea 
  0x0000024399129b60: 4d8b d54c | 3368 0849 | f7c5 fcff | ffff 742f | 41f6 c502 | 7529 4883 | 7808 0074 | 1e48 8378 
  0x0000024399129b80: 0801 7417 | 4d8b ea4c | 3368 0849 | f7c5 fcff | ffff 740b | 4883 4808 | 02eb 044c | 8968 0848 
  0x0000024399129ba0: 83c0 104c | 8b68 d841 | 83ed 0441 | c1e5 0349 | 03c5 4889 | 45d8 4c8d | 6c24 084c | 896d f0ff 
  0x0000024399129bc0: 6350 660f | 1f44 0000 
[/MachCode]

Compiled method (c2) 335497 5319       4       java.lang.invoke.DirectMethodHandle$Holder::invokeSpecial (15 bytes)
 total in heap  [0x000002439995cc90,0x000002439995cfe0] = 848
 relocation     [0x000002439995cdf0,0x000002439995ce20] = 48
 main code      [0x000002439995ce20,0x000002439995cee8] = 200
 stub code      [0x000002439995cee8,0x000002439995cf10] = 40
 metadata       [0x000002439995cf10,0x000002439995cf28] = 24
 scopes data    [0x000002439995cf28,0x000002439995cf60] = 56
 scopes pcs     [0x000002439995cf60,0x000002439995cfb0] = 80
 dependencies   [0x000002439995cfb0,0x000002439995cfb8] = 8
 handler table  [0x000002439995cfb8,0x000002439995cfd0] = 24
 nul chk table  [0x000002439995cfd0,0x000002439995cfe0] = 16

[Constant Pool (empty)]

[MachCode]
[Verified Entry Point]
  # {method} {0x00000243b70b3660} 'invokeSpecial' '(Ljava/lang/Object;Ljava/lang/Object;Ljava/lang/Object;)Ljava/lang/Object;' in 'java/lang/invoke/DirectMethodHandle$Holder'
  # parm0:    rdx:rdx   = 'java/lang/Object'
  # parm1:    r8:r8     = 'java/lang/Object'
  # parm2:    r9:r9     = 'java/lang/Object'
  #           [sp+0x30]  (sp of caller)
  0x000002439995ce20: 8984 2400 | 80ff ff55 | 4883 ec20 | 4181 7f20 | 0f00 0000 | 0f85 a000 | 0000 4d8b | d144 8b4a 
  0x000002439995ce40: ;   {metadata('java/lang/invoke/DirectMethodHandle')}
  0x000002439995ce40: 0841 81f9 | 98e6 0900 | 7531 448b | 4a20 49c1 | e103 498b | d04d 8bc2 

  0x000002439995ce58: ;   {static_call}
  0x000002439995ce58: 6666 90e8 

  0x000002439995ce5c: ; ImmutableOopMap {}
                      ;*invokestatic linkToSpecial {reexecute=0 rethrow=0 return_oop=1}
                      ; - java.lang.invoke.DirectMethodHandle$Holder::invokeSpecial@11
  0x000002439995ce5c: a06c d5ff 

  0x000002439995ce60: ;   {other}
  0x000002439995ce60: 0f1f 8400 | d001 0000 | 4883 c420 

  0x000002439995ce6c: ;   {poll_return}
  0x000002439995ce6c: 5d49 3ba7 | 5004 0000 | 0f87 4a00 | 0000 c349 | 8be8 4c89 | 1424 4889 | 5424 08ba | 66ff ffff 
  0x000002439995ce8c: ;   {runtime_call UncommonTrapBlob}
  0x000002439995ce8c: 6666 90e8 

  0x000002439995ce90: ; ImmutableOopMap {rbp=Oop [0]=Oop [8]=Oop }
                      ;*checkcast {reexecute=0 rethrow=0 return_oop=0}
                      ; - java.lang.invoke.DirectMethodHandle::internalMemberName@1
                      ; - java.lang.invoke.DirectMethodHandle$Holder::invokeSpecial@1
  0x000002439995ce90: 6cac 80ff 

  0x000002439995ce94: ;   {other}
  0x000002439995ce94: 0f1f 8400 | 0402 0001 | 488b d048 | 83c4 205d 

  0x000002439995cea4: ;   {runtime_call _rethrow_Java}
  0x000002439995cea4: e9d7 8184 | ffba 5cff | ffff 498b | e84c 8914 

  0x000002439995ceb4: ;   {runtime_call UncommonTrapBlob}
  0x000002439995ceb4: 2466 90e8 

  0x000002439995ceb8: ; ImmutableOopMap {rbp=Oop [0]=Oop }
                      ;*checkcast {reexecute=0 rethrow=0 return_oop=0}
                      ; - java.lang.invoke.DirectMethodHandle::internalMemberName@1
                      ; - java.lang.invoke.DirectMethodHandle$Holder::invokeSpecial@1
  0x000002439995ceb8: 44ac 80ff 

  0x000002439995cebc: ;   {other}
  0x000002439995cebc: 0f1f 8400 | 2c02 0002 

  0x000002439995cec4: ;   {internal_word}
  0x000002439995cec4: 49ba 6dce | 9599 4302 | 0000 4d89 | 9768 0400 

  0x000002439995ced4: ;   {runtime_call SafepointBlob}
  0x000002439995ced4: 00e9 a69a 

  0x000002439995ced8: ;   {runtime_call StubRoutines (final stubs)}
  0x000002439995ced8: 80ff e801 | b47e ffe9 | 56ff ffff | f4f4 f4f4 
[Stub Code]
  0x000002439995cee8: ;   {no_reloc}
  0x000002439995cee8: 48bb 0000 | 0000 0000 

  0x000002439995cef0: ;   {runtime_call nmethod}
  0x000002439995cef0: 0000 e9fb 

  0x000002439995cef4: ;   {runtime_call ExceptionBlob}
  0x000002439995cef4: ffff ffe9 | 04fe 83ff 
[Deopt Handler Code]
  0x000002439995cefc: e800 0000 | 0048 832c 

  0x000002439995cf04: ;   {runtime_call DeoptimizationBlob}
  0x000002439995cf04: 2405 e915 | af80 fff4 | f4f4 f4f4 
[/MachCode]


Compiled method (c1) 335526 5402       3       java.lang.invoke.LambdaForm$MH/0x00000243b803c400::invoke (56 bytes)
 total in heap  [0x0000024389d00f10,0x0000024389d01c38] = 3368
 relocation     [0x0000024389d01070,0x0000024389d01110] = 160
 main code      [0x0000024389d01120,0x0000024389d01a28] = 2312
 stub code      [0x0000024389d01a28,0x0000024389d01a88] = 96
 oops           [0x0000024389d01a88,0x0000024389d01a90] = 8
 metadata       [0x0000024389d01a90,0x0000024389d01a98] = 8
 scopes data    [0x0000024389d01a98,0x0000024389d01b28] = 144
 scopes pcs     [0x0000024389d01b28,0x0000024389d01c08] = 224
 dependencies   [0x0000024389d01c08,0x0000024389d01c10] = 8
 nul chk table  [0x0000024389d01c10,0x0000024389d01c38] = 40

[Constant Pool (empty)]

[MachCode]
[Verified Entry Point]
  # {method} {0x00000243f84fcae8} 'invoke' '(Ljava/lang/Object;Ljava/lang/Object;Ljava/lang/Object;)Ljava/lang/Object;' in 'java/lang/invoke/LambdaForm$MH+0x00000243b803c400'
  # parm0:    rdx:rdx   = 'java/lang/Object'
  # parm1:    r8:r8     = 'java/lang/Object'
  # parm2:    r9:r9     = 'java/lang/Object'
  #           [sp+0x50]  (sp of caller)
  0x0000024389d01120: 8984 2400 | 80ff ff55 | 4883 ec40 | 4181 7f20 | 0f00 0000 

  0x0000024389d01134: ;   {runtime_call StubRoutines (final stubs)}
  0x0000024389d01134: 7405 e8a5 

  0x0000024389d01138: ;   {metadata(method data for {method} {0x00000243f84fcae8} 'invoke' '(Ljava/lang/Object;Ljava/lang/Object;Ljava/lang/Object;)Ljava/lang/Object;' in 'java/lang/invoke/LambdaForm$MH+0x00000243b803c400')}
  0x0000024389d01138: 7144 0f48 | be00 a078 | fa43 0200 | 0048 8db6 | 7003 0000 | 4885 d275 | 0cf6 0601 | 754d f048 
  0x0000024389d01158: 830e 01eb | 468b 7a08 | 49ba 0000 | 00b7 4302 | 0000 4903 | fa4c 8bd7 | 4833 3e48 | f7c7 fcff 
  0x0000024389d01178: ffff 7427 | 40f6 c702 | 7521 48f7 | 06fe ffff | ff74 1549 | 8bfa 4833 | 3e48 f7c7 | fcff ffff 
  0x0000024389d01198: 7409 4883 | 0e02 eb03 | 4889 3e4d | 85c0 750e | f646 1001 | 7554 f048 | 834e 1001 | eb4c 418b 
  0x0000024389d011b8: 7808 49ba | 0000 00b7 | 4302 0000 | 4903 fa4c | 8bd7 4833 | 7e10 48f7 | c7fc ffff | ff74 2b40 
  0x0000024389d011d8: f6c7 0275 | 2548 f746 | 10fe ffff | ff74 1749 | 8bfa 4833 | 7e10 48f7 | c7fc ffff | ff74 0b48 
  0x0000024389d011f8: 834e 1002 | eb04 4889 

  0x0000024389d01200: ;   {metadata(method data for {method} {0x00000243f84fcae8} 'invoke' '(Ljava/lang/Object;Ljava/lang/Object;Ljava/lang/Object;)Ljava/lang/Object;' in 'java/lang/invoke/LambdaForm$MH+0x00000243b803c400')}
  0x0000024389d01200: 7e10 48be | 00a0 78fa | 4302 0000 | 8bbe cc00 | 0000 83c7 | 0289 becc | 0000 0081 | e7fe 0700 
  0x0000024389d01220: 0085 ff0f | 8466 0700 | 004c 8944 | 2428 4885 

  0x0000024389d01230: ;   {metadata(method data for {method} {0x00000243f84fcae8} 'invoke' '(Ljava/lang/Object;Ljava/lang/Object;Ljava/lang/Object;)Ljava/lang/Object;' in 'java/lang/invoke/LambdaForm$MH+0x00000243b803c400')}
  0x0000024389d01230: d275 1648 | bf00 a078 | fa43 0200 | 0080 8f09 | 0100 0001 | e9cc 0000 

  0x0000024389d01248: ;   {metadata('java/lang/invoke/BoundMethodHandle$Species_LLL')}
  0x0000024389d01248: 0048 bb60 | 3523 b743 | 0200 008b | 7208 49ba | 0000 00b7 | 4302 0000 | 4903 f248 | 3bde 0f85 
  0x0000024389d01268: 8d00 0000 

  0x0000024389d0126c: ;   {metadata(method data for {method} {0x00000243f84fcae8} 'invoke' '(Ljava/lang/Object;Ljava/lang/Object;Ljava/lang/Object;)Ljava/lang/Object;' in 'java/lang/invoke/LambdaForm$MH+0x00000243b803c400')}
  0x0000024389d0126c: 48bf 00a0 | 78fa 4302 | 0000 8b5a | 0849 ba00 | 0000 b743 | 0200 0049 | 03da 483b | 9f20 0100 
  0x0000024389d0128c: 0075 0d48 | 8387 2801 | 0000 01e9 | 7900 0000 | 483b 9f30 | 0100 0075 | 0d48 8387 | 3801 0000 
  0x0000024389d012ac: 01e9 6300 | 0000 4883 | bf20 0100 | 0000 7517 | 4889 9f20 | 0100 0048 | c787 2801 | 0000 0100 
  0x0000024389d012cc: 0000 e942 | 0000 0048 | 83bf 3001 | 0000 0075 | 1748 899f | 3001 0000 | 48c7 8738 | 0100 0001 
  0x0000024389d012ec: 0000 00e9 | 2100 0000 | e91c 0000 

  0x0000024389d012f8: ;   {metadata(method data for {method} {0x00000243f84fcae8} 'invoke' '(Ljava/lang/Object;Ljava/lang/Object;Ljava/lang/Object;)Ljava/lang/Object;' in 'java/lang/invoke/LambdaForm$MH+0x00000243b803c400')}
  0x0000024389d012f8: 0048 bf00 | a078 fa43 | 0200 0048 | 83af 1001 | 0000 01e9 | a006 0000 | e900 0000 | 0048 8bf2 
  0x0000024389d01318: 4889 7424 | 208b 5628 | 48c1 e203 | 4885 d275 

  0x0000024389d01328: ;   {metadata(method data for {method} {0x00000243f84fcae8} 'invoke' '(Ljava/lang/Object;Ljava/lang/Object;Ljava/lang/Object;)Ljava/lang/Object;' in 'java/lang/invoke/LambdaForm$MH+0x00000243b803c400')}
  0x0000024389d01328: 1648 bb00 | a078 fa43 | 0200 0080 | 8b41 0100 | 0001 e9cd 

  0x0000024389d0133c: ;   {metadata('java/lang/invoke/MethodHandle')}
  0x0000024389d0133c: 0000 0048 | b808 e405 | b743 0200 | 008b 5a08 | 49ba 0000 | 00b7 4302 | 0000 4903 | da48 3b43 
  0x0000024389d0135c: 380f 858d 

  0x0000024389d01360: ;   {metadata(method data for {method} {0x00000243f84fcae8} 'invoke' '(Ljava/lang/Object;Ljava/lang/Object;Ljava/lang/Object;)Ljava/lang/Object;' in 'java/lang/invoke/LambdaForm$MH+0x00000243b803c400')}
  0x0000024389d01360: 0000 0048 | bb00 a078 | fa43 0200 | 008b 4208 | 49ba 0000 | 00b7 4302 | 0000 4903 | c248 3b83 
  0x0000024389d01380: 5801 0000 | 750d 4883 | 8360 0100 | 0001 e979 | 0000 0048 | 3b83 6801 | 0000 750d | 4883 8370 
  0x0000024389d013a0: 0100 0001 | e963 0000 | 0048 83bb | 5801 0000 | 0075 1748 | 8983 5801 | 0000 48c7 | 8360 0100 
  0x0000024389d013c0: 0001 0000 | 00e9 4200 | 0000 4883 | bb68 0100 | 0000 7517 | 4889 8368 | 0100 0048 | c783 7001 
  0x0000024389d013e0: 0000 0100 | 0000 e921 | 0000 00e9 | 1c00 0000 

  0x0000024389d013f0: ;   {metadata(method data for {method} {0x00000243f84fcae8} 'invoke' '(Ljava/lang/Object;Ljava/lang/Object;Ljava/lang/Object;)Ljava/lang/Object;' in 'java/lang/invoke/LambdaForm$MH+0x00000243b803c400')}
  0x0000024389d013f0: 48bb 00a0 | 78fa 4302 | 0000 4883 | ab48 0100 | 0001 e9b7 | 0500 00e9 | 0000 0000 

  0x0000024389d0140c: ; implicit exception: dispatches to 0x0000024389d019c7
                      ;   {metadata(method data for {method} {0x00000243f84fcae8} 'invoke' '(Ljava/lang/Object;Ljava/lang/Object;Ljava/lang/Object;)Ljava/lang/Object;' in 'java/lang/invoke/LambdaForm$MH+0x00000243b803c400')}
  0x0000024389d0140c: 483b 0248 | bf00 a078 | fa43 0200 | 0048 8dbf | b801 0000 | 4d85 c975 | 0ef6 4708 | 0175 53f0 
  0x0000024389d0142c: 4883 4f08 | 01eb 4b41 | 8b59 0849 | ba00 0000 | b743 0200 | 0049 03da | 4c8b d348 | 335f 0848 
  0x0000024389d0144c: f7c3 fcff | ffff 742a | f6c3 0275 | 2548 f747 | 08fe ffff | ff74 1749 | 8bda 4833 | 5f08 48f7 
  0x0000024389d0146c: c3fc ffff | ff74 0b48 | 834f 0802 | eb04 4889 | 5f08 488b 

  0x0000024389d01480: ;   {metadata(method data for {method} {0x00000243f84fcae8} 'invoke' '(Ljava/lang/Object;Ljava/lang/Object;Ljava/lang/Object;)Ljava/lang/Object;' in 'java/lang/invoke/LambdaForm$MH+0x00000243b803c400')}
  0x0000024389d01480: fa48 bb00 | a078 fa43 | 0200 0048 | 8383 8001 | 0000 014d 

  0x0000024389d01494: ;   {optimized virtual_call}
  0x0000024389d01494: 8bc1 90e8 

  0x0000024389d01498: ; ImmutableOopMap {[32]=Oop [40]=Oop }
                      ;*invokevirtual invokeBasic {reexecute=0 rethrow=0 return_oop=0}
                      ; - java.lang.invoke.LambdaForm$MH/0x00000243b803c400::invoke@15
  0x0000024389d01498: 6423 9b0f 

  0x0000024389d0149c: ;   {other}
  0x0000024389d0149c: 0f1f 8400 | 8c05 0000 

  0x0000024389d014a4: ;   {metadata(method data for {method} {0x00000243f84fcae8} 'invoke' '(Ljava/lang/Object;Ljava/lang/Object;Ljava/lang/Object;)Ljava/lang/Object;' in 'java/lang/invoke/LambdaForm$MH+0x00000243b803c400')}
  0x0000024389d014a4: 49b8 00a0 | 78fa 4302 | 0000 4d8d | 80c8 0100 | 0048 85c0 | 750d 41f6 | 0001 754c | f049 8308 
  0x0000024389d014c4: 01eb 458b | 5008 49ba | 0000 00b7 | 4302 0000 | 4903 d24c | 8bd2 4933 | 1048 f7c2 | fcff ffff 
  0x0000024389d014e4: 7426 f6c2 | 0275 2149 | f700 feff | ffff 7415 | 498b d249 | 3310 48f7 | c2fc ffff | ff74 0949 
  0x0000024389d01504: 8308 02eb | 0349 8910 | 488b 7424 | 2044 8b46 | 2449 c1e0 | 034d 85c0 

  0x0000024389d0151c: ;   {metadata(method data for {method} {0x00000243f84fcae8} 'invoke' '(Ljava/lang/Object;Ljava/lang/Object;Ljava/lang/Object;)Ljava/lang/Object;' in 'java/lang/invoke/LambdaForm$MH+0x00000243b803c400')}
  0x0000024389d0151c: 7516 48bf | 00a0 78fa | 4302 0000 | 808f d101 | 0000 01e9 | cf00 0000 

  0x0000024389d01534: ;   {metadata('java/lang/invoke/MethodHandle')}
  0x0000024389d01534: 48bb 08e4 | 05b7 4302 | 0000 418b | 7808 49ba | 0000 00b7 | 4302 0000 | 4903 fa48 | 3b5f 380f 
  0x0000024389d01554: 858e 0000 

  0x0000024389d01558: ;   {metadata(method data for {method} {0x00000243f84fcae8} 'invoke' '(Ljava/lang/Object;Ljava/lang/Object;Ljava/lang/Object;)Ljava/lang/Object;' in 'java/lang/invoke/LambdaForm$MH+0x00000243b803c400')}
  0x0000024389d01558: 0048 bf00 | a078 fa43 | 0200 0041 | 8b58 0849 | ba00 0000 | b743 0200 | 0049 03da | 483b 9fe8 
  0x0000024389d01578: 0100 0075 | 0d48 8387 | f001 0000 | 01e9 7900 | 0000 483b | 9ff8 0100 | 0075 0d48 | 8387 0002 
  0x0000024389d01598: 0000 01e9 | 6300 0000 | 4883 bfe8 | 0100 0000 | 7517 4889 | 9fe8 0100 | 0048 c787 | f001 0000 
  0x0000024389d015b8: 0100 0000 | e942 0000 | 0048 83bf | f801 0000 | 0075 1748 | 899f f801 | 0000 48c7 | 8700 0200 
  0x0000024389d015d8: 0001 0000 | 00e9 2100 | 0000 e91c 

  0x0000024389d015e4: ;   {metadata(method data for {method} {0x00000243f84fcae8} 'invoke' '(Ljava/lang/Object;Ljava/lang/Object;Ljava/lang/Object;)Ljava/lang/Object;' in 'java/lang/invoke/LambdaForm$MH+0x00000243b803c400')}
  0x0000024389d015e4: 0000 0048 | bf00 a078 | fa43 0200 | 0048 83af | d801 0000 | 01e9 ce03 | 0000 e900 | 0000 0049 
  0x0000024389d01604: 8bd0 483b 

  0x0000024389d01608: ;   {metadata(method data for {method} {0x00000243f84fcae8} 'invoke' '(Ljava/lang/Object;Ljava/lang/Object;Ljava/lang/Object;)Ljava/lang/Object;' in 'java/lang/invoke/LambdaForm$MH+0x00000243b803c400')}
  0x0000024389d01608: 0249 b800 | a078 fa43 | 0200 004d | 8d80 4802 | 0000 488b | 7c24 2848 | 85ff 750f | 41f6 4008 
  0x0000024389d01628: 0175 52f0 | 4983 4808 | 01eb 4a8b | 5f08 49ba | 0000 00b7 | 4302 0000 | 4903 da4c | 8bd3 4933 
  0x0000024389d01648: 5808 48f7 | c3fc ffff | ff74 2af6 | c302 7525 | 49f7 4008 | feff ffff | 7417 498b | da49 3358 
  0x0000024389d01668: 0848 f7c3 | fcff ffff | 740b 4983 | 4808 02eb | 0449 8958 | 084c 8bc2 

  0x0000024389d01680: ;   {metadata(method data for {method} {0x00000243f84fcae8} 'invoke' '(Ljava/lang/Object;Ljava/lang/Object;Ljava/lang/Object;)Ljava/lang/Object;' in 'java/lang/invoke/LambdaForm$MH+0x00000243b803c400')}
  0x0000024389d01680: 48bb 00a0 | 78fa 4302 | 0000 4883 | 8310 0200 | 0001 4c8b | c748 8944 | 2430 0f1f 

  0x0000024389d0169c: ;   {optimized virtual_call}
  0x0000024389d0169c: 4400 00e8 

  0x0000024389d016a0: ; ImmutableOopMap {[32]=Oop [48]=Oop }
                      ;*invokevirtual invokeBasic {reexecute=0 rethrow=0 return_oop=0}
                      ; - java.lang.invoke.LambdaForm$MH/0x00000243b803c400::invoke@32
  0x0000024389d016a0: 5c21 9b0f 

  0x0000024389d016a4: ;   {other}
  0x0000024389d016a4: 0f1f 8400 | 9407 0001 

  0x0000024389d016ac: ;   {metadata(method data for {method} {0x00000243f84fcae8} 'invoke' '(Ljava/lang/Object;Ljava/lang/Object;Ljava/lang/Object;)Ljava/lang/Object;' in 'java/lang/invoke/LambdaForm$MH+0x00000243b803c400')}
  0x0000024389d016ac: 49b8 00a0 | 78fa 4302 | 0000 4d8d | 8058 0200 | 0048 85c0 | 750d 41f6 | 0001 754e | f049 8308 
  0x0000024389d016cc: 01eb 4744 | 8b48 0849 | ba00 0000 | b743 0200 | 004d 03ca | 4d8b d14d | 3308 49f7 | c1fc ffff 
  0x0000024389d016ec: ff74 2741 | f6c1 0275 | 2149 f700 | feff ffff | 7415 4d8b | ca4d 3308 | 49f7 c1fc | ffff ff74 
  0x0000024389d0170c: 0949 8308 | 02eb 034d | 8908 488b | 7424 2044 | 8b46 2049 | c1e0 034d | 85c0 7517 

  0x0000024389d01728: ;   {metadata(method data for {method} {0x00000243f84fcae8} 'invoke' '(Ljava/lang/Object;Ljava/lang/Object;Ljava/lang/Object;)Ljava/lang/Object;' in 'java/lang/invoke/LambdaForm$MH+0x00000243b803c400')}
  0x0000024389d01728: 49b9 00a0 | 78fa 4302 | 0000 4180 | 8961 0200 | 0001 e9cf 

  0x0000024389d0173c: ;   {metadata('java/lang/invoke/MethodHandle')}
  0x0000024389d0173c: 0000 0048 | be08 e405 | b743 0200 | 0045 8b48 | 0849 ba00 | 0000 b743 | 0200 004d | 03ca 493b 
  0x0000024389d0175c: 7138 0f85 | 8e00 0000 

  0x0000024389d01764: ;   {metadata(method data for {method} {0x00000243f84fcae8} 'invoke' '(Ljava/lang/Object;Ljava/lang/Object;Ljava/lang/Object;)Ljava/lang/Object;' in 'java/lang/invoke/LambdaForm$MH+0x00000243b803c400')}
  0x0000024389d01764: 49b9 00a0 | 78fa 4302 | 0000 418b | 7008 49ba | 0000 00b7 | 4302 0000 | 4903 f249 | 3bb1 7802 
  0x0000024389d01784: 0000 750d | 4983 8180 | 0200 0001 | e979 0000 | 0049 3bb1 | 8802 0000 | 750d 4983 | 8190 0200 
  0x0000024389d017a4: 0001 e963 | 0000 0049 | 83b9 7802 | 0000 0075 | 1749 89b1 | 7802 0000 | 49c7 8180 | 0200 0001 
  0x0000024389d017c4: 0000 00e9 | 4200 0000 | 4983 b988 | 0200 0000 | 7517 4989 | b188 0200 | 0049 c781 | 9002 0000 
  0x0000024389d017e4: 0100 0000 | e921 0000 | 00e9 1c00 

  0x0000024389d017f0: ;   {metadata(method data for {method} {0x00000243f84fcae8} 'invoke' '(Ljava/lang/Object;Ljava/lang/Object;Ljava/lang/Object;)Ljava/lang/Object;' in 'java/lang/invoke/LambdaForm$MH+0x00000243b803c400')}
  0x0000024389d017f0: 0000 49b9 | 00a0 78fa | 4302 0000 | 4983 a968 | 0200 0001 | e9d1 0100 | 00e9 0000 | 0000 498b 
  0x0000024389d01810: d048 3b02 

  0x0000024389d01814: ;   {metadata(method data for {method} {0x00000243f84fcae8} 'invoke' '(Ljava/lang/Object;Ljava/lang/Object;Ljava/lang/Object;)Ljava/lang/Object;' in 'java/lang/invoke/LambdaForm$MH+0x00000243b803c400')}
  0x0000024389d01814: 49b8 00a0 | 78fa 4302 | 0000 4d8d | 80d8 0200 | 0048 85c0 | 750f 41f6 | 4008 0175 | 54f0 4983 
  0x0000024389d01834: 4808 01eb | 4c44 8b48 | 0849 ba00 | 0000 b743 | 0200 004d | 03ca 4d8b | d14d 3348 | 0849 f7c1 
  0x0000024389d01854: fcff ffff | 742b 41f6 | c102 7525 | 49f7 4008 | feff ffff | 7417 4d8b | ca4d 3348 | 0849 f7c1 
  0x0000024389d01874: fcff ffff | 740b 4983 | 4808 02eb | 044d 8948 | 084c 8b4c | 2430 4d85 | c975 0f41 | f640 1801 
  0x0000024389d01894: 7554 f049 | 8348 1801 | eb4c 418b | 7108 49ba | 0000 00b7 | 4302 0000 | 4903 f24c | 8bd6 4933 
  0x0000024389d018b4: 7018 48f7 | c6fc ffff | ff74 2b40 | f6c6 0275 | 2549 f740 | 18fe ffff | ff74 1749 | 8bf2 4933 
  0x0000024389d018d4: 7018 48f7 | c6fc ffff | ff74 0b49 | 8348 1802 | eb04 4989 | 7018 4c8b 

  0x0000024389d018ec: ;   {metadata(method data for {method} {0x00000243f84fcae8} 'invoke' '(Ljava/lang/Object;Ljava/lang/Object;Ljava/lang/Object;)Ljava/lang/Object;' in 'java/lang/invoke/LambdaForm$MH+0x00000243b803c400')}
  0x0000024389d018ec: c248 be00 | a078 fa43 | 0200 0048 | 8386 a002 | 0000 014c | 8bc0 0f1f 

  0x0000024389d01904: ;   {optimized virtual_call}
  0x0000024389d01904: 4400 00e8 

  0x0000024389d01908: ; ImmutableOopMap {}
                      ;*invokevirtual invokeBasic {reexecute=0 rethrow=0 return_oop=0}
                      ; - java.lang.invoke.LambdaForm$MH/0x00000243b803c400::invoke@52
  0x0000024389d01908: f416 9c0f 

  0x0000024389d0190c: ;   {other}
  0x0000024389d0190c: 0f1f 8400 | fc09 0002 

  0x0000024389d01914: ;   {metadata(method data for {method} {0x00000243f84fcae8} 'invoke' '(Ljava/lang/Object;Ljava/lang/Object;Ljava/lang/Object;)Ljava/lang/Object;' in 'java/lang/invoke/LambdaForm$MH+0x00000243b803c400')}
  0x0000024389d01914: 48be 00a0 | 78fa 4302 | 0000 488d | b6f8 0200 | 0048 85c0 | 750c f606 | 0175 4df0 | 4883 0e01 
  0x0000024389d01934: eb46 8b78 | 0849 ba00 | 0000 b743 | 0200 0049 | 03fa 4c8b | d748 333e | 48f7 c7fc | ffff ff74 
  0x0000024389d01954: 2740 f6c7 | 0275 2148 | f706 feff | ffff 7415 | 498b fa48 | 333e 48f7 | c7fc ffff | ff74 0948 
  0x0000024389d01974: 830e 02eb | 0348 893e | 4883 c440 

  0x0000024389d01980: ;   {poll_return}
  0x0000024389d01980: 5d49 3ba7 | 5004 0000 | 0f87 5a00 

  0x0000024389d0198c: ;   {metadata({method} {0x00000243f84fcae8} 'invoke' '(Ljava/lang/Object;Ljava/lang/Object;Ljava/lang/Object;)Ljava/lang/Object;' in 'java/lang/invoke/LambdaForm$MH+0x00000243b803c400')}
  0x0000024389d0198c: 0000 c349 | bae0 ca4f | f843 0200 | 004c 8954 | 2408 48c7 | 0424 ffff 

  0x0000024389d019a4: ;   {runtime_call counter_overflow Runtime1 stub}
  0x0000024389d019a4: ffff e8d5 

  0x0000024389d019a8: ; ImmutableOopMap {rdx=Oop r8=Oop r9=Oop }
                      ;*synchronization entry
                      ; - java.lang.invoke.LambdaForm$MH/0x00000243b803c400::invoke@-1
  0x0000024389d019a8: 5153 0fe9 | 79f8 ffff | 4889 1424 

  0x0000024389d019b4: ;   {runtime_call throw_class_cast_exception Runtime1 stub}
  0x0000024389d019b4: e867 1b53 

  0x0000024389d019b8: ; ImmutableOopMap {r9=Oop [40]=Oop }
                      ;*checkcast {reexecute=0 rethrow=0 return_oop=0}
                      ; - java.lang.invoke.LambdaForm$MH/0x00000243b803c400::invoke@1
                      ;   {runtime_call throw_null_pointer_exception Runtime1 stub}
  0x0000024389d019b8: 0fe8 62cd 

  0x0000024389d019bc: ; ImmutableOopMap {r9=Oop rsi=Oop [32]=Oop [40]=Oop }
                      ;*getfield argL2 {reexecute=1 rethrow=0 return_oop=0}
                      ; - (reexecute) java.lang.invoke.LambdaForm$MH/0x00000243b803c400::invoke@6
  0x0000024389d019bc: 490f 4889 

  0x0000024389d019c0: ;   {runtime_call throw_class_cast_exception Runtime1 stub}
  0x0000024389d019c0: 1424 e859 

  0x0000024389d019c4: ; ImmutableOopMap {r9=Oop rsi=Oop [32]=Oop [40]=Oop }
                      ;*checkcast {reexecute=0 rethrow=0 return_oop=0}
                      ; - java.lang.invoke.LambdaForm$MH/0x00000243b803c400::invoke@11
                      ;   {runtime_call throw_null_pointer_exception Runtime1 stub}
  0x0000024389d019c4: 1b53 0fe8 

  0x0000024389d019c8: ; ImmutableOopMap {r9=Oop rsi=Oop rdx=Oop [32]=Oop [40]=Oop }
                      ;*invokevirtual invokeBasic {reexecute=0 rethrow=0 return_oop=0}
                      ; - java.lang.invoke.LambdaForm$MH/0x00000243b803c400::invoke@15
  0x0000024389d019c8: 54cd 490f | 4c89 0424 

  0x0000024389d019d0: ;   {runtime_call throw_class_cast_exception Runtime1 stub}
  0x0000024389d019d0: e84b 1b53 

  0x0000024389d019d4: ; ImmutableOopMap {rax=Oop rsi=Oop [32]=Oop [40]=Oop }
                      ;*checkcast {reexecute=0 rethrow=0 return_oop=0}
                      ; - java.lang.invoke.LambdaForm$MH/0x00000243b803c400::invoke@28
                      ;   {runtime_call throw_null_pointer_exception Runtime1 stub}
  0x0000024389d019d4: 0fe8 46cd 

  0x0000024389d019d8: ; ImmutableOopMap {rax=Oop rsi=Oop rdx=Oop [32]=Oop [40]=Oop }
                      ;*invokevirtual invokeBasic {reexecute=0 rethrow=0 return_oop=0}
                      ; - java.lang.invoke.LambdaForm$MH/0x00000243b803c400::invoke@32
  0x0000024389d019d8: 490f 4c89 

  0x0000024389d019dc: ;   {runtime_call throw_class_cast_exception Runtime1 stub}
  0x0000024389d019dc: 0424 e83d 

  0x0000024389d019e0: ; ImmutableOopMap {rax=Oop [48]=Oop }
                      ;*checkcast {reexecute=0 rethrow=0 return_oop=0}
                      ; - java.lang.invoke.LambdaForm$MH/0x00000243b803c400::invoke@45
                      ;   {runtime_call throw_null_pointer_exception Runtime1 stub}
  0x0000024389d019e0: 1b53 0fe8 

  0x0000024389d019e4: ; ImmutableOopMap {rax=Oop rdx=Oop [48]=Oop }
                      ;*invokevirtual invokeBasic {reexecute=0 rethrow=0 return_oop=0}
                      ; - java.lang.invoke.LambdaForm$MH/0x00000243b803c400::invoke@52
  0x0000024389d019e4: 38cd 490f 

  0x0000024389d019e8: ;   {internal_word}
  0x0000024389d019e8: 49ba 8119 | d089 4302 | 0000 4d89 | 9768 0400 

  0x0000024389d019f8: ;   {runtime_call SafepointBlob}
  0x0000024389d019f8: 00e9 824f | 460f 498b | 8700 0500 | 0049 c787 | 0005 0000 | 0000 0000 | 49c7 8708 | 0500 0000 
  0x0000024389d01a18: 0000 0048 | 83c4 405d 

  0x0000024389d01a20: ;   {runtime_call unwind_exception Runtime1 stub}
  0x0000024389d01a20: e9db db49 | 0ff4 f4f4 
[Stub Code]
  0x0000024389d01a28: ;   {no_reloc}
  0x0000024389d01a28: 48bb 0000 | 0000 0000 

  0x0000024389d01a30: ;   {runtime_call nmethod}
  0x0000024389d01a30: 0000 e9fb 

  0x0000024389d01a34: ;   {static_stub}
  0x0000024389d01a34: ffff ff48 | bb00 0000 | 0000 0000 

  0x0000024389d01a40: ;   {runtime_call nmethod}
  0x0000024389d01a40: 00e9 fbff 

  0x0000024389d01a44: ;   {runtime_call handle_exception_from_callee Runtime1 stub}
  0x0000024389d01a44: ffff e8b5 

  0x0000024389d01a48: ;   {external_word}
  0x0000024389d01a48: 1453 0f48 | b950 633e | 27fd 7f00 | 0048 83e4 

  0x0000024389d01a58: ;   {runtime_call}
  0x0000024389d01a58: f048 b8c0 | c900 27fd | 7f00 00ff 

  0x0000024389d01a64: ;   {section_word}
  0x0000024389d01a64: d0f4 49ba | 661a d089 | 4302 0000 

  0x0000024389d01a70: ;   {runtime_call DeoptimizationBlob}
  0x0000024389d01a70: 4152 e9a9 

  0x0000024389d01a74: ;   {section_word}
  0x0000024389d01a74: 6346 0f49 | ba77 1ad0 | 8943 0200 

  0x0000024389d01a80: ;   {runtime_call DeoptimizationBlob}
  0x0000024389d01a80: 0041 52e9 | 9863 460f 
[/MachCode]


---------------  P R O C E S S  ---------------

Threads class SMR info:
_java_thread_list=0x00000243802071c0, length=112, elements={
0x00000243861e1aa0, 0x00000243b3ae3c30, 0x00000243b3ae54b0, 0x00000243b3ae9870,
0x00000243b3aec6e0, 0x00000243b3aed140, 0x00000243b3aedba0, 0x00000243b3aee930,
0x00000243b3b21050, 0x00000243b657e7a0, 0x00000243b65f9f50, 0x00000243fcd64df0,
0x00000243fcd57590, 0x00000243fc3dbf40, 0x00000243fc355eb0, 0x00000243fc11e640,
0x00000243fd338220, 0x00000243fd339b60, 0x00000243fc3fad70, 0x00000243fc3f9330,
0x00000243fc3f8610, 0x00000243fc3f99c0, 0x00000243fc3fa050, 0x00000243fc3f7f80,
0x00000243fc3fb400, 0x00000243fddf8590, 0x00000243fddf64c0, 0x00000243fddf5110,
0x00000243fddf6b50, 0x00000243fddf71e0, 0x00000243fddf7f00, 0x00000243fddf7870,
0x00000243fde7b670, 0x00000243fde7bd00, 0x00000243fde78f10, 0x00000243fde7afe0,
0x00000243fde7a950, 0x00000243fde795a0, 0x00000243fde7ddd0, 0x00000243fde7d740,
0x00000243fde7f810, 0x00000243fde7e460, 0x00000243fde80530, 0x00000243fde7d0b0,
0x00000243fde7fea0, 0x00000243fde7eaf0, 0x00000243fde7f180, 0x00000243fdf5bb90,
0x00000243fdf5c220, 0x00000243fdf59ac0, 0x00000243fdf5c8b0, 0x00000243fdf5a150,
0x00000243fdf59430, 0x00000243fdf5cf40, 0x00000243fdf5a7e0, 0x00000243fdf5ae70,
0x00000243fdf5e980, 0x00000243fdf5b500, 0x00000243fdf603c0, 0x00000243fdf60a50,
0x00000243fdf5dc60, 0x00000243fdf5e2f0, 0x00000243fc3fa6e0, 0x00000243fdc95d80,
0x00000243fdc97e50, 0x00000243fdc956f0, 0x00000243fdc984e0, 0x00000243fdc96410,
0x00000243fdc96aa0, 0x00000243fdc97130, 0x00000243fdc95060, 0x00000243802457c0,
0x0000024380243d80, 0x0000024380244410, 0x00000243802436f0, 0x0000024380244aa0,
0x0000024380245130, 0x0000024380245e50, 0x00000243802464e0, 0x0000024380243060,
0x0000024380247890, 0x0000024380246b70, 0x0000024380248c40, 0x00000243802492d0,
0x0000024380249960, 0x0000024380249ff0, 0x00000243802485b0, 0x000002438024a680,
0x0000024380247200, 0x0000024380247f20, 0x000002438089b380, 0x000002438089c0a0,
0x000002438089c730, 0x000002438089cdc0, 0x000002438089d450, 0x000002438089ee90,
0x000002438089dae0, 0x000002438089ba10, 0x000002438089e170, 0x000002438089e800,
0x000002438089fbb0, 0x00000243808a08d0, 0x00000243808a2310, 0x00000243808a15f0,
0x00000243808a1c80, 0x00000243808a0240, 0x00000243808a29a0, 0x00000243808a0f60,
0x000002438089f520, 0x0000024380e50220, 0x0000024380e4ee70, 0x0000024380e4fb90
}

Java Threads: ( => current thread )
  0x00000243861e1aa0 JavaThread "main"                              [_thread_blocked, id=18176, stack(0x000000e235c00000,0x000000e235d00000) (1024K)]
  0x00000243b3ae3c30 JavaThread "Reference Handler"          daemon [_thread_blocked, id=18048, stack(0x000000e236400000,0x000000e236500000) (1024K)]
  0x00000243b3ae54b0 JavaThread "Finalizer"                  daemon [_thread_blocked, id=21520, stack(0x000000e236500000,0x000000e236600000) (1024K)]
  0x00000243b3ae9870 JavaThread "Signal Dispatcher"          daemon [_thread_blocked, id=10484, stack(0x000000e236600000,0x000000e236700000) (1024K)]
  0x00000243b3aec6e0 JavaThread "Attach Listener"            daemon [_thread_blocked, id=17332, stack(0x000000e236700000,0x000000e236800000) (1024K)]
  0x00000243b3aed140 JavaThread "Service Thread"             daemon [_thread_blocked, id=21852, stack(0x000000e236800000,0x000000e236900000) (1024K)]
  0x00000243b3aedba0 JavaThread "Monitor Deflation Thread"   daemon [_thread_blocked, id=26764, stack(0x000000e236900000,0x000000e236a00000) (1024K)]
  0x00000243b3aee930 JavaThread "C2 CompilerThread0"         daemon [_thread_blocked, id=18976, stack(0x000000e236a00000,0x000000e236b00000) (1024K)]
  0x00000243b3b21050 JavaThread "C1 CompilerThread0"         daemon [_thread_blocked, id=22604, stack(0x000000e236b00000,0x000000e236c00000) (1024K)]
  0x00000243b657e7a0 JavaThread "Common-Cleaner"             daemon [_thread_blocked, id=29456, stack(0x000000e236c00000,0x000000e236d00000) (1024K)]
  0x00000243b65f9f50 JavaThread "Notification Thread"        daemon [_thread_blocked, id=3852, stack(0x000000e236d00000,0x000000e236e00000) (1024K)]
  0x00000243fcd64df0 JavaThread "Daemon health stats"               [_thread_blocked, id=25856, stack(0x000000e237200000,0x000000e237300000) (1024K)]
  0x00000243fcd57590 JavaThread "Incoming local TCP Connector on port 58648"        [_thread_in_native, id=25200, stack(0x000000e237300000,0x000000e237400000) (1024K)]
  0x00000243fc3dbf40 JavaThread "Daemon periodic checks"            [_thread_blocked, id=28980, stack(0x000000e237400000,0x000000e237500000) (1024K)]
  0x00000243fc355eb0 JavaThread "Daemon"                            [_thread_blocked, id=27928, stack(0x000000e237500000,0x000000e237600000) (1024K)]
  0x00000243fc11e640 JavaThread "Handler for socket connection from /127.0.0.1:58648 to /127.0.0.1:58650"        [_thread_in_native, id=24192, stack(0x000000e237600000,0x000000e237700000) (1024K)]
  0x00000243fd338220 JavaThread "Cancel handler"                    [_thread_blocked, id=25276, stack(0x000000e237700000,0x000000e237800000) (1024K)]
=>0x00000243fd339b60 JavaThread "Daemon worker"                     [_thread_in_vm, id=21552, stack(0x000000e237800000,0x000000e237900000) (1024K)]
  0x00000243fc3fad70 JavaThread "Asynchronous log dispatcher for DefaultDaemonConnection: socket connection from /127.0.0.1:58648 to /127.0.0.1:58650"        [_thread_blocked, id=5252, stack(0x000000e237900000,0x000000e237a00000) (1024K)]
  0x00000243fc3f9330 JavaThread "Stdin handler"                     [_thread_blocked, id=5204, stack(0x000000e237a00000,0x000000e237b00000) (1024K)]
  0x00000243fc3f8610 JavaThread "Daemon client event forwarder"        [_thread_blocked, id=12556, stack(0x000000e237b00000,0x000000e237c00000) (1024K)]
  0x00000243fc3f99c0 JavaThread "Cache worker for journal cache (C:\Users\badya\.gradle\caches\journal-1)"        [_thread_blocked, id=24620, stack(0x000000e237f00000,0x000000e238000000) (1024K)]
  0x00000243fc3fa050 JavaThread "File lock request listener"        [_thread_in_native, id=21788, stack(0x000000e238000000,0x000000e238100000) (1024K)]
  0x00000243fc3f7f80 JavaThread "Cache worker for file hash cache (C:\Users\badya\.gradle\caches\8.12\fileHashes)"        [_thread_blocked, id=23488, stack(0x000000e238200000,0x000000e238300000) (1024K)]
  0x00000243fc3fb400 JavaThread "Cache worker for file hash cache (C:\test2-final-adas-dms\couche4_mobile\android\.gradle\8.12\fileHashes)"        [_thread_blocked, id=23752, stack(0x000000e238400000,0x000000e238500000) (1024K)]
  0x00000243fddf8590 JavaThread "Cache worker for Build Output Cleanup Cache (C:\test2-final-adas-dms\couche4_mobile\android\.gradle\buildOutputCleanup)"        [_thread_blocked, id=5904, stack(0x000000e238500000,0x000000e238600000) (1024K)]
  0x00000243fddf64c0 JavaThread "File watcher server"        daemon [_thread_in_native, id=21048, stack(0x000000e238600000,0x000000e238700000) (1024K)]
  0x00000243fddf5110 JavaThread "File watcher consumer"      daemon [_thread_blocked, id=26300, stack(0x000000e238700000,0x000000e238800000) (1024K)]
  0x00000243fddf6b50 JavaThread "jar transforms"                    [_thread_blocked, id=13484, stack(0x000000e238800000,0x000000e238900000) (1024K)]
  0x00000243fddf71e0 JavaThread "jar transforms Thread 2"           [_thread_blocked, id=14100, stack(0x000000e238900000,0x000000e238a00000) (1024K)]
  0x00000243fddf7f00 JavaThread "Cache worker for checksums cache (C:\test2-final-adas-dms\couche4_mobile\android\.gradle\8.12\checksums)"        [_thread_blocked, id=5512, stack(0x000000e238a00000,0x000000e238b00000) (1024K)]
  0x00000243fddf7870 JavaThread "Cache worker for file content cache (C:\Users\badya\.gradle\caches\8.12\fileContent)"        [_thread_blocked, id=6336, stack(0x000000e238b00000,0x000000e238c00000) (1024K)]
  0x00000243fde7b670 JavaThread "Cache worker for cache directory md-rule (C:\Users\badya\.gradle\caches\8.12\md-rule)"        [_thread_blocked, id=21292, stack(0x000000e238c00000,0x000000e238d00000) (1024K)]
  0x00000243fde7bd00 JavaThread "Cache worker for cache directory md-supplier (C:\Users\badya\.gradle\caches\8.12\md-supplier)"        [_thread_blocked, id=21796, stack(0x000000e238d00000,0x000000e238e00000) (1024K)]
  0x00000243fde78f10 JavaThread "Cache worker for Build Output Cleanup Cache (C:\Flutter\flutter\packages\flutter_tools\gradle\.gradle\buildOutputCleanup)"        [_thread_blocked, id=9984, stack(0x000000e238e00000,0x000000e238f00000) (1024K)]
  0x00000243fde7afe0 JavaThread "Unconstrained build operations"        [_thread_blocked, id=14640, stack(0x000000e235a00000,0x000000e235b00000) (1024K)]
  0x00000243fde7a950 JavaThread "Unconstrained build operations Thread 2"        [_thread_blocked, id=8572, stack(0x000000e235b00000,0x000000e235c00000) (1024K)]
  0x00000243fde795a0 JavaThread "Unconstrained build operations Thread 3"        [_thread_blocked, id=28384, stack(0x000000e238f00000,0x000000e239000000) (1024K)]
  0x00000243fde7ddd0 JavaThread "Unconstrained build operations Thread 4"        [_thread_blocked, id=10768, stack(0x000000e239000000,0x000000e239100000) (1024K)]
  0x00000243fde7d740 JavaThread "Unconstrained build operations Thread 5"        [_thread_blocked, id=25572, stack(0x000000e239100000,0x000000e239200000) (1024K)]
  0x00000243fde7f810 JavaThread "Unconstrained build operations Thread 6"        [_thread_blocked, id=24324, stack(0x000000e239200000,0x000000e239300000) (1024K)]
  0x00000243fde7e460 JavaThread "Unconstrained build operations Thread 7"        [_thread_blocked, id=27412, stack(0x000000e239300000,0x000000e239400000) (1024K)]
  0x00000243fde80530 JavaThread "Unconstrained build operations Thread 8"        [_thread_blocked, id=24900, stack(0x000000e239400000,0x000000e239500000) (1024K)]
  0x00000243fde7d0b0 JavaThread "Unconstrained build operations Thread 9"        [_thread_blocked, id=23220, stack(0x000000e239500000,0x000000e239600000) (1024K)]
  0x00000243fde7fea0 JavaThread "Unconstrained build operations Thread 10"        [_thread_blocked, id=26780, stack(0x000000e239600000,0x000000e239700000) (1024K)]
  0x00000243fde7eaf0 JavaThread "Unconstrained build operations Thread 11"        [_thread_blocked, id=23844, stack(0x000000e239700000,0x000000e239800000) (1024K)]
  0x00000243fde7f180 JavaThread "Unconstrained build operations Thread 12"        [_thread_blocked, id=22320, stack(0x000000e239800000,0x000000e239900000) (1024K)]
  0x00000243fdf5bb90 JavaThread "Unconstrained build operations Thread 13"        [_thread_blocked, id=14756, stack(0x000000e239900000,0x000000e239a00000) (1024K)]
  0x00000243fdf5c220 JavaThread "Unconstrained build operations Thread 14"        [_thread_blocked, id=27476, stack(0x000000e239a00000,0x000000e239b00000) (1024K)]
  0x00000243fdf59ac0 JavaThread "Unconstrained build operations Thread 15"        [_thread_blocked, id=5200, stack(0x000000e239b00000,0x000000e239c00000) (1024K)]
  0x00000243fdf5c8b0 JavaThread "Unconstrained build operations Thread 16"        [_thread_blocked, id=29008, stack(0x000000e239c00000,0x000000e239d00000) (1024K)]
  0x00000243fdf5a150 JavaThread "Unconstrained build operations Thread 17"        [_thread_blocked, id=23880, stack(0x000000e239d00000,0x000000e239e00000) (1024K)]
  0x00000243fdf59430 JavaThread "Unconstrained build operations Thread 18"        [_thread_blocked, id=6812, stack(0x000000e239e00000,0x000000e239f00000) (1024K)]
  0x00000243fdf5cf40 JavaThread "Unconstrained build operations Thread 19"        [_thread_blocked, id=16004, stack(0x000000e239f00000,0x000000e23a000000) (1024K)]
  0x00000243fdf5a7e0 JavaThread "Unconstrained build operations Thread 20"        [_thread_blocked, id=24256, stack(0x000000e23a000000,0x000000e23a100000) (1024K)]
  0x00000243fdf5ae70 JavaThread "Unconstrained build operations Thread 21"        [_thread_blocked, id=3232, stack(0x000000e23a100000,0x000000e23a200000) (1024K)]
  0x00000243fdf5e980 JavaThread "Memory manager"                    [_thread_blocked, id=24720, stack(0x000000e23a200000,0x000000e23a300000) (1024K)]
  0x00000243fdf5b500 JavaThread "build event listener"              [_thread_blocked, id=8884, stack(0x000000e23a300000,0x000000e23a400000) (1024K)]
  0x00000243fdf603c0 JavaThread "included builds"                   [_thread_blocked, id=23604, stack(0x000000e238100000,0x000000e238200000) (1024K)]
  0x00000243fdf60a50 JavaThread "Execution worker"                  [_thread_blocked, id=9316, stack(0x000000e23a400000,0x000000e23a500000) (1024K)]
  0x00000243fdf5dc60 JavaThread "Execution worker Thread 2"         [_thread_blocked, id=25564, stack(0x000000e23a500000,0x000000e23a600000) (1024K)]
  0x00000243fdf5e2f0 JavaThread "Execution worker Thread 3"         [_thread_blocked, id=27320, stack(0x000000e23a600000,0x000000e23a700000) (1024K)]
  0x00000243fc3fa6e0 JavaThread "Execution worker Thread 4"         [_thread_blocked, id=1760, stack(0x000000e23a700000,0x000000e23a800000) (1024K)]
  0x00000243fdc95d80 JavaThread "Execution worker Thread 5"         [_thread_blocked, id=26456, stack(0x000000e23a800000,0x000000e23a900000) (1024K)]
  0x00000243fdc97e50 JavaThread "Execution worker Thread 6"         [_thread_blocked, id=17048, stack(0x000000e23a900000,0x000000e23aa00000) (1024K)]
  0x00000243fdc956f0 JavaThread "Execution worker Thread 7"         [_thread_blocked, id=26756, stack(0x000000e23aa00000,0x000000e23ab00000) (1024K)]
  0x00000243fdc984e0 JavaThread "Cache worker for execution history cache (C:\Flutter\flutter\packages\flutter_tools\gradle\.gradle\8.12\executionHistory)"        [_thread_blocked, id=20132, stack(0x000000e23ab00000,0x000000e23ac00000) (1024K)]
  0x00000243fdc96410 JavaThread "File lock release action executor Thread 2"        [_thread_blocked, id=20000, stack(0x000000e23ac00000,0x000000e23ad00000) (1024K)]
  0x00000243fdc96aa0 JavaThread "Unconstrained build operations Thread 22"        [_thread_blocked, id=26424, stack(0x000000e23ad00000,0x000000e23ae00000) (1024K)]
  0x00000243fdc97130 JavaThread "Unconstrained build operations Thread 23"        [_thread_blocked, id=27440, stack(0x000000e23ae00000,0x000000e23af00000) (1024K)]
  0x00000243fdc95060 JavaThread "Unconstrained build operations Thread 24"        [_thread_blocked, id=8664, stack(0x000000e23af00000,0x000000e23b000000) (1024K)]
  0x00000243802457c0 JavaThread "Unconstrained build operations Thread 25"        [_thread_blocked, id=21872, stack(0x000000e23b000000,0x000000e23b100000) (1024K)]
  0x0000024380243d80 JavaThread "Unconstrained build operations Thread 26"        [_thread_blocked, id=27384, stack(0x000000e23b100000,0x000000e23b200000) (1024K)]
  0x0000024380244410 JavaThread "Unconstrained build operations Thread 27"        [_thread_blocked, id=14344, stack(0x000000e23b200000,0x000000e23b300000) (1024K)]
  0x00000243802436f0 JavaThread "Unconstrained build operations Thread 28"        [_thread_blocked, id=22648, stack(0x000000e23b300000,0x000000e23b400000) (1024K)]
  0x0000024380244aa0 JavaThread "Unconstrained build operations Thread 29"        [_thread_blocked, id=24732, stack(0x000000e23b400000,0x000000e23b500000) (1024K)]
  0x0000024380245130 JavaThread "Unconstrained build operations Thread 30"        [_thread_blocked, id=27404, stack(0x000000e23b500000,0x000000e23b600000) (1024K)]
  0x0000024380245e50 JavaThread "Unconstrained build operations Thread 31"        [_thread_blocked, id=15684, stack(0x000000e23b600000,0x000000e23b700000) (1024K)]
  0x00000243802464e0 JavaThread "Unconstrained build operations Thread 32"        [_thread_blocked, id=14864, stack(0x000000e23b700000,0x000000e23b800000) (1024K)]
  0x0000024380243060 JavaThread "Unconstrained build operations Thread 33"        [_thread_blocked, id=22872, stack(0x000000e23b800000,0x000000e23b900000) (1024K)]
  0x0000024380247890 JavaThread "Unconstrained build operations Thread 34"        [_thread_blocked, id=13232, stack(0x000000e23b900000,0x000000e23ba00000) (1024K)]
  0x0000024380246b70 JavaThread "Unconstrained build operations Thread 35"        [_thread_blocked, id=10788, stack(0x000000e23ba00000,0x000000e23bb00000) (1024K)]
  0x0000024380248c40 JavaThread "Unconstrained build operations Thread 36"        [_thread_blocked, id=7948, stack(0x000000e23bb00000,0x000000e23bc00000) (1024K)]
  0x00000243802492d0 JavaThread "Unconstrained build operations Thread 37"        [_thread_blocked, id=27584, stack(0x000000e23bc00000,0x000000e23bd00000) (1024K)]
  0x0000024380249960 JavaThread "Unconstrained build operations Thread 38"        [_thread_blocked, id=27716, stack(0x000000e23bd00000,0x000000e23be00000) (1024K)]
  0x0000024380249ff0 JavaThread "Unconstrained build operations Thread 39"        [_thread_blocked, id=25680, stack(0x000000e23be00000,0x000000e23bf00000) (1024K)]
  0x00000243802485b0 JavaThread "Unconstrained build operations Thread 40"        [_thread_blocked, id=13164, stack(0x000000e23bf00000,0x000000e23c000000) (1024K)]
  0x000002438024a680 JavaThread "Unconstrained build operations Thread 41"        [_thread_blocked, id=23636, stack(0x000000e23c000000,0x000000e23c100000) (1024K)]
  0x0000024380247200 JavaThread "Unconstrained build operations Thread 42"        [_thread_blocked, id=27160, stack(0x000000e23c100000,0x000000e23c200000) (1024K)]
  0x0000024380247f20 JavaThread "Unconstrained build operations Thread 43"        [_thread_blocked, id=24080, stack(0x000000e23c200000,0x000000e23c300000) (1024K)]
  0x000002438089b380 JavaThread "Unconstrained build operations Thread 44"        [_thread_blocked, id=25140, stack(0x000000e23c300000,0x000000e23c400000) (1024K)]
  0x000002438089c0a0 JavaThread "Unconstrained build operations Thread 45"        [_thread_blocked, id=20568, stack(0x000000e23c600000,0x000000e23c700000) (1024K)]
  0x000002438089c730 JavaThread "Unconstrained build operations Thread 46"        [_thread_blocked, id=8896, stack(0x000000e23c700000,0x000000e23c800000) (1024K)]
  0x000002438089cdc0 JavaThread "Unconstrained build operations Thread 47"        [_thread_blocked, id=23280, stack(0x000000e23c800000,0x000000e23c900000) (1024K)]
  0x000002438089d450 JavaThread "Unconstrained build operations Thread 48"        [_thread_blocked, id=5520, stack(0x000000e23c900000,0x000000e23ca00000) (1024K)]
  0x000002438089ee90 JavaThread "Unconstrained build operations Thread 49"        [_thread_blocked, id=29000, stack(0x000000e23ca00000,0x000000e23cb00000) (1024K)]
  0x000002438089dae0 JavaThread "Unconstrained build operations Thread 50"        [_thread_blocked, id=24540, stack(0x000000e23cb00000,0x000000e23cc00000) (1024K)]
  0x000002438089ba10 JavaThread "Unconstrained build operations Thread 51"        [_thread_blocked, id=3012, stack(0x000000e23cc00000,0x000000e23cd00000) (1024K)]
  0x000002438089e170 JavaThread "Unconstrained build operations Thread 52"        [_thread_blocked, id=19864, stack(0x000000e23cd00000,0x000000e23ce00000) (1024K)]
  0x000002438089e800 JavaThread "Unconstrained build operations Thread 53"        [_thread_blocked, id=27896, stack(0x000000e23ce00000,0x000000e23cf00000) (1024K)]
  0x000002438089fbb0 JavaThread "Unconstrained build operations Thread 54"        [_thread_blocked, id=20188, stack(0x000000e23cf00000,0x000000e23d000000) (1024K)]
  0x00000243808a08d0 JavaThread "Unconstrained build operations Thread 55"        [_thread_blocked, id=28504, stack(0x000000e23d000000,0x000000e23d100000) (1024K)]
  0x00000243808a2310 JavaThread "Unconstrained build operations Thread 56"        [_thread_blocked, id=25356, stack(0x000000e23d100000,0x000000e23d200000) (1024K)]
  0x00000243808a15f0 JavaThread "Unconstrained build operations Thread 57"        [_thread_blocked, id=21772, stack(0x000000e23d200000,0x000000e23d300000) (1024K)]
  0x00000243808a1c80 JavaThread "Unconstrained build operations Thread 58"        [_thread_blocked, id=9412, stack(0x000000e23d300000,0x000000e23d400000) (1024K)]
  0x00000243808a0240 JavaThread "Unconstrained build operations Thread 59"        [_thread_blocked, id=9856, stack(0x000000e23d400000,0x000000e23d500000) (1024K)]
  0x00000243808a29a0 JavaThread "Unconstrained build operations Thread 60"        [_thread_blocked, id=25488, stack(0x000000e23d500000,0x000000e23d600000) (1024K)]
  0x00000243808a0f60 JavaThread "Unconstrained build operations Thread 61"        [_thread_blocked, id=29160, stack(0x000000e23d600000,0x000000e23d700000) (1024K)]
  0x000002438089f520 JavaThread "Unconstrained build operations Thread 62"        [_thread_blocked, id=6988, stack(0x000000e23d700000,0x000000e23d800000) (1024K)]
  0x0000024380e50220 JavaThread "Unconstrained build operations Thread 63"        [_thread_blocked, id=21156, stack(0x000000e23d800000,0x000000e23d900000) (1024K)]
  0x0000024380e4ee70 JavaThread "Unconstrained build operations Thread 64"        [_thread_blocked, id=8204, stack(0x000000e23d900000,0x000000e23da00000) (1024K)]
  0x0000024380e4fb90 JavaThread "Unconstrained build operations Thread 65"        [_thread_blocked, id=20556, stack(0x000000e23da00000,0x000000e23db00000) (1024K)]
Total: 112

Other Threads:
  0x00000243b3ac1ab0 VMThread "VM Thread"                           [id=25324, stack(0x000000e236300000,0x000000e236400000) (1024K)] _threads_hazard_ptr=0x00000243802071c0
  0x00000243b3ab1b60 WatcherThread "VM Periodic Task Thread"        [id=17384, stack(0x000000e236200000,0x000000e236300000) (1024K)]
  0x000002438628bef0 WorkerThread "GC Thread#0"                     [id=22448, stack(0x000000e235d00000,0x000000e235e00000) (1024K)]
  0x00000243b6666140 WorkerThread "GC Thread#1"                     [id=24552, stack(0x000000e236e00000,0x000000e236f00000) (1024K)]
  0x00000243b68212d0 WorkerThread "GC Thread#2"                     [id=22976, stack(0x000000e236f00000,0x000000e237000000) (1024K)]
  0x00000243fc3ca720 WorkerThread "GC Thread#3"                     [id=17864, stack(0x000000e237000000,0x000000e237100000) (1024K)]
  0x00000243fc3caad0 WorkerThread "GC Thread#4"                     [id=24112, stack(0x000000e237100000,0x000000e237200000) (1024K)]
  0x00000243fd4a3c20 WorkerThread "GC Thread#5"                     [id=4388, stack(0x000000e237c00000,0x000000e237d00000) (1024K)]
  0x00000243fce52750 WorkerThread "GC Thread#6"                     [id=19892, stack(0x000000e237d00000,0x000000e237e00000) (1024K)]
  0x00000243fce86210 WorkerThread "GC Thread#7"                     [id=23804, stack(0x000000e237e00000,0x000000e237f00000) (1024K)]
  0x000002438629cdf0 ConcurrentGCThread "G1 Main Marker"            [id=19304, stack(0x000000e235e00000,0x000000e235f00000) (1024K)]
  0x000002438629d810 WorkerThread "G1 Conc#0"                       [id=612, stack(0x000000e235f00000,0x000000e236000000) (1024K)]
  0x00000243fd641310 WorkerThread "G1 Conc#1"                       [id=27128, stack(0x000000e238300000,0x000000e238400000) (1024K)]
  0x00000243b3981ad0 ConcurrentGCThread "G1 Refine#0"               [id=20876, stack(0x000000e236000000,0x000000e236100000) (1024K)]
  0x00000243b3982560 ConcurrentGCThread "G1 Service"                [id=14204, stack(0x000000e236100000,0x000000e236200000) (1024K)]
Total: 15

Threads with active compile tasks:
Total: 0

VM state: synchronizing (normal execution)

VM Mutex/Monitor currently owned by a thread:  ([mutex/lock_event])
[0x00007ffd2769d530] Metaspace_lock - owner thread: 0x00000243fd339b60
[0x00007ffd2769f5b0] Threads_lock - owner thread: 0x00000243b3ac1ab0

Heap address: 0x0000000600000000, size: 8192 MB, Compressed Oops mode: Zero based, Oop shift amount: 3

CDS archive(s) mapped at: [0x00000243b7000000-0x00000243b7ba0000-0x00000243b7ba0000), size 12189696, SharedBaseAddress: 0x00000243b7000000, ArchiveRelocationMode: 1.
Compressed class space mapped at: 0x00000243b8000000-0x00000243f8000000, reserved size: 1073741824
Narrow klass base: 0x00000243b7000000, Narrow klass shift: 0, Narrow klass range: 0x100000000

GC Precious Log:
 CardTable entry size: 512
 Card Set container configuration: InlinePtr #cards 4 size 8 Array Of Cards #cards 32 size 80 Howl #buckets 8 coarsen threshold 7372 Howl Bitmap #cards 1024 size 144 coarsen threshold 921 Card regions per heap region 1 cards per card region 8192
 CPUs: 8 total, 8 available
 Memory: 7886M
 Large Page Support: Disabled
 NUMA Support: Disabled
 Compressed Oops: Enabled (Zero based)
 Heap Region Size: 4M
 Heap Min Capacity: 8M
 Heap Initial Capacity: 124M
 Heap Max Capacity: 8G
 Pre-touch: Disabled
 Parallel Workers: 8
 Concurrent Workers: 2
 Concurrent Refinement Workers: 8
 Periodic GC: Disabled

Heap:
 garbage-first heap   total 139264K, used 84480K [0x0000000600000000, 0x0000000800000000)
  region size 4096K, 5 young (20480K), 2 survivors (8192K)
 Metaspace       used 74252K, committed 76288K, reserved 1114112K
  class space    used 10834K, committed 11840K, reserved 1048576K

Heap Regions: E=young(eden), S=young(survivor), O=old, HS=humongous(starts), HC=humongous(continues), CS=collection set, F=free, TAMS=top-at-mark-start, PB=parsable bottom
|   0|0x0000000600000000, 0x0000000600400000, 0x0000000600400000|100%|HS|  |TAMS 0x0000000600000000| PB 0x0000000600000000| Complete 
|   1|0x0000000600400000, 0x0000000600800000, 0x0000000600800000|100%| O|  |TAMS 0x0000000600400000| PB 0x0000000600400000| Untracked 
|   2|0x0000000600800000, 0x0000000600c00000, 0x0000000600c00000|100%| O|  |TAMS 0x0000000600800000| PB 0x0000000600800000| Untracked 
|   3|0x0000000600c00000, 0x0000000601000000, 0x0000000601000000|100%| O|  |TAMS 0x0000000600c00000| PB 0x0000000600c00000| Untracked 
|   4|0x0000000601000000, 0x0000000601400000, 0x0000000601400000|100%| O|  |TAMS 0x0000000601000000| PB 0x0000000601000000| Untracked 
|   5|0x0000000601400000, 0x0000000601800000, 0x0000000601800000|100%| O|  |TAMS 0x0000000601400000| PB 0x0000000601400000| Untracked 
|   6|0x0000000601800000, 0x0000000601c00000, 0x0000000601c00000|100%| O|  |TAMS 0x0000000601800000| PB 0x0000000601800000| Untracked 
|   7|0x0000000601c00000, 0x0000000602000000, 0x0000000602000000|100%| O|  |TAMS 0x0000000601c00000| PB 0x0000000601c00000| Untracked 
|   8|0x0000000602000000, 0x0000000602400000, 0x0000000602400000|100%| O|  |TAMS 0x0000000602000000| PB 0x0000000602000000| Untracked 
|   9|0x0000000602400000, 0x0000000602800000, 0x0000000602800000|100%|HS|  |TAMS 0x0000000602400000| PB 0x0000000602400000| Complete 
|  10|0x0000000602800000, 0x0000000602c00000, 0x0000000602c00000|100%|HS|  |TAMS 0x0000000602800000| PB 0x0000000602800000| Complete 
|  11|0x0000000602c00000, 0x0000000602db9d10, 0x0000000603000000| 43%| O|  |TAMS 0x0000000602c00000| PB 0x0000000602c00000| Untracked 
|  12|0x0000000603000000, 0x00000006030c6630, 0x0000000603400000| 19%| S|CS|TAMS 0x0000000603000000| PB 0x0000000603000000| Complete 
|  13|0x0000000603400000, 0x0000000603800000, 0x0000000603800000|100%| O|  |TAMS 0x0000000603400000| PB 0x0000000603400000| Untracked 
|  14|0x0000000603800000, 0x0000000603c00000, 0x0000000603c00000|100%| O|  |TAMS 0x0000000603800000| PB 0x0000000603800000| Untracked 
|  15|0x0000000603c00000, 0x0000000604000000, 0x0000000604000000|100%| S|CS|TAMS 0x0000000603c00000| PB 0x0000000603c00000| Complete 
|  16|0x0000000604000000, 0x0000000604000000, 0x0000000604400000|  0%| F|  |TAMS 0x0000000604000000| PB 0x0000000604000000| Untracked 
|  17|0x0000000604400000, 0x0000000604400000, 0x0000000604800000|  0%| F|  |TAMS 0x0000000604400000| PB 0x0000000604400000| Untracked 
|  18|0x0000000604800000, 0x0000000604800000, 0x0000000604c00000|  0%| F|  |TAMS 0x0000000604800000| PB 0x0000000604800000| Untracked 
|  19|0x0000000604c00000, 0x0000000604c00000, 0x0000000605000000|  0%| F|  |TAMS 0x0000000604c00000| PB 0x0000000604c00000| Untracked 
|  20|0x0000000605000000, 0x0000000605000000, 0x0000000605400000|  0%| F|  |TAMS 0x0000000605000000| PB 0x0000000605000000| Untracked 
|  21|0x0000000605400000, 0x0000000605400000, 0x0000000605800000|  0%| F|  |TAMS 0x0000000605400000| PB 0x0000000605400000| Untracked 
|  22|0x0000000605800000, 0x0000000605800000, 0x0000000605c00000|  0%| F|  |TAMS 0x0000000605800000| PB 0x0000000605800000| Untracked 
|  23|0x0000000605c00000, 0x0000000605c00000, 0x0000000606000000|  0%| F|  |TAMS 0x0000000605c00000| PB 0x0000000605c00000| Untracked 
|  24|0x0000000606000000, 0x0000000606000000, 0x0000000606400000|  0%| F|  |TAMS 0x0000000606000000| PB 0x0000000606000000| Untracked 
|  25|0x0000000606400000, 0x0000000606400000, 0x0000000606800000|  0%| F|  |TAMS 0x0000000606400000| PB 0x0000000606400000| Untracked 
|  26|0x0000000606800000, 0x0000000606800000, 0x0000000606c00000|  0%| F|  |TAMS 0x0000000606800000| PB 0x0000000606800000| Untracked 
|  27|0x0000000606c00000, 0x0000000606dda7b0, 0x0000000607000000| 46%| E|  |TAMS 0x0000000606c00000| PB 0x0000000606c00000| Complete 
|  28|0x0000000607000000, 0x0000000607400000, 0x0000000607400000|100%| E|CS|TAMS 0x0000000607000000| PB 0x0000000607000000| Complete 
|  30|0x0000000607800000, 0x0000000607c00000, 0x0000000607c00000|100%| E|CS|TAMS 0x0000000607800000| PB 0x0000000607800000| Complete 
|2044|0x00000007ff000000, 0x00000007ff400000, 0x00000007ff400000|100%| O|Cm|TAMS 0x00000007ff000000| PB 0x00000007ff000000| Complete 
|2045|0x00000007ff400000, 0x00000007ff800000, 0x00000007ff800000|100%| O|  |TAMS 0x00000007ff400000| PB 0x00000007ff400000| Untracked 
|2046|0x00000007ff800000, 0x00000007ffc00000, 0x00000007ffc00000|100%| O|  |TAMS 0x00000007ff800000| PB 0x00000007ff800000| Untracked 
|2047|0x00000007ffc00000, 0x0000000800000000, 0x0000000800000000|100%| O|  |TAMS 0x00000007ffc00000| PB 0x00000007ffc00000| Untracked 

Card table byte_map: [0x00000243aa930000,0x00000243ab930000] _byte_map_base: 0x00000243a7930000

Marking Bits: (CMBitMap*) 0x000002438628c510
 Bits: [0x00000243ab930000, 0x00000243b3930000)

Polling page: 0x0000024383f90000

Metaspace:

Usage:
  Non-class:     61.93 MB used.
      Class:     10.58 MB used.
       Both:     72.51 MB used.

Virtual space:
  Non-class space:       64.00 MB reserved,      62.94 MB ( 98%) committed,  1 nodes.
      Class space:        1.00 GB reserved,      11.56 MB (  1%) committed,  1 nodes.
             Both:        1.06 GB reserved,      74.50 MB (  7%) committed. 

Chunk freelists:
   Non-Class:  240.00 KB
       Class:  4.26 MB
        Both:  4.50 MB

MaxMetaspaceSize: 4.00 GB
CompressedClassSpaceSize: 1.00 GB
Initial GC threshold: 21.00 MB
Current GC threshold: 122.81 MB
CDS: on
 - commit_granule_bytes: 65536.
 - commit_granule_words: 8192.
 - virtual_space_node_default_size: 8388608.
 - enlarge_chunks_in_place: 1.
 - use_allocation_guard: 0.


Internal statistics:

num_allocs_failed_limit: 9.
num_arena_births: 3766.
num_arena_deaths: 0.
num_vsnodes_births: 2.
num_vsnodes_deaths: 0.
num_space_committed: 1192.
num_space_uncommitted: 0.
num_chunks_returned_to_freelist: 9.
num_chunks_taken_from_freelist: 7395.
num_chunk_merges: 6.
num_chunk_splits: 4763.
num_chunks_enlarged: 2875.
num_inconsistent_stats: 0.

CodeHeap 'non-profiled nmethods': size=259264Kb used=5265Kb max_used=5334Kb free=253998Kb
 bounds [0x00000243996b0000, 0x0000024399bf0000, 0x00000243a93e0000]
CodeHeap 'profiled nmethods': size=259264Kb used=16690Kb max_used=17397Kb free=242573Kb
 bounds [0x00000243893e0000, 0x000002438a4f0000, 0x0000024399110000]
CodeHeap 'non-nmethods': size=5760Kb used=2902Kb max_used=2933Kb free=2857Kb
 bounds [0x0000024399110000, 0x00000243993f0000, 0x00000243996b0000]
CodeCache: size=524288Kb, used=24857Kb, max_used=25664Kb, free=499428Kb
 total_blobs=10157, nmethods=9220, adapters=841, full_count=0
Compilation: enabled, stopped_count=0, restarted_count=0

Compilation events (20 events):
Event: 332.392 Thread 0x00000243b3b21050 10870       3       kotlin.reflect.jvm.internal.impl.metadata.jvm.JvmProtoBuf$StringTableTypes$Record::initFields (38 bytes)
Event: 332.393 Thread 0x00000243b3b21050 nmethod 10870 0x0000024389920b90 code [0x0000024389920d60, 0x0000024389921108]
Event: 332.393 Thread 0x00000243b3b21050 10871       3       kotlin.reflect.jvm.internal.impl.metadata.jvm.JvmProtoBuf$StringTableTypes$Record$1::parsePartialFrom (7 bytes)
Event: 332.394 Thread 0x00000243b3b21050 nmethod 10871 0x0000024389c7c910 code [0x0000024389c7cac0, 0x0000024389c7cbf8]
Event: 332.394 Thread 0x00000243b3b21050 10872       3       kotlin.reflect.jvm.internal.impl.metadata.jvm.JvmProtoBuf$StringTableTypes$Record$1::parsePartialFrom (11 bytes)
Event: 332.395 Thread 0x00000243b3b21050 nmethod 10872 0x00000243896dda90 code [0x00000243896ddc40, 0x00000243896dde50]
Event: 332.424 Thread 0x00000243b3b21050 10873       3       kotlin.reflect.jvm.internal.impl.serialization.deserialization.NameResolverUtilKt::getClassId (27 bytes)
Event: 332.426 Thread 0x00000243b3b21050 nmethod 10873 0x0000024389479790 code [0x00000243894799e0, 0x000002438947a178]
Event: 332.426 Thread 0x00000243b3b21050 10876       3       kotlin.text.StringsKt__StringsKt::indexOf (57 bytes)
Event: 332.429 Thread 0x00000243b3b21050 nmethod 10876 0x000002438969a610 code [0x000002438969a900, 0x000002438969b728]
Event: 332.430 Thread 0x00000243b3b21050 10874       3       kotlin.reflect.jvm.internal.impl.name.ClassId$Companion::fromString (158 bytes)
Event: 332.437 Thread 0x00000243b3b21050 nmethod 10874 0x00000243896cf890 code [0x00000243896cfbe0, 0x00000243896d0b90]
Event: 332.437 Thread 0x00000243b3b21050 10875       3       kotlin.text.StringsKt__StringsJVMKt::replace$default (17 bytes)
Event: 332.438 Thread 0x00000243b3b21050 nmethod 10875 0x00000243896e2210 code [0x00000243896e23c0, 0x00000243896e2510]
Event: 332.992 Thread 0x00000243b3b21050 10877       1       kotlin.reflect.jvm.internal.impl.metadata.jvm.JvmProtoBuf$StringTableTypes$Record::getOperation (5 bytes)
Event: 332.992 Thread 0x00000243b3aee930 10878       4       java.lang.ref.SoftReference::<init> (13 bytes)
Event: 332.993 Thread 0x00000243b3b21050 nmethod 10877 0x0000024399881210 code [0x00000243998813a0, 0x0000024399881470]
Event: 333.000 Thread 0x00000243b3aee930 nmethod 10878 0x0000024399880d90 code [0x0000024399880f20, 0x00000243998811a8]
Event: 333.411 Thread 0x00000243b3b21050 10879       3       java.lang.invoke.MethodType::appendParameterTypes (10 bytes)
Event: 333.413 Thread 0x00000243b3b21050 nmethod 10879 0x0000024389dc1690 code [0x0000024389dc1840, 0x0000024389dc19f0]

GC Heap History (20 events):
Event: 93.129 GC heap before
{Heap before GC invocations=14 (full 0):
 garbage-first heap   total 114688K, used 84154K [0x0000000600000000, 0x0000000800000000)
  region size 4096K, 11 young (45056K), 2 survivors (8192K)
 Metaspace       used 58586K, committed 60480K, reserved 1114112K
  class space    used 8589K, committed 9536K, reserved 1048576K
}
Event: 93.153 GC heap after
{Heap after GC invocations=15 (full 0):
 garbage-first heap   total 114688K, used 52391K [0x0000000600000000, 0x0000000800000000)
  region size 4096K, 1 young (4096K), 1 survivors (4096K)
 Metaspace       used 58586K, committed 60480K, reserved 1114112K
  class space    used 8589K, committed 9536K, reserved 1048576K
}
Event: 109.903 GC heap before
{Heap before GC invocations=16 (full 0):
 garbage-first heap   total 114688K, used 97447K [0x0000000600000000, 0x0000000800000000)
  region size 4096K, 12 young (49152K), 1 survivors (4096K)
 Metaspace       used 62909K, committed 64896K, reserved 1114112K
  class space    used 9196K, committed 10176K, reserved 1048576K
}
Event: 109.914 GC heap after
{Heap after GC invocations=17 (full 0):
 garbage-first heap   total 114688K, used 54319K [0x0000000600000000, 0x0000000800000000)
  region size 4096K, 1 young (4096K), 1 survivors (4096K)
 Metaspace       used 62909K, committed 64896K, reserved 1114112K
  class space    used 9196K, committed 10176K, reserved 1048576K
}
Event: 112.864 GC heap before
{Heap before GC invocations=17 (full 0):
 garbage-first heap   total 114688K, used 66607K [0x0000000600000000, 0x0000000800000000)
  region size 4096K, 5 young (20480K), 1 survivors (4096K)
 Metaspace       used 63867K, committed 65856K, reserved 1114112K
  class space    used 9329K, committed 10304K, reserved 1048576K
}
Event: 112.888 GC heap after
{Heap after GC invocations=18 (full 0):
 garbage-first heap   total 114688K, used 54701K [0x0000000600000000, 0x0000000800000000)
  region size 4096K, 1 young (4096K), 1 survivors (4096K)
 Metaspace       used 63867K, committed 65856K, reserved 1114112K
  class space    used 9329K, committed 10304K, reserved 1048576K
}
Event: 120.958 GC heap before
{Heap before GC invocations=19 (full 0):
 garbage-first heap   total 114688K, used 103853K [0x0000000600000000, 0x0000000800000000)
  region size 4096K, 12 young (49152K), 1 survivors (4096K)
 Metaspace       used 66741K, committed 68736K, reserved 1114112K
  class space    used 9754K, committed 10752K, reserved 1048576K
}
Event: 120.990 GC heap after
{Heap after GC invocations=20 (full 0):
 garbage-first heap   total 114688K, used 61418K [0x0000000600000000, 0x0000000800000000)
  region size 4096K, 2 young (8192K), 2 survivors (8192K)
 Metaspace       used 66741K, committed 68736K, reserved 1114112K
  class space    used 9754K, committed 10752K, reserved 1048576K
}
Event: 134.127 GC heap before
{Heap before GC invocations=20 (full 0):
 garbage-first heap   total 114688K, used 102378K [0x0000000600000000, 0x0000000800000000)
  region size 4096K, 12 young (49152K), 2 survivors (8192K)
 Metaspace       used 68985K, committed 71040K, reserved 1114112K
  class space    used 10065K, committed 11072K, reserved 1048576K
}
Event: 134.152 GC heap after
{Heap after GC invocations=21 (full 0):
 garbage-first heap   total 118784K, used 63204K [0x0000000600000000, 0x0000000800000000)
  region size 4096K, 2 young (8192K), 2 survivors (8192K)
 Metaspace       used 68985K, committed 71040K, reserved 1114112K
  class space    used 10065K, committed 11072K, reserved 1048576K
}
Event: 279.932 GC heap before
{Heap before GC invocations=22 (full 0):
 garbage-first heap   total 118784K, used 104164K [0x0000000600000000, 0x0000000800000000)
  region size 4096K, 12 young (49152K), 2 survivors (8192K)
 Metaspace       used 71919K, committed 73920K, reserved 1114112K
  class space    used 10583K, committed 11584K, reserved 1048576K
}
Event: 280.000 GC heap after
{Heap after GC invocations=23 (full 0):
 garbage-first heap   total 118784K, used 66377K [0x0000000600000000, 0x0000000800000000)
  region size 4096K, 2 young (8192K), 2 survivors (8192K)
 Metaspace       used 71919K, committed 73920K, reserved 1114112K
  class space    used 10583K, committed 11584K, reserved 1048576K
}
Event: 310.991 GC heap before
{Heap before GC invocations=23 (full 0):
 garbage-first heap   total 118784K, used 103241K [0x0000000600000000, 0x0000000800000000)
  region size 4096K, 12 young (49152K), 2 survivors (8192K)
 Metaspace       used 73200K, committed 75328K, reserved 1114112K
  class space    used 10733K, committed 11776K, reserved 1048576K
}
Event: 311.101 GC heap after
{Heap after GC invocations=24 (full 0):
 garbage-first heap   total 126976K, used 69322K [0x0000000600000000, 0x0000000800000000)
  region size 4096K, 2 young (8192K), 2 survivors (8192K)
 Metaspace       used 73200K, committed 75328K, reserved 1114112K
  class space    used 10733K, committed 11776K, reserved 1048576K
}
Event: 317.640 GC heap before
{Heap before GC invocations=24 (full 0):
 garbage-first heap   total 126976K, used 106186K [0x0000000600000000, 0x0000000800000000)
  region size 4096K, 12 young (49152K), 2 survivors (8192K)
 Metaspace       used 73425K, committed 75456K, reserved 1114112K
  class space    used 10736K, committed 11776K, reserved 1048576K
}
Event: 317.701 GC heap after
{Heap after GC invocations=25 (full 0):
 garbage-first heap   total 126976K, used 73135K [0x0000000600000000, 0x0000000800000000)
  region size 4096K, 2 young (8192K), 2 survivors (8192K)
 Metaspace       used 73425K, committed 75456K, reserved 1114112K
  class space    used 10736K, committed 11776K, reserved 1048576K
}
Event: 321.516 GC heap before
{Heap before GC invocations=26 (full 0):
 garbage-first heap   total 131072K, used 109999K [0x0000000600000000, 0x0000000800000000)
  region size 4096K, 11 young (45056K), 2 survivors (8192K)
 Metaspace       used 73442K, committed 75520K, reserved 1114112K
  class space    used 10736K, committed 11776K, reserved 1048576K
}
Event: 321.544 GC heap after
{Heap after GC invocations=27 (full 0):
 garbage-first heap   total 131072K, used 74603K [0x0000000600000000, 0x0000000800000000)
  region size 4096K, 2 young (8192K), 2 survivors (8192K)
 Metaspace       used 73442K, committed 75520K, reserved 1114112K
  class space    used 10736K, committed 11776K, reserved 1048576K
}
Event: 325.680 GC heap before
{Heap before GC invocations=27 (full 0):
 garbage-first heap   total 131072K, used 111467K [0x0000000600000000, 0x0000000800000000)
  region size 4096K, 12 young (49152K), 2 survivors (8192K)
 Metaspace       used 73480K, committed 75584K, reserved 1114112K
  class space    used 10738K, committed 11776K, reserved 1048576K
}
Event: 325.702 GC heap after
{Heap after GC invocations=28 (full 0):
 garbage-first heap   total 131072K, used 76288K [0x0000000600000000, 0x0000000800000000)
  region size 4096K, 2 young (8192K), 2 survivors (8192K)
 Metaspace       used 73480K, committed 75584K, reserved 1114112K
  class space    used 10738K, committed 11776K, reserved 1048576K
}

Dll operation events (20 events):
Event: 0.959 Attempting to load shared library C:\Users\badya\.vscode\extensions\redhat.java-1.56.0-win32-x64\jre\21.0.12.1-win32-x86_64\bin\zip.dll
Event: 0.959 Loaded shared library C:\Users\badya\.vscode\extensions\redhat.java-1.56.0-win32-x64\jre\21.0.12.1-win32-x86_64\bin\zip.dll
Event: 2.664 Attempting to load shared library C:\Users\badya\.vscode\extensions\redhat.java-1.56.0-win32-x64\jre\21.0.12.1-win32-x86_64\bin\jimage.dll
Event: 2.665 Loaded shared library C:\Users\badya\.vscode\extensions\redhat.java-1.56.0-win32-x64\jre\21.0.12.1-win32-x86_64\bin\jimage.dll
Event: 3.495 Attempting to load shared library C:\Users\badya\.vscode\extensions\redhat.java-1.56.0-win32-x64\jre\21.0.12.1-win32-x86_64\bin\verify.dll
Event: 3.498 Loaded shared library C:\Users\badya\.vscode\extensions\redhat.java-1.56.0-win32-x64\jre\21.0.12.1-win32-x86_64\bin\verify.dll
Event: 4.075 Attempting to load shared library C:\Users\badya\.gradle\native\1def1411415f61bf3af743bc5b6707747c0891f09f0c88961ee8f79bc544acac\windows-amd64\native-platform.dll
Event: 4.109 Loaded shared library C:\Users\badya\.gradle\native\1def1411415f61bf3af743bc5b6707747c0891f09f0c88961ee8f79bc544acac\windows-amd64\native-platform.dll
Event: 4.120 Attempting to load shared library C:\Users\badya\.gradle\native\0.2.5\x86_64-windows-gnu\gradle-fileevents.dll
Event: 4.154 Loaded shared library C:\Users\badya\.gradle\native\0.2.5\x86_64-windows-gnu\gradle-fileevents.dll
Event: 10.967 Attempting to load shared library C:\Users\badya\.vscode\extensions\redhat.java-1.56.0-win32-x64\jre\21.0.12.1-win32-x86_64\bin\management.dll
Event: 11.091 Loaded shared library C:\Users\badya\.vscode\extensions\redhat.java-1.56.0-win32-x64\jre\21.0.12.1-win32-x86_64\bin\management.dll
Event: 11.116 Attempting to load shared library C:\Users\badya\.vscode\extensions\redhat.java-1.56.0-win32-x64\jre\21.0.12.1-win32-x86_64\bin\management_ext.dll
Event: 11.142 Loaded shared library C:\Users\badya\.vscode\extensions\redhat.java-1.56.0-win32-x64\jre\21.0.12.1-win32-x86_64\bin\management_ext.dll
Event: 12.619 Attempting to load shared library C:\Users\badya\.vscode\extensions\redhat.java-1.56.0-win32-x64\jre\21.0.12.1-win32-x86_64\bin\extnet.dll
Event: 12.620 Loaded shared library C:\Users\badya\.vscode\extensions\redhat.java-1.56.0-win32-x64\jre\21.0.12.1-win32-x86_64\bin\extnet.dll
Event: 13.534 Attempting to load shared library C:\Users\badya\.vscode\extensions\redhat.java-1.56.0-win32-x64\jre\21.0.12.1-win32-x86_64\bin\sunmscapi.dll
Event: 13.568 Loaded shared library C:\Users\badya\.vscode\extensions\redhat.java-1.56.0-win32-x64\jre\21.0.12.1-win32-x86_64\bin\sunmscapi.dll
Event: 23.078 Attempting to load shared library C:\Users\badya\AppData\Local\Temp\native-platform11467425444283882357dir\gradle-fileevents.dll
Event: 23.094 Loaded shared library C:\Users\badya\AppData\Local\Temp\native-platform11467425444283882357dir\gradle-fileevents.dll

Deoptimization events (20 events):
Event: 323.484 Thread 0x00000243808a0f60 DEOPT PACKING pc=0x0000024399bc3d70 sp=0x000000e23d6fd410
Event: 323.485 Thread 0x00000243808a0f60 DEOPT UNPACKING pc=0x0000024399167ba2 sp=0x000000e23d6fd240 mode 2
Event: 326.292 Thread 0x00000243fd339b60 DEOPT PACKING pc=0x0000024389fe0808 sp=0x000000e2378f8e90
Event: 326.292 Thread 0x00000243fd339b60 DEOPT UNPACKING pc=0x00000243991686e2 sp=0x000000e2378f8378 mode 0
Event: 326.323 Thread 0x00000243fd339b60 DEOPT PACKING pc=0x0000024389fe0808 sp=0x000000e2378f8e90
Event: 326.324 Thread 0x00000243fd339b60 DEOPT UNPACKING pc=0x00000243991686e2 sp=0x000000e2378f8378 mode 0
Event: 326.365 Thread 0x00000243fd339b60 DEOPT PACKING pc=0x0000024389fe0808 sp=0x000000e2378f8e90
Event: 326.365 Thread 0x00000243fd339b60 DEOPT UNPACKING pc=0x00000243991686e2 sp=0x000000e2378f8378 mode 0
Event: 327.486 Thread 0x00000243fd339b60 Uncommon trap: trap_request=0xffffffd6 fr.pc=0x0000024399b1a1f4 relative=0x0000000000000a14
Event: 327.486 Thread 0x00000243fd339b60 Uncommon trap: reason=array_check action=maybe_recompile pc=0x0000024399b1a1f4 method=java.util.TimSort.binarySort([Ljava/lang/Object;IIILjava/util/Comparator;)V @ 183 c2
Event: 327.486 Thread 0x00000243fd339b60 DEOPT PACKING pc=0x0000024399b1a1f4 sp=0x000000e2378f7890
Event: 327.486 Thread 0x00000243fd339b60 DEOPT UNPACKING pc=0x0000024399167ba2 sp=0x000000e2378f7838 mode 2
Event: 329.139 Thread 0x00000243fd339b60 Uncommon trap: trap_request=0xffffffd6 fr.pc=0x0000024399b2538c relative=0x00000000000003cc
Event: 329.139 Thread 0x00000243fd339b60 Uncommon trap: reason=array_check action=maybe_recompile pc=0x0000024399b2538c method=java.util.LinkedHashMap.keysToArray([Ljava/lang/Object;Z)[Ljava/lang/Object; @ 67 c2
Event: 329.139 Thread 0x00000243fd339b60 DEOPT PACKING pc=0x0000024399b2538c sp=0x000000e2378f7c50
Event: 329.139 Thread 0x00000243fd339b60 DEOPT UNPACKING pc=0x0000024399167ba2 sp=0x000000e2378f7bf0 mode 2
Event: 329.873 Thread 0x00000243fd339b60 Uncommon trap: trap_request=0xffffff45 fr.pc=0x00000243997b47f0 relative=0x0000000000000330
Event: 329.874 Thread 0x00000243fd339b60 Uncommon trap: reason=unstable_if action=reinterpret pc=0x00000243997b47f0 method=java.lang.String.indexOf([BBILjava/lang/String;I)I @ 22 c2
Event: 329.874 Thread 0x00000243fd339b60 DEOPT PACKING pc=0x00000243997b47f0 sp=0x000000e2378f6ec0
Event: 329.874 Thread 0x00000243fd339b60 DEOPT UNPACKING pc=0x0000024399167ba2 sp=0x000000e2378f6dd0 mode 2

Classes loaded (20 events):
Event: 275.777 Loading class java/util/stream/ReferencePipeline$4
Event: 275.778 Loading class java/util/stream/IntPipeline$StatelessOp
Event: 275.784 Loading class java/util/stream/IntPipeline$StatelessOp done
Event: 275.784 Loading class java/util/stream/ReferencePipeline$4 done
Event: 275.788 Loading class java/util/stream/ReduceOps$6
Event: 275.886 Loading class java/util/stream/ReduceOps$6 done
Event: 275.886 Loading class java/util/stream/ReduceOps$5ReducingSink
Event: 275.886 Loading class java/util/stream/ReduceOps$5ReducingSink done
Event: 275.886 Loading class java/util/stream/ReferencePipeline$4$1
Event: 275.887 Loading class java/util/stream/ReferencePipeline$4$1 done
Event: 302.139 Loading class java/time/Instant$1
Event: 302.150 Loading class java/time/Instant$1 done
Event: 304.405 Loading class java/util/concurrent/ConcurrentLinkedQueue$Itr
Event: 304.408 Loading class java/util/concurrent/ConcurrentLinkedQueue$Itr done
Event: 309.021 Loading class java/util/Collections$ReverseComparator
Event: 309.026 Loading class java/util/Collections$ReverseComparator done
Event: 309.026 Loading class java/util/Collections$ReverseComparator2
Event: 309.028 Loading class java/util/Collections$ReverseComparator2 done
Event: 332.334 Loading class java/io/NotSerializableException
Event: 332.335 Loading class java/io/NotSerializableException done

Classes unloaded (0 events):
No events

Classes redefined (0 events):
No events

Internal exceptions (20 events):
Event: 271.429 Thread 0x00000243fdf603c0 Exception <a 'java/lang/NoSuchMethodError'{0x000000060499e590}: 'java.lang.Object java.lang.invoke.DirectMethodHandle$Holder.newInvokeSpecial(java.lang.Object, java.lang.Object, int, java.lang.Object, java.lang.Object)'> (0x000000060499e590) 
thrown [s\src\hotspot\share\interpreter\linkResolver.cpp, line 773]
Event: 273.284 Thread 0x00000243fdf60a50 Exception <a 'java/lang/NoSuchMethodError'{0x000000060445c460}: 'java.lang.Object java.lang.invoke.DirectMethodHandle$Holder.invokeVirtual(java.lang.Object, java.lang.Object, java.lang.Object, java.lang.Object, java.lang.Object, java.lang.Object, java.lang.Object, java.lang.Object, java.lang.Object, java.lang.Object, java.lang.Object, java.lang.Object, java.lang.Object, java.lang.Object, java.lang.Object, java.lang.Object, java.lang.Object, java.lang.Object, java.lang.Object)'> (0x000000060445c460) 
thrown
Event: 274.721 Thread 0x00000243fdf60a50 Exception <a 'java/lang/NoSuchMethodError'{0x00000006045a2220}: 'void java.lang.invoke.DirectMethodHandle$Holder.invokeSpecial(java.lang.Object, java.lang.Object, java.lang.Object, java.lang.Object, int, java.lang.Object, java.lang.Object)'> (0x00000006045a2220) 
thrown [s\src\hotspot\share\interpreter\linkResolver.cpp, line 773]
Event: 275.358 Thread 0x00000243fdf5b500 Exception <a 'java/lang/NoSuchMethodError'{0x00000006047115a0}: static Ljava/lang/Object;.<clinit>()V> (0x00000006047115a0) 
thrown [s\src\hotspot\share\prims\jni.cpp, line 1111]
Event: 275.670 Thread 0x00000243fdf5b500 Exception <a 'java/lang/NoSuchMethodError'{0x00000006047c3b98}: static Lorg/jetbrains/kotlin/gradle/plugin/statistics/MetricContainer;.<clinit>()V> (0x00000006047c3b98) 
thrown [s\src\hotspot\share\prims\jni.cpp, line 1111]
Event: 276.303 Thread 0x00000243fdf60a50 Exception <a 'java/lang/NoSuchMethodError'{0x0000000604158090}: 'int java.lang.invoke.DirectMethodHandle$Holder.invokeSpecial(java.lang.Object, java.lang.Object, java.lang.Object, java.lang.Object, java.lang.Object)'> (0x0000000604158090) 
thrown [s\src\hotspot\share\interpreter\linkResolver.cpp, line 773]
Event: 277.971 Thread 0x00000243fdf60a50 Exception <a 'java/lang/IncompatibleClassChangeError'{0x0000000603c745a8}: Found class java.lang.Object, but interface was expected> (0x0000000603c745a8) 
thrown [s\src\hotspot\share\interpreter\linkResolver.cpp, line 840]
Event: 284.422 Thread 0x00000243fdf60a50 Exception <a 'java/lang/NoSuchMethodError'{0x0000000605c63738}: static Ljava/lang/Object;.<clinit>()V> (0x0000000605c63738) 
thrown [s\src\hotspot\share\prims\jni.cpp, line 1111]
Event: 299.411 Thread 0x00000243fdf60a50 Exception <a 'java/lang/NoSuchMethodError'{0x000000060509ce98}: 'int java.lang.invoke.DirectMethodHandle$Holder.invokeStaticInit(java.lang.Object, java.lang.Object, java.lang.Object, java.lang.Object, java.lang.Object)'> (0x000000060509ce98) 
thrown [s\src\hotspot\share\interpreter\linkResolver.cpp, line 773]
Event: 303.148 Thread 0x00000243fdf60a50 Exception <a 'sun/nio/fs/WindowsException'{0x0000000605302750}> (0x0000000605302750) 
thrown [s\src\hotspot\share\prims\jni.cpp, line 520]
Event: 303.154 Thread 0x00000243fdf60a50 Exception <a 'sun/nio/fs/WindowsException'{0x0000000605304a50}> (0x0000000605304a50) 
thrown [s\src\hotspot\share\prims\jni.cpp, line 520]
Event: 303.155 Thread 0x00000243fdf60a50 Exception <a 'sun/nio/fs/WindowsException'{0x0000000605306ae0}> (0x0000000605306ae0) 
thrown [s\src\hotspot\share\prims\jni.cpp, line 520]
Event: 303.156 Thread 0x00000243fdf60a50 Exception <a 'sun/nio/fs/WindowsException'{0x00000006053088a8}> (0x00000006053088a8) 
thrown [s\src\hotspot\share\prims\jni.cpp, line 520]
Event: 303.207 Thread 0x00000243fdf60a50 Exception <a 'sun/nio/fs/WindowsException'{0x000000060534c878}> (0x000000060534c878) 
thrown [s\src\hotspot\share\prims\jni.cpp, line 520]
Event: 303.208 Thread 0x00000243fdf60a50 Exception <a 'sun/nio/fs/WindowsException'{0x000000060534e7d0}> (0x000000060534e7d0) 
thrown [s\src\hotspot\share\prims\jni.cpp, line 520]
Event: 303.209 Thread 0x00000243fdf60a50 Exception <a 'sun/nio/fs/WindowsException'{0x00000006053503c0}> (0x00000006053503c0) 
thrown [s\src\hotspot\share\prims\jni.cpp, line 520]
Event: 316.517 Thread 0x0000024380e4fb90 Implicit null exception at 0x0000024399b8ab6a to 0x0000024399b8ac1c
Event: 321.016 Thread 0x00000243fd339b60 Implicit null exception at 0x0000024399ba3c47 to 0x0000024399ba45bc
Event: 321.151 Thread 0x000002438089f520 Implicit null exception at 0x0000024399b6763d to 0x0000024399b676b1
Event: 333.414 Thread 0x00000243fd339b60 Exception <a 'java/lang/NoSuchMethodError'{0x0000000606d7c7a8}: 'java.lang.Object java.lang.invoke.Invokers$Holder.invokeExact_MT(java.lang.Object, java.lang.Object, java.lang.Object, int, java.lang.Object, java.lang.Object)'> (0x0000000606d7c7a8) 
thrown [s\src\hotspot\share\interpreter\linkResolver.cpp, line 773]

ZGC Phase Switch (0 events):
No events

VM Operations (20 events):
Event: 324.620 Executing safepoint VM operation: Cleanup
Event: 324.699 Executing safepoint VM operation: Cleanup done
Event: 325.680 Executing safepoint VM operation: G1CollectForAllocation (G1 Evacuation Pause)
Event: 325.702 Executing safepoint VM operation: G1CollectForAllocation (G1 Evacuation Pause) done
Event: 325.972 Executing safepoint VM operation: G1PauseRemark
Event: 326.007 Executing safepoint VM operation: G1PauseRemark done
Event: 326.085 Executing safepoint VM operation: G1PauseCleanup
Event: 326.086 Executing safepoint VM operation: G1PauseCleanup done
Event: 327.093 Executing safepoint VM operation: Cleanup
Event: 327.109 Executing safepoint VM operation: Cleanup done
Event: 328.117 Executing safepoint VM operation: Cleanup
Event: 328.117 Executing safepoint VM operation: Cleanup done
Event: 329.122 Executing safepoint VM operation: Cleanup
Event: 329.122 Executing safepoint VM operation: Cleanup done
Event: 330.130 Executing safepoint VM operation: Cleanup
Event: 330.147 Executing safepoint VM operation: Cleanup done
Event: 331.153 Executing safepoint VM operation: Cleanup
Event: 331.153 Executing safepoint VM operation: Cleanup done
Event: 333.175 Executing safepoint VM operation: Cleanup
Event: 333.175 Executing safepoint VM operation: Cleanup done

Memory protections (0 events):
No events

Nmethod flushes (20 events):
Event: 326.004 Thread 0x00000243b3ac1ab0 flushing  nmethod 0x0000024389e6bf10
Event: 326.004 Thread 0x00000243b3ac1ab0 flushing  nmethod 0x0000024389e92690
Event: 326.004 Thread 0x00000243b3ac1ab0 flushing  nmethod 0x0000024389e93410
Event: 326.004 Thread 0x00000243b3ac1ab0 flushing  nmethod 0x0000024389e93790
Event: 326.004 Thread 0x00000243b3ac1ab0 flushing  nmethod 0x000002438a0f6f90
Event: 326.004 Thread 0x00000243b3ac1ab0 flushing  nmethod 0x000002438a46ba10
Event: 326.004 Thread 0x00000243b3ac1ab0 flushing  nmethod 0x0000024389949390
Event: 326.004 Thread 0x00000243b3ac1ab0 flushing  nmethod 0x000002438994bd10
Event: 326.004 Thread 0x00000243b3ac1ab0 flushing  nmethod 0x0000024389996790
Event: 326.004 Thread 0x00000243b3ac1ab0 flushing  nmethod 0x00000243899d0590
Event: 326.004 Thread 0x00000243b3ac1ab0 flushing  nmethod 0x0000024389c91090
Event: 326.004 Thread 0x00000243b3ac1ab0 flushing  nmethod 0x0000024389d89790
Event: 326.004 Thread 0x00000243b3ac1ab0 flushing  nmethod 0x0000024389d8b790
Event: 326.004 Thread 0x00000243b3ac1ab0 flushing  nmethod 0x0000024389d8c910
Event: 326.004 Thread 0x00000243b3ac1ab0 flushing  nmethod 0x0000024389db7590
Event: 326.005 Thread 0x00000243b3ac1ab0 flushing  nmethod 0x0000024389dc0890
Event: 326.005 Thread 0x00000243b3ac1ab0 flushing  nmethod 0x0000024389e5b010
Event: 326.005 Thread 0x00000243b3ac1ab0 flushing  nmethod 0x0000024389eb8090
Event: 326.005 Thread 0x00000243b3ac1ab0 flushing  nmethod 0x0000024389f0a310
Event: 326.005 Thread 0x00000243b3ac1ab0 flushing  nmethod 0x0000024389f56290

Events (20 events):
Event: 309.870 Thread 0x00000243fd339b60 Thread added: 0x000002438089c730
Event: 309.870 Thread 0x00000243fd339b60 Thread added: 0x000002438089cdc0
Event: 309.883 Thread 0x00000243fd339b60 Thread added: 0x000002438089d450
Event: 309.946 Thread 0x00000243fd339b60 Thread added: 0x000002438089ee90
Event: 309.947 Thread 0x00000243fd339b60 Thread added: 0x000002438089dae0
Event: 309.948 Thread 0x00000243fd339b60 Thread added: 0x000002438089ba10
Event: 311.171 Thread 0x00000243fd339b60 Thread added: 0x000002438089e170
Event: 311.172 Thread 0x00000243fd339b60 Thread added: 0x000002438089e800
Event: 311.194 Thread 0x00000243fd339b60 Thread added: 0x000002438089fbb0
Event: 311.238 Thread 0x00000243fd339b60 Thread added: 0x00000243808a08d0
Event: 311.241 Thread 0x00000243fd339b60 Thread added: 0x00000243808a2310
Event: 311.244 Thread 0x00000243fd339b60 Thread added: 0x00000243808a15f0
Event: 311.252 Thread 0x00000243fd339b60 Thread added: 0x00000243808a1c80
Event: 316.479 Thread 0x00000243fd339b60 Thread added: 0x00000243808a0240
Event: 316.491 Thread 0x00000243fd339b60 Thread added: 0x00000243808a29a0
Event: 316.495 Thread 0x00000243fd339b60 Thread added: 0x00000243808a0f60
Event: 316.497 Thread 0x00000243fd339b60 Thread added: 0x000002438089f520
Event: 316.498 Thread 0x00000243fd339b60 Thread added: 0x0000024380e50220
Event: 316.499 Thread 0x00000243fd339b60 Thread added: 0x0000024380e4ee70
Event: 316.500 Thread 0x00000243fd339b60 Thread added: 0x0000024380e4fb90


Dynamic libraries:
0x00007ff789510000 - 0x00007ff78951e000 	C:\Users\badya\.vscode\extensions\redhat.java-1.56.0-win32-x64\jre\21.0.12.1-win32-x86_64\bin\java.exe
0x00007ffdee340000 - 0x00007ffdee5a7000 	C:\WINDOWS\SYSTEM32\ntdll.dll
0x00007ffdecda0000 - 0x00007ffdece6b000 	C:\WINDOWS\System32\KERNEL32.DLL
0x00007ffdebb20000 - 0x00007ffdebf22000 	C:\WINDOWS\System32\KERNELBASE.dll
0x00007ffdeb740000 - 0x00007ffdeb88c000 	C:\WINDOWS\System32\ucrtbase.dll
0x00007ffdc1590000 - 0x00007ffdc15a8000 	C:\Users\badya\.vscode\extensions\redhat.java-1.56.0-win32-x64\jre\21.0.12.1-win32-x86_64\bin\jli.dll
0x00007ffdec0f0000 - 0x00007ffdec2bf000 	C:\WINDOWS\System32\USER32.dll
0x00007ffdeb8a0000 - 0x00007ffdeb8c7000 	C:\WINDOWS\System32\win32u.dll
0x00007ffded360000 - 0x00007ffded38b000 	C:\WINDOWS\System32\GDI32.dll
0x00007ffdebf30000 - 0x00007ffdec059000 	C:\WINDOWS\System32\gdi32full.dll
0x00007ffdeb690000 - 0x00007ffdeb733000 	C:\WINDOWS\System32\msvcp_win.dll
0x00007ffdc49f0000 - 0x00007ffdc4a0e000 	C:\Users\badya\.vscode\extensions\redhat.java-1.56.0-win32-x64\jre\21.0.12.1-win32-x86_64\bin\VCRUNTIME140.dll
0x00007ffdd11d0000 - 0x00007ffdd1460000 	C:\WINDOWS\WinSxS\amd64_microsoft.windows.common-controls_6595b64144ccf1df_6.0.26100.9278_none_3e0d1ba8e3303201\COMCTL32.dll
0x00007ffded3a0000 - 0x00007ffded449000 	C:\WINDOWS\System32\msvcrt.dll
0x00007ffdec0b0000 - 0x00007ffdec0e1000 	C:\WINDOWS\System32\IMM32.DLL
0x00007ffdd6850000 - 0x00007ffdd685c000 	C:\Users\badya\.vscode\extensions\redhat.java-1.56.0-win32-x64\jre\21.0.12.1-win32-x86_64\bin\vcruntime140_1.dll
0x00007ffd85180000 - 0x00007ffd8520d000 	C:\Users\badya\.vscode\extensions\redhat.java-1.56.0-win32-x64\jre\21.0.12.1-win32-x86_64\bin\msvcp140.dll
0x00007ffd269e0000 - 0x00007ffd27782000 	C:\Users\badya\.vscode\extensions\redhat.java-1.56.0-win32-x64\jre\21.0.12.1-win32-x86_64\bin\server\jvm.dll
0x00007ffdec2d0000 - 0x00007ffdec38c000 	C:\WINDOWS\System32\ADVAPI32.dll
0x00007ffded0e0000 - 0x00007ffded189000 	C:\WINDOWS\System32\sechost.dll
0x00007ffdec9a0000 - 0x00007ffdecab8000 	C:\WINDOWS\System32\RPCRT4.dll
0x00007ffdec580000 - 0x00007ffdec600000 	C:\WINDOWS\System32\WS2_32.dll
0x00007ffdeb3a0000 - 0x00007ffdeb3fe000 	C:\WINDOWS\SYSTEM32\POWRPROF.dll
0x00007ffdd1db0000 - 0x00007ffdd1de6000 	C:\WINDOWS\SYSTEM32\WINMM.dll
0x00007ffdd9690000 - 0x00007ffdd969b000 	C:\WINDOWS\SYSTEM32\VERSION.dll
0x00007ffdeb380000 - 0x00007ffdeb395000 	C:\WINDOWS\SYSTEM32\UMPDC.dll
0x00007ffdea210000 - 0x00007ffdea22b000 	C:\WINDOWS\SYSTEM32\kernel.appcore.dll
0x00007ffdd67e0000 - 0x00007ffdd67ea000 	C:\Users\badya\.vscode\extensions\redhat.java-1.56.0-win32-x64\jre\21.0.12.1-win32-x86_64\bin\jimage.dll
0x00007ffde8a30000 - 0x00007ffde8c7c000 	C:\WINDOWS\SYSTEM32\DBGHELP.DLL
0x00007ffdec610000 - 0x00007ffdec995000 	C:\WINDOWS\System32\combase.dll
0x00007ffded190000 - 0x00007ffded269000 	C:\WINDOWS\System32\OLEAUT32.dll
0x00007ffdd2e80000 - 0x00007ffdd2ebb000 	C:\WINDOWS\SYSTEM32\dbgcore.DLL
0x00007ffdeba60000 - 0x00007ffdebb0c000 	C:\WINDOWS\System32\bcryptPrimitives.dll
0x00007ffdc8ed0000 - 0x00007ffdc8edf000 	C:\Users\badya\.vscode\extensions\redhat.java-1.56.0-win32-x64\jre\21.0.12.1-win32-x86_64\bin\instrument.dll
0x00007ffdc1570000 - 0x00007ffdc1590000 	C:\Users\badya\.vscode\extensions\redhat.java-1.56.0-win32-x64\jre\21.0.12.1-win32-x86_64\bin\java.dll
0x00007ffdedab0000 - 0x00007ffdee248000 	C:\WINDOWS\System32\SHELL32.dll
0x00007ffde8f70000 - 0x00007ffde981e000 	C:\WINDOWS\SYSTEM32\windows.storage.dll
0x00007ffdece70000 - 0x00007ffdecf6b000 	C:\WINDOWS\System32\SHCORE.dll
0x00007ffded900000 - 0x00007ffded966000 	C:\WINDOWS\System32\shlwapi.dll
0x00007ffdeb460000 - 0x00007ffdeb489000 	C:\WINDOWS\SYSTEM32\profapi.dll
0x00007ffdc0f80000 - 0x00007ffdc0f98000 	C:\Users\badya\.vscode\extensions\redhat.java-1.56.0-win32-x64\jre\21.0.12.1-win32-x86_64\bin\zip.dll
0x00007ffdd4ab0000 - 0x00007ffdd4ac0000 	C:\Users\badya\.vscode\extensions\redhat.java-1.56.0-win32-x64\jre\21.0.12.1-win32-x86_64\bin\net.dll
0x00007ffddbbf0000 - 0x00007ffddbd1a000 	C:\WINDOWS\SYSTEM32\WINHTTP.dll
0x00007ffdea7d0000 - 0x00007ffdea83c000 	C:\WINDOWS\system32\mswsock.dll
0x00007ffdbcf80000 - 0x00007ffdbcf96000 	C:\Users\badya\.vscode\extensions\redhat.java-1.56.0-win32-x64\jre\21.0.12.1-win32-x86_64\bin\nio.dll
0x00007ffdd3590000 - 0x00007ffdd35a0000 	C:\Users\badya\.vscode\extensions\redhat.java-1.56.0-win32-x64\jre\21.0.12.1-win32-x86_64\bin\verify.dll
0x00007ffdb3bd0000 - 0x00007ffdb3bf7000 	C:\Users\badya\.gradle\native\1def1411415f61bf3af743bc5b6707747c0891f09f0c88961ee8f79bc544acac\windows-amd64\native-platform.dll
0x00000000529b0000 - 0x0000000052a23000 	C:\Users\badya\.gradle\native\0.2.5\x86_64-windows-gnu\gradle-fileevents.dll
0x00007ffdd1970000 - 0x00007ffdd197a000 	C:\Users\badya\.vscode\extensions\redhat.java-1.56.0-win32-x64\jre\21.0.12.1-win32-x86_64\bin\management.dll
0x00007ffdd18b0000 - 0x00007ffdd18bc000 	C:\Users\badya\.vscode\extensions\redhat.java-1.56.0-win32-x64\jre\21.0.12.1-win32-x86_64\bin\management_ext.dll
0x00007ffded390000 - 0x00007ffded398000 	C:\WINDOWS\System32\PSAPI.DLL
0x00007ffdeaac0000 - 0x00007ffdeaadb000 	C:\WINDOWS\SYSTEM32\CRYPTSP.dll
0x00007ffdea170000 - 0x00007ffdea1a9000 	C:\WINDOWS\system32\rsaenh.dll
0x00007ffdea880000 - 0x00007ffdea8b4000 	C:\WINDOWS\SYSTEM32\USERENV.dll
0x00007ffdeb430000 - 0x00007ffdeb45a000 	C:\WINDOWS\SYSTEM32\bcrypt.dll
0x00007ffdeaae0000 - 0x00007ffdeaaec000 	C:\WINDOWS\SYSTEM32\CRYPTBASE.dll
0x00007ffde9be0000 - 0x00007ffde9c13000 	C:\WINDOWS\SYSTEM32\IPHLPAPI.DLL
0x00007ffdedaa0000 - 0x00007ffdedaaa000 	C:\WINDOWS\System32\NSI.dll
0x00007ffdcb340000 - 0x00007ffdcb349000 	C:\Users\badya\.vscode\extensions\redhat.java-1.56.0-win32-x64\jre\21.0.12.1-win32-x86_64\bin\extnet.dll
0x00007ffdc8dc0000 - 0x00007ffdc8dce000 	C:\Users\badya\.vscode\extensions\redhat.java-1.56.0-win32-x64\jre\21.0.12.1-win32-x86_64\bin\sunmscapi.dll
0x00007ffdeb8d0000 - 0x00007ffdeba4e000 	C:\WINDOWS\System32\CRYPT32.dll
0x00007ffdead00000 - 0x00007ffdead30000 	C:\WINDOWS\SYSTEM32\ncrypt.dll
0x00007ffdeacb0000 - 0x00007ffdeacef000 	C:\WINDOWS\SYSTEM32\NTASN1.dll
0x00007ffdd1e00000 - 0x00007ffdd1e08000 	C:\WINDOWS\system32\wshunix.dll
0x0000000052630000 - 0x00000000526a3000 	C:\Users\badya\AppData\Local\Temp\native-platform11467425444283882357dir\gradle-fileevents.dll
0x00007ffdbdc60000 - 0x00007ffdbdc78000 	C:\WINDOWS\system32\napinsp.dll
0x00007ffde9c80000 - 0x00007ffde9dd8000 	C:\WINDOWS\SYSTEM32\DNSAPI.dll
0x00007ffdea5d0000 - 0x00007ffdea5dd000 	C:\WINDOWS\SYSTEM32\DSPARSE.dll
0x00007ffdbc8d0000 - 0x00007ffdbc8e3000 	C:\WINDOWS\System32\winrnr.dll
0x00007ffdb3610000 - 0x00007ffdb3637000 	C:\WINDOWS\system32\nlansp_c.dll
0x00007ffdb35f0000 - 0x00007ffdb3606000 	C:\WINDOWS\system32\wshbth.dll
0x00007ffddbdf0000 - 0x00007ffddbdfb000 	C:\Windows\System32\rasadhlp.dll
0x00007ffde2a80000 - 0x00007ffde2b06000 	C:\WINDOWS\System32\fwpuclnt.dll

JVMTI agents:
C:\Users\badya\.gradle\wrapper\dists\gradle-8.12-all\ejduaidbjup3bmmkhw3rie4zb\gradle-8.12\lib\agents\gradle-instrumentation-agent-8.12.jar path:C:\Users\badya\.vscode\extensions\redhat.java-1.56.0-win32-x64\jre\21.0.12.1-win32-x86_64\bin\instrument.dll, loaded, initialized, instrumentlib options:none

dbghelp: loaded successfully - version: 4.0.5 - missing functions: none
symbol engine: initialized successfully - sym options: 0x614 - pdb path: .;C:\Users\badya\.vscode\extensions\redhat.java-1.56.0-win32-x64\jre\21.0.12.1-win32-x86_64\bin;C:\WINDOWS\SYSTEM32;C:\WINDOWS\WinSxS\amd64_microsoft.windows.common-controls_6595b64144ccf1df_6.0.26100.9278_none_3e0d1ba8e3303201;C:\Users\badya\.vscode\extensions\redhat.java-1.56.0-win32-x64\jre\21.0.12.1-win32-x86_64\bin\server;C:\Users\badya\.gradle\native\1def1411415f61bf3af743bc5b6707747c0891f09f0c88961ee8f79bc544acac\windows-amd64;C:\Users\badya\.gradle\native\0.2.5\x86_64-windows-gnu;C:\Users\badya\AppData\Local\Temp\native-platform11467425444283882357dir

VM Arguments:
jvm_args: --add-opens=java.base/java.lang=ALL-UNNAMED --add-opens=java.base/java.lang.invoke=ALL-UNNAMED --add-opens=java.base/java.util=ALL-UNNAMED --add-opens=java.prefs/java.util.prefs=ALL-UNNAMED --add-exports=jdk.compiler/com.sun.tools.javac.api=ALL-UNNAMED --add-exports=jdk.compiler/com.sun.tools.javac.util=ALL-UNNAMED --add-opens=java.base/java.util=ALL-UNNAMED --add-opens=java.prefs/java.util.prefs=ALL-UNNAMED --add-opens=java.base/java.nio.charset=ALL-UNNAMED --add-opens=java.base/java.net=ALL-UNNAMED --add-opens=java.base/java.util.concurrent.atomic=ALL-UNNAMED --add-opens=java.xml/javax.xml.namespace=ALL-UNNAMED -XX:MaxMetaspaceSize=4G -XX:ReservedCodeCacheSize=512m -XX:+HeapDumpOnOutOfMemoryError -Xmx8G -Dfile.encoding=UTF-8 -Duser.country=FR -Duser.language=fr -Duser.variant -javaagent:C:\Users\badya\.gradle\wrapper\dists\gradle-8.12-all\ejduaidbjup3bmmkhw3rie4zb\gradle-8.12\lib\agents\gradle-instrumentation-agent-8.12.jar 
java_command: org.gradle.launcher.daemon.bootstrap.GradleDaemon 8.12
java_class_path (initial): C:\Users\badya\.gradle\wrapper\dists\gradle-8.12-all\ejduaidbjup3bmmkhw3rie4zb\gradle-8.12\lib\gradle-daemon-main-8.12.jar
Launcher Type: SUN_STANDARD

[Global flags]
     intx CICompilerCount                          = 4                                         {product} {ergonomic}
     uint ConcGCThreads                            = 2                                         {product} {ergonomic}
     uint G1ConcRefinementThreads                  = 8                                         {product} {ergonomic}
   size_t G1HeapRegionSize                         = 4194304                                   {product} {ergonomic}
    uintx GCDrainStackTargetSize                   = 64                                        {product} {ergonomic}
     bool HeapDumpOnOutOfMemoryError               = true                                   {manageable} {command line}
   size_t InitialHeapSize                          = 130023424                                 {product} {ergonomic}
   size_t MarkStackSize                            = 4194304                                   {product} {ergonomic}
   size_t MaxHeapSize                              = 8589934592                                {product} {command line}
   size_t MaxMetaspaceSize                         = 4294967296                                {product} {command line}
   size_t MaxNewSize                               = 5150605312                                {product} {ergonomic}
   size_t MinHeapDeltaBytes                        = 4194304                                   {product} {ergonomic}
   size_t MinHeapSize                              = 8388608                                   {product} {ergonomic}
    uintx NonNMethodCodeHeapSize                   = 5839372                                {pd product} {ergonomic}
    uintx NonProfiledCodeHeapSize                  = 265515770                              {pd product} {ergonomic}
    uintx ProfiledCodeHeapSize                     = 265515770                              {pd product} {ergonomic}
    uintx ReservedCodeCacheSize                    = 536870912                              {pd product} {command line}
     bool SegmentedCodeCache                       = true                                      {product} {ergonomic}
   size_t SoftMaxHeapSize                          = 8589934592                             {manageable} {ergonomic}
     bool UseCompressedOops                        = true                           {product lp64_product} {ergonomic}
     bool UseG1GC                                  = true                                      {product} {ergonomic}
     bool UseLargePagesIndividualAllocation        = false                                  {pd product} {ergonomic}

Logging:
Log output configuration:
 #0: stdout all=warning uptime,level,tags foldmultilines=false
 #1: stderr all=off uptime,level,tags foldmultilines=false

Release file:
JAVA_VERSION="21.0.12.1" 
MODULES="java.base java.compiler java.datatransfer java.xml java.prefs java.desktop java.instrument java.logging java.management java.security.sasl java.naming java.rmi java.management.rmi java.net.http java.scripting java.security.jgss java.transaction.xa java.sql java.sql.rowset java.xml.crypto java.se java.smartcardio jdk.accessibility jdk.internal.jvmstat jdk.attach jdk.charsets jdk.internal.opt jdk.zipfs jdk.compiler jdk.crypto.ec jdk.crypto.cryptoki jdk.crypto.mscapi jdk.dynalink jdk.internal.ed jdk.editpad jdk.hotspot.agent jdk.httpserver jdk.internal.le jdk.internal.vm.ci jdk.internal.vm.compiler jdk.internal.vm.compiler.management jdk.jartool jdk.javadoc jdk.jcmd jdk.management jdk.management.agent jdk.jconsole jdk.jdeps jdk.jdwp.agent jdk.jdi jdk.jfr jdk.jshell jdk.jsobject jdk.jstatd jdk.localedata jdk.management.jfr jdk.naming.dns jdk.naming.rmi jdk.net jdk.nio.mapmode jdk.random jdk.sctp jdk.security.auth jdk.security.jgss jdk.unsupported jdk.unsupported.desktop jdk.xml.dom" 

Environment Variables:
JAVA_HOME=C:\Users\badya\.jdk\jdk-21.0.8
PATH=C:\Program Files\Python310\Scripts\;C:\Program Files\Python310\;C:\Program Files\Eclipse Adoptium\jdk-25.0.2.10-hotspot\bin;C:\Program Files\Eclipse Adoptium\jdk-8.0.472.8-hotspot\bin;C:\Program Files\Common Files\Oracle\Java\javapath;C:\Program Files\Eclipse Adoptium\jdk-17.0.13.11-hotspot\bin;C:\app\badya\product\21c\dbhomeXE\bin;C:\Windows\system32;C:\Windows;C:\Windows\System32\Wbem;C:\Windows\System32\WindowsPowerShell\v1.0\;C:\Windows\System32\OpenSSH\;C:\Program Files (x86)\NVIDIA Corporation\PhysX\Common;C:\Program Files\NVIDIA Corporation\NVIDIA NvDLISR;C:\WINDOWS\system32;C:\WINDOWS;C:\WINDOWS\System32\Wbem;C:\WINDOWS\System32\WindowsPowerShell\v1.0\;C:\WINDOWS\System32\OpenSSH\;C:\Program Files\Git\cmd;C:\Program Files\nodejs\;C:\ProgramData\chocolatey\bin;C:\Program Files\Docker\Docker\resources\bin;C:\Program Files\CMake\bin;C:\Program Files (x86)\Windows Kits\10\Windows Performance Toolkit\;C:\Program Files\Eclipse Adoptium\jdk-8.0.472.8-hotspot\bin;C:\Program Files\Common Files\Oracle\Java\javapath;C:\Program Files\Eclipse Adoptium\jdk-17.0.13.11-hotspot\bin;C:\app\badya\product\21c\dbhomeXE\bin;C:\Windows\system32;C:\Windows;C:\Windows\System32\Wbem;C:\Windows\System32\WindowsPowerShell\v1.0\;C:\Windows\System32\OpenSSH\;C:\Program Files (x86)\NVIDIA Corporation\PhysX\Common;C:\Program Files\NVIDIA Corporation\NVIDIA NvDLISR;C:\WINDOWS\system32;C:\WINDOWS;C:\WINDOWS\System32\Wbem;C:\WINDOWS\System32\WindowsPowerShell\v1.0\;C:\WINDOWS\System32\OpenSSH\;C:\Program Files\Git\cmd;C:\Program Files\nodejs\;C:\ProgramData\chocolatey\bin;C:\Program Files (x86)\Windows Kits\10\Windows Performance Toolkit\;C:\Program Files\Docker\Docker\resources\bin;C:\Program Files\Eclipse Adoptium\jdk-8.0.472.8-hotspot\bin;C:\Program Files\Common Files\Oracle\Java\javapath;C:\Program Files\Eclipse Adoptium\jdk-17.0.13.11-hotspot\bin;C:\app\badya\product\21c\dbhomeXE\bin;C:\Windows\system32;C:\Windows;C:\Windows\Syste;C:\Program Files\apache-maven-3.9.11\bin;C:\Flutter\flutter\bin;C:\Users\badya\AppData\Local\Programs\Antigravity\bin;C:\Users\badya\.local\bin;C:\Users\badya\AppData\Local\Programs\Microsoft VS Code\bin;C:\Users\badya\AppData\Local\Programs\MiKTeX\miktex\bin\x64\
USERNAME=badya
OS=Windows_NT
PROCESSOR_IDENTIFIER=Intel64 Family 6 Model 140 Stepping 1, GenuineIntel
TMP=C:\Users\badya\AppData\Local\Temp
TEMP=C:\Users\badya\AppData\Local\Temp




Periodic native trim disabled

---------------  S Y S T E M  ---------------

OS:
 Windows 11 , 64 bit Build 26100 (10.0.26100.9444)
OS uptime: 2 days 7:22 hours
Hyper-V role detected

CPU: total 8 (initial active 8) (4 cores per cpu, 2 threads per core) family 6 model 140 stepping 1 microcode 0xa6, cx8, cmov, fxsr, ht, mmx, 3dnowpref, sse, sse2, sse3, ssse3, sse4.1, sse4.2, popcnt, lzcnt, tsc, tscinvbit, avx, avx2, aes, erms, clmul, bmi1, bmi2, adx, avx512f, avx512dq, avx512cd, avx512bw, avx512vl, sha, fma, vzeroupper, avx512_vpopcntdq, avx512_vpclmulqdq, avx512_vaes, avx512_vnni, clflush, clflushopt, clwb, avx512_vbmi2, avx512_vbmi, hv, rdtscp, rdpid, fsrm, gfni, avx512_bitalg, f16c, cet_ibt, cet_ss, avx512_ifma
Processor Information for the first 8 processors :
  Max Mhz: 2803, Current Mhz: 2803, Mhz Limit: 2803

Memory: 4k page, system-wide physical 7886M (154M free)
TotalPageFile size 32462M (AvailPageFile size 193M)
current process WorkingSet (physical memory assigned to process): 234M, peak: 258M
current process commit charge ("private bytes"): 388M, peak: 397M

vm_info: OpenJDK 64-Bit Server VM (21.0.12.1+1-LTS) for windows-amd64 JRE (21.0.12.1+1-LTS), built on 2026-08-18T00:00:00Z by "admin" with MS VC++ 17.12 (VS2022)

END.
