#
# There is insufficient memory for the Java Runtime Environment to continue.
# Native memory allocation (mmap) failed to map 65536 bytes. Error detail: Failed to commit metaspace.
# Possible reasons:
#   The system is out of physical RAM or swap space
#   This process is running with CompressedOops enabled, and the Java Heap may be blocking the growth of the native heap
# Possible solutions:
#   Reduce memory load on the system
#   Increase physical memory or swap space
#   Check if swap backing store is full
#   Decrease Java heap size (-Xmx/-Xms)
#   Decrease number of Java threads
#   Decrease Java thread stack sizes (-Xss)
#   Set larger code cache with -XX:ReservedCodeCacheSize=
#   JVM is running with Zero Based Compressed Oops mode in which the Java heap is
#     placed in the first 32GB address space. The Java Heap base address is the
#     maximum limit for the native heap growth. Please use -XX:HeapBaseMinAddress
#     to set the Java Heap base and to place the Java Heap above 32GB virtual address.
# This output file may be truncated or incomplete.
#
#  Out of Memory Error (virtualSpaceNode.cpp:113), pid=17832, tid=22736
#
# JRE version: OpenJDK Runtime Environment Temurin-21.0.12.1+1 (21.0.12.1+1) (build 21.0.12.1+1-LTS)
# Java VM: OpenJDK 64-Bit Server VM Temurin-21.0.12.1+1 (21.0.12.1+1-LTS, mixed mode, sharing, tiered, compressed oops, compressed class ptrs, g1 gc, windows-amd64)
# No core dump will be written. Minidumps are not enabled by default on client versions of Windows
#

---------------  S U M M A R Y ------------

Command Line: --add-opens=java.base/java.lang=ALL-UNNAMED --add-opens=java.base/java.lang.invoke=ALL-UNNAMED --add-opens=java.base/java.util=ALL-UNNAMED --add-opens=java.prefs/java.util.prefs=ALL-UNNAMED --add-exports=jdk.compiler/com.sun.tools.javac.api=ALL-UNNAMED --add-exports=jdk.compiler/com.sun.tools.javac.util=ALL-UNNAMED --add-opens=java.base/java.util=ALL-UNNAMED --add-opens=java.prefs/java.util.prefs=ALL-UNNAMED --add-opens=java.base/java.nio.charset=ALL-UNNAMED --add-opens=java.base/java.net=ALL-UNNAMED --add-opens=java.base/java.util.concurrent.atomic=ALL-UNNAMED --add-opens=java.xml/javax.xml.namespace=ALL-UNNAMED -XX:MaxMetaspaceSize=4G -XX:ReservedCodeCacheSize=512m -XX:+HeapDumpOnOutOfMemoryError -Xmx8G -Dfile.encoding=UTF-8 -Duser.country=FR -Duser.language=fr -Duser.variant -javaagent:C:\Users\badya\.gradle\wrapper\dists\gradle-8.12-all\ejduaidbjup3bmmkhw3rie4zb\gradle-8.12\lib\agents\gradle-instrumentation-agent-8.12.jar org.gradle.launcher.daemon.bootstrap.GradleDaemon 8.12

Host: 11th Gen Intel(R) Core(TM) i7-1165G7 @ 2.80GHz, 8 cores, 7G,  Windows 11 , 64 bit Build 26100 (10.0.26100.9444)
Time: Mon Sep 21 02:04:29 2026 Afr. centrale Ouest elapsed time: 399.600758 seconds (0d 0h 6m 39s)

---------------  T H R E A D  ---------------

Current thread (0x0000017e02360620):  JavaThread "Daemon worker"        [_thread_in_vm, id=22736, stack(0x0000000ebdd00000,0x0000000ebde00000) (1024K)]

Stack: [0x0000000ebdd00000,0x0000000ebde00000]
Native frames: (J=compiled Java code, j=interpreted, Vv=VM code, C=native code)
V  [jvm.dll+0x6d83e9]
V  [jvm.dll+0x8b5736]
V  [jvm.dll+0x8b7cee]
V  [jvm.dll+0x8b83d3]
V  [jvm.dll+0x284596]
V  [jvm.dll+0x8b147e]
V  [jvm.dll+0x679ad4]
V  [jvm.dll+0x1e849b]
V  [jvm.dll+0x1e825e]
V  [jvm.dll+0x67c3d2]
V  [jvm.dll+0x67c202]
V  [jvm.dll+0x67a4ae]
V  [jvm.dll+0x26f864]
V  [jvm.dll+0x21a11f]
V  [jvm.dll+0x20f80e]
V  [jvm.dll+0x5b6a7f]
V  [jvm.dll+0x82f606]
V  [jvm.dll+0x4792f8]
V  [jvm.dll+0x47f128]
C  [java.dll+0x17ec]

Java frames: (J=compiled Java code, j=interpreted, Vv=VM code)
J 817  java.lang.ClassLoader.defineClass1(Ljava/lang/ClassLoader;Ljava/lang/String;[BIILjava/security/ProtectionDomain;Ljava/lang/String;)Ljava/lang/Class; java.base@21.0.12.1 (0 bytes) @ 0x0000017e6561d511 [0x0000017e6561d440+0x00000000000000d1]
J 11455 c2 java.lang.ClassLoader.defineClass(Ljava/lang/String;[BIILjava/security/ProtectionDomain;)Ljava/lang/Class; java.base@21.0.12.1 (43 bytes) @ 0x0000017e65b722e4 [0x0000017e65b71d80+0x0000000000000564]
J 11459 c2 java.security.SecureClassLoader.defineClass(Ljava/lang/String;[BIILjava/security/CodeSource;)Ljava/lang/Class; java.base@21.0.12.1 (16 bytes) @ 0x0000017e65b769a4 [0x0000017e65b76860+0x0000000000000144]
J 3682 c1 java.net.URLClassLoader.defineClass(Ljava/lang/String;Ljdk/internal/loader/Resource;)Ljava/lang/Class; java.base@21.0.12.1 (224 bytes) @ 0x0000017e55a36534 [0x0000017e55a35240+0x00000000000012f4]
J 11809 c1 java.net.URLClassLoader$1.run()Ljava/lang/Class; java.base@21.0.12.1 (81 bytes) @ 0x0000017e564cceac [0x0000017e564cc260+0x0000000000000c4c]
J 11458 c1 java.net.URLClassLoader$1.run()Ljava/lang/Object; java.base@21.0.12.1 (5 bytes) @ 0x0000017e5645963c [0x0000017e564595c0+0x000000000000007c]
J 11030 c2 java.net.URLClassLoader.findClass(Ljava/lang/String;)Ljava/lang/Class; java.base@21.0.12.1 (47 bytes) @ 0x0000017e65b21b68 [0x0000017e65b21aa0+0x00000000000000c8]
j  org.gradle.internal.classloader.VisitableURLClassLoader$InstrumentingVisitableURLClassLoader.findClass(Ljava/lang/String;)Ljava/lang/Class;+10
J 4993 c2 java.lang.ClassLoader.loadClass(Ljava/lang/String;Z)Ljava/lang/Class; java.base@21.0.12.1 (121 bytes) @ 0x0000017e6565e248 [0x0000017e6565d9a0+0x00000000000008a8]
J 3535 c2 java.lang.ClassLoader.loadClass(Ljava/lang/String;)Ljava/lang/Class; java.base@21.0.12.1 (7 bytes) @ 0x0000017e657a216c [0x0000017e657a2120+0x000000000000004c]
v  ~StubRoutines::call_stub 0x0000017e650210e7
j  com.android.build.gradle.internal.crash.CrashReporting$afterEvaluate$1.execute(Lorg/gradle/api/Project;)V+22
j  com.android.build.gradle.internal.crash.CrashReporting$afterEvaluate$1.execute(Ljava/lang/Object;)V+5
J 8523 c1 org.gradle.internal.code.DefaultUserCodeApplicationContext$CurrentApplication$1.execute(Ljava/lang/Object;)V (79 bytes) @ 0x0000017e55c98e14 [0x0000017e55c98a40+0x00000000000003d4]
j  org.gradle.configuration.internal.DefaultListenerBuildOperationDecorator$BuildOperationEmittingAction$1.run(Lorg/gradle/internal/operations/BuildOperationContext;)V+11
J 8322 c1 org.gradle.internal.operations.DefaultBuildOperationRunner$1.execute(Lorg/gradle/internal/operations/BuildOperation;Lorg/gradle/internal/operations/BuildOperationContext;)V (10 bytes) @ 0x0000017e55fe06c4 [0x0000017e55fe0460+0x0000000000000264]
J 7768 c1 org.gradle.internal.operations.DefaultBuildOperationRunner$2.execute(Lorg/gradle/internal/operations/BuildOperationDescriptor;Lorg/gradle/internal/operations/BuildOperationState;Lorg/gradle/internal/operations/BuildOperationState;Lorg/gradle/internal/operations/DefaultBuildOperationRunner$ReadableBuildOperationContext;Lorg/gradle/internal/operations/DefaultBuildOperationRunner$BuildOperationExecutionListener;)Lorg/gradle/internal/operations/BuildOperation; (110 bytes) @ 0x0000017e553c43cc [0x0000017e553c41c0+0x000000000000020c]
J 7776 c1 org.gradle.internal.operations.DefaultBuildOperationRunner$2.execute(Lorg/gradle/internal/operations/BuildOperationDescriptor;Lorg/gradle/internal/operations/BuildOperationState;Lorg/gradle/internal/operations/BuildOperationState;Lorg/gradle/internal/operations/DefaultBuildOperationRunner$ReadableBuildOperationContext;Lorg/gradle/internal/operations/DefaultBuildOperationRunner$BuildOperationExecutionListener;)Ljava/lang/Object; (12 bytes) @ 0x0000017e554edabc [0x0000017e554eda40+0x000000000000007c]
J 9368 c1 org.gradle.internal.operations.DefaultBuildOperationRunner.execute(Lorg/gradle/internal/operations/BuildOperationDescriptor$Builder;Lorg/gradle/internal/operations/BuildOperationState;Lorg/gradle/internal/operations/DefaultBuildOperationRunner$BuildOperationExecution;)Ljava/lang/Object; (147 bytes) @ 0x0000017e561937ec [0x0000017e56192c00+0x0000000000000bec]
J 6743 c1 org.gradle.internal.operations.DefaultBuildOperationRunner.execute(Lorg/gradle/internal/operations/BuildOperation;Lorg/gradle/internal/operations/BuildOperationWorker;Lorg/gradle/internal/operations/BuildOperationState;)V (23 bytes) @ 0x0000017e55e966a4 [0x0000017e55e963e0+0x00000000000002c4]
J 8321 c1 org.gradle.internal.operations.DefaultBuildOperationRunner.run(Lorg/gradle/internal/operations/RunnableBuildOperation;)V (13 bytes) @ 0x0000017e55fdff64 [0x0000017e55fdfb80+0x00000000000003e4]
j  org.gradle.configuration.internal.DefaultListenerBuildOperationDecorator$BuildOperationEmittingAction.execute(Ljava/lang/Object;)V+24
j  org.gradle.internal.event.BroadcastDispatch$ActionInvocationHandler.dispatch(Lorg/gradle/internal/dispatch/MethodInvocation;)V+24
j  org.gradle.internal.event.BroadcastDispatch$ActionInvocationHandler.dispatch(Ljava/lang/Object;)V+5
J 2995 c1 org.gradle.internal.event.AbstractBroadcastDispatch.dispatch(Lorg/gradle/internal/dispatch/MethodInvocation;Lorg/gradle/internal/dispatch/Dispatch;)V (74 bytes) @ 0x0000017e558c3684 [0x0000017e558c3560+0x0000000000000124]
J 3027 c1 org.gradle.internal.event.BroadcastDispatch$SingletonDispatch.dispatch(Ljava/lang/Object;)V (9 bytes) @ 0x0000017e558d837c [0x0000017e558d8140+0x000000000000023c]
j  org.gradle.internal.event.AbstractBroadcastDispatch.dispatch(Lorg/gradle/internal/dispatch/MethodInvocation;Ljava/util/Iterator;)V+25
J 11261 c2 org.gradle.internal.event.AbstractBroadcastDispatch.dispatch(Lorg/gradle/internal/dispatch/MethodInvocation;Ljava/util/List;)V (65 bytes) @ 0x0000017e65b3f960 [0x0000017e65b3f7a0+0x00000000000001c0]
J 10962 c1 org.gradle.internal.event.BroadcastDispatch$CompositeDispatch.dispatch(Ljava/lang/Object;)V (9 bytes) @ 0x0000017e55877b7c [0x0000017e55877940+0x000000000000023c]
J 7490 c1 org.gradle.internal.event.ListenerBroadcast.dispatch(Ljava/lang/Object;)V (9 bytes) @ 0x0000017e559a4494 [0x0000017e559a41e0+0x00000000000002b4]
J 7271 c1 org.gradle.internal.dispatch.ProxyDispatchAdapter$DispatchingInvocationHandler.invoke(Ljava/lang/Object;Ljava/lang/reflect/Method;[Ljava/lang/Object;)Ljava/lang/Object; (184 bytes) @ 0x0000017e55b0c534 [0x0000017e55b0ae40+0x00000000000016f4]
j  jdk.proxy1.$Proxy67.afterEvaluate(Lorg/gradle/api/Project;Lorg/gradle/api/ProjectState;)V+20 jdk.proxy1
j  org.gradle.configuration.project.LifecycleProjectEvaluator$NotifyAfterEvaluate$1.execute(Lorg/gradle/api/ProjectEvaluationListener;)V+15
j  org.gradle.configuration.project.LifecycleProjectEvaluator$NotifyAfterEvaluate$1.execute(Ljava/lang/Object;)V+5
j  org.gradle.api.internal.project.DefaultProject.stepEvaluationListener(Lorg/gradle/api/ProjectEvaluationListener;Lorg/gradle/api/Action;)Lorg/gradle/api/ProjectEvaluationListener;+19
j  org.gradle.configuration.project.LifecycleProjectEvaluator$NotifyAfterEvaluate.run(Lorg/gradle/internal/operations/BuildOperationContext;)V+25
J 8322 c1 org.gradle.internal.operations.DefaultBuildOperationRunner$1.execute(Lorg/gradle/internal/operations/BuildOperation;Lorg/gradle/internal/operations/BuildOperationContext;)V (10 bytes) @ 0x0000017e55fe06c4 [0x0000017e55fe0460+0x0000000000000264]
J 7768 c1 org.gradle.internal.operations.DefaultBuildOperationRunner$2.execute(Lorg/gradle/internal/operations/BuildOperationDescriptor;Lorg/gradle/internal/operations/BuildOperationState;Lorg/gradle/internal/operations/BuildOperationState;Lorg/gradle/internal/operations/DefaultBuildOperationRunner$ReadableBuildOperationContext;Lorg/gradle/internal/operations/DefaultBuildOperationRunner$BuildOperationExecutionListener;)Lorg/gradle/internal/operations/BuildOperation; (110 bytes) @ 0x0000017e553c43cc [0x0000017e553c41c0+0x000000000000020c]
J 7776 c1 org.gradle.internal.operations.DefaultBuildOperationRunner$2.execute(Lorg/gradle/internal/operations/BuildOperationDescriptor;Lorg/gradle/internal/operations/BuildOperationState;Lorg/gradle/internal/operations/BuildOperationState;Lorg/gradle/internal/operations/DefaultBuildOperationRunner$ReadableBuildOperationContext;Lorg/gradle/internal/operations/DefaultBuildOperationRunner$BuildOperationExecutionListener;)Ljava/lang/Object; (12 bytes) @ 0x0000017e554edabc [0x0000017e554eda40+0x000000000000007c]
J 9368 c1 org.gradle.internal.operations.DefaultBuildOperationRunner.execute(Lorg/gradle/internal/operations/BuildOperationDescriptor$Builder;Lorg/gradle/internal/operations/BuildOperationState;Lorg/gradle/internal/operations/DefaultBuildOperationRunner$BuildOperationExecution;)Ljava/lang/Object; (147 bytes) @ 0x0000017e561937ec [0x0000017e56192c00+0x0000000000000bec]
J 6743 c1 org.gradle.internal.operations.DefaultBuildOperationRunner.execute(Lorg/gradle/internal/operations/BuildOperation;Lorg/gradle/internal/operations/BuildOperationWorker;Lorg/gradle/internal/operations/BuildOperationState;)V (23 bytes) @ 0x0000017e55e966a4 [0x0000017e55e963e0+0x00000000000002c4]
J 8321 c1 org.gradle.internal.operations.DefaultBuildOperationRunner.run(Lorg/gradle/internal/operations/RunnableBuildOperation;)V (13 bytes) @ 0x0000017e55fdff64 [0x0000017e55fdfb80+0x00000000000003e4]
j  org.gradle.configuration.project.LifecycleProjectEvaluator$EvaluateProject.lambda$run$0(Lorg/gradle/internal/operations/BuildOperationContext;Lorg/gradle/api/internal/project/ProjectInternal;)V+102
j  org.gradle.configuration.project.LifecycleProjectEvaluator$EvaluateProject$$Lambda+0x0000017e047076a0.accept(Ljava/lang/Object;)V+12
j  org.gradle.api.internal.project.DefaultProjectStateRegistry$ProjectStateImpl.lambda$applyToMutableState$1(Ljava/util/function/Consumer;Lorg/gradle/api/internal/project/ProjectInternal;)Ljava/lang/Object;+2
j  org.gradle.api.internal.project.DefaultProjectStateRegistry$ProjectStateImpl$$Lambda+0x0000017e046fe728.apply(Ljava/lang/Object;)Ljava/lang/Object;+8
j  org.gradle.api.internal.project.DefaultProjectStateRegistry$ProjectStateImpl.fromMutableState(Ljava/util/function/Function;)Ljava/lang/Object;+97
j  org.gradle.api.internal.project.DefaultProjectStateRegistry$ProjectStateImpl.applyToMutableState(Ljava/util/function/Consumer;)V+7
j  org.gradle.configuration.project.LifecycleProjectEvaluator$EvaluateProject.run(Lorg/gradle/internal/operations/BuildOperationContext;)V+16
J 8322 c1 org.gradle.internal.operations.DefaultBuildOperationRunner$1.execute(Lorg/gradle/internal/operations/BuildOperation;Lorg/gradle/internal/operations/BuildOperationContext;)V (10 bytes) @ 0x0000017e55fe06c4 [0x0000017e55fe0460+0x0000000000000264]
J 7768 c1 org.gradle.internal.operations.DefaultBuildOperationRunner$2.execute(Lorg/gradle/internal/operations/BuildOperationDescriptor;Lorg/gradle/internal/operations/BuildOperationState;Lorg/gradle/internal/operations/BuildOperationState;Lorg/gradle/internal/operations/DefaultBuildOperationRunner$ReadableBuildOperationContext;Lorg/gradle/internal/operations/DefaultBuildOperationRunner$BuildOperationExecutionListener;)Lorg/gradle/internal/operations/BuildOperation; (110 bytes) @ 0x0000017e553c43cc [0x0000017e553c41c0+0x000000000000020c]
J 7776 c1 org.gradle.internal.operations.DefaultBuildOperationRunner$2.execute(Lorg/gradle/internal/operations/BuildOperationDescriptor;Lorg/gradle/internal/operations/BuildOperationState;Lorg/gradle/internal/operations/BuildOperationState;Lorg/gradle/internal/operations/DefaultBuildOperationRunner$ReadableBuildOperationContext;Lorg/gradle/internal/operations/DefaultBuildOperationRunner$BuildOperationExecutionListener;)Ljava/lang/Object; (12 bytes) @ 0x0000017e554edabc [0x0000017e554eda40+0x000000000000007c]
J 9368 c1 org.gradle.internal.operations.DefaultBuildOperationRunner.execute(Lorg/gradle/internal/operations/BuildOperationDescriptor$Builder;Lorg/gradle/internal/operations/BuildOperationState;Lorg/gradle/internal/operations/DefaultBuildOperationRunner$BuildOperationExecution;)Ljava/lang/Object; (147 bytes) @ 0x0000017e561937ec [0x0000017e56192c00+0x0000000000000bec]
J 6743 c1 org.gradle.internal.operations.DefaultBuildOperationRunner.execute(Lorg/gradle/internal/operations/BuildOperation;Lorg/gradle/internal/operations/BuildOperationWorker;Lorg/gradle/internal/operations/BuildOperationState;)V (23 bytes) @ 0x0000017e55e966a4 [0x0000017e55e963e0+0x00000000000002c4]
J 8321 c1 org.gradle.internal.operations.DefaultBuildOperationRunner.run(Lorg/gradle/internal/operations/RunnableBuildOperation;)V (13 bytes) @ 0x0000017e55fdff64 [0x0000017e55fdfb80+0x00000000000003e4]
j  org.gradle.configuration.project.LifecycleProjectEvaluator.evaluate(Lorg/gradle/api/internal/project/ProjectInternal;Lorg/gradle/api/internal/project/ProjectStateInternal;)V+42
j  org.gradle.api.internal.project.DefaultProject.evaluateUnchecked()Lorg/gradle/api/internal/project/ProjectInternal;+20
j  org.gradle.api.internal.project.ProjectLifecycleController.lambda$ensureSelfConfigured$2()V+4
j  org.gradle.api.internal.project.ProjectLifecycleController$$Lambda+0x0000017e04703020.run()V+4
j  org.gradle.internal.model.StateTransitionController.lambda$doTransition$14(Ljava/lang/Runnable;)Lorg/gradle/internal/build/ExecutionResult;+1
j  org.gradle.internal.model.StateTransitionController$$Lambda+0x0000017e043d2b30.get()Ljava/lang/Object;+4
j  org.gradle.internal.model.StateTransitionController.doTransition(Lorg/gradle/internal/model/StateTransitionController$State;Lorg/gradle/internal/model/StateTransitionController$State;Ljava/util/function/Supplier;)Lorg/gradle/internal/build/ExecutionResult;+24
j  org.gradle.internal.model.StateTransitionController.doTransition(Lorg/gradle/internal/model/StateTransitionController$State;Lorg/gradle/internal/model/StateTransitionController$State;Ljava/lang/Runnable;)V+9
j  org.gradle.internal.model.StateTransitionController.lambda$maybeTransitionIfNotCurrentlyTransitioning$10(Lorg/gradle/internal/model/StateTransitionController$State;Lorg/gradle/internal/model/StateTransitionController$State;Ljava/lang/Runnable;)V+16
j  org.gradle.internal.model.StateTransitionController$$Lambda+0x0000017e04703248.run()V+16
j  org.gradle.internal.work.DefaultSynchronizer.withLock(Ljava/lang/Runnable;)V+6
j  org.gradle.internal.model.StateTransitionController.maybeTransitionIfNotCurrentlyTransitioning(Lorg/gradle/internal/model/StateTransitionController$State;Lorg/gradle/internal/model/StateTransitionController$State;Ljava/lang/Runnable;)V+13
j  org.gradle.api.internal.project.ProjectLifecycleController.ensureSelfConfigured()V+16
j  org.gradle.api.internal.project.DefaultProjectStateRegistry$ProjectStateImpl.ensureConfigured()V+19
j  org.gradle.api.internal.project.DefaultProject.evaluationDependsOn(Lorg/gradle/api/internal/project/ProjectInternal;)Lorg/gradle/api/Project;+44
j  org.gradle.api.internal.project.DefaultProject.evaluationDependsOn(Ljava/lang/String;)Lorg/gradle/api/Project;+26
j  Build_gradle$3.execute(Lorg/gradle/api/Project;)V+8
j  Build_gradle$3.execute(Ljava/lang/Object;)V+5
J 8967 c1 org.gradle.api.internal.DefaultMutationGuard$1.execute(Ljava/lang/Object;)V (67 bytes) @ 0x0000017e560e5044 [0x0000017e560e4bc0+0x0000000000000484]
j  org.gradle.internal.Actions.with(Ljava/lang/Object;Lorg/gradle/api/Action;)Ljava/lang/Object;+2
j  org.gradle.api.internal.project.BuildOperationCrossProjectConfigurator$1.run(Lorg/gradle/internal/operations/BuildOperationContext;)V+20
J 8322 c1 org.gradle.internal.operations.DefaultBuildOperationRunner$1.execute(Lorg/gradle/internal/operations/BuildOperation;Lorg/gradle/internal/operations/BuildOperationContext;)V (10 bytes) @ 0x0000017e55fe06c4 [0x0000017e55fe0460+0x0000000000000264]
J 7768 c1 org.gradle.internal.operations.DefaultBuildOperationRunner$2.execute(Lorg/gradle/internal/operations/BuildOperationDescriptor;Lorg/gradle/internal/operations/BuildOperationState;Lorg/gradle/internal/operations/BuildOperationState;Lorg/gradle/internal/operations/DefaultBuildOperationRunner$ReadableBuildOperationContext;Lorg/gradle/internal/operations/DefaultBuildOperationRunner$BuildOperationExecutionListener;)Lorg/gradle/internal/operations/BuildOperation; (110 bytes) @ 0x0000017e553c43cc [0x0000017e553c41c0+0x000000000000020c]
J 7776 c1 org.gradle.internal.operations.DefaultBuildOperationRunner$2.execute(Lorg/gradle/internal/operations/BuildOperationDescriptor;Lorg/gradle/internal/operations/BuildOperationState;Lorg/gradle/internal/operations/BuildOperationState;Lorg/gradle/internal/operations/DefaultBuildOperationRunner$ReadableBuildOperationContext;Lorg/gradle/internal/operations/DefaultBuildOperationRunner$BuildOperationExecutionListener;)Ljava/lang/Object; (12 bytes) @ 0x0000017e554edabc [0x0000017e554eda40+0x000000000000007c]
J 9368 c1 org.gradle.internal.operations.DefaultBuildOperationRunner.execute(Lorg/gradle/internal/operations/BuildOperationDescriptor$Builder;Lorg/gradle/internal/operations/BuildOperationState;Lorg/gradle/internal/operations/DefaultBuildOperationRunner$BuildOperationExecution;)Ljava/lang/Object; (147 bytes) @ 0x0000017e561937ec [0x0000017e56192c00+0x0000000000000bec]
J 6743 c1 org.gradle.internal.operations.DefaultBuildOperationRunner.execute(Lorg/gradle/internal/operations/BuildOperation;Lorg/gradle/internal/operations/BuildOperationWorker;Lorg/gradle/internal/operations/BuildOperationState;)V (23 bytes) @ 0x0000017e55e966a4 [0x0000017e55e963e0+0x00000000000002c4]
J 8321 c1 org.gradle.internal.operations.DefaultBuildOperationRunner.run(Lorg/gradle/internal/operations/RunnableBuildOperation;)V (13 bytes) @ 0x0000017e55fdff64 [0x0000017e55fdfb80+0x00000000000003e4]
j  org.gradle.api.internal.project.BuildOperationCrossProjectConfigurator.lambda$runProjectConfigureAction$0(Lorg/gradle/api/internal/project/ProjectInternal;Lorg/gradle/api/Action;Lorg/gradle/api/internal/project/ProjectInternal;)V+15
j  org.gradle.api.internal.project.BuildOperationCrossProjectConfigurator$$Lambda+0x0000017e046fe4f0.accept(Ljava/lang/Object;)V+16
j  org.gradle.api.internal.project.DefaultProjectStateRegistry$ProjectStateImpl.lambda$applyToMutableState$1(Ljava/util/function/Consumer;Lorg/gradle/api/internal/project/ProjectInternal;)Ljava/lang/Object;+2
j  org.gradle.api.internal.project.DefaultProjectStateRegistry$ProjectStateImpl$$Lambda+0x0000017e046fe728.apply(Ljava/lang/Object;)Ljava/lang/Object;+8
j  org.gradle.api.internal.project.DefaultProjectStateRegistry$ProjectStateImpl.fromMutableState(Ljava/util/function/Function;)Ljava/lang/Object;+97
j  org.gradle.api.internal.project.DefaultProjectStateRegistry$ProjectStateImpl.applyToMutableState(Ljava/util/function/Consumer;)V+7
j  org.gradle.api.internal.project.BuildOperationCrossProjectConfigurator.runProjectConfigureAction(Lorg/gradle/api/internal/project/ProjectInternal;Lorg/gradle/api/Action;)V+14
j  org.gradle.api.internal.project.BuildOperationCrossProjectConfigurator.access$100(Lorg/gradle/api/internal/project/BuildOperationCrossProjectConfigurator;Lorg/gradle/api/internal/project/ProjectInternal;Lorg/gradle/api/Action;)V+3
j  org.gradle.api.internal.project.BuildOperationCrossProjectConfigurator$BlockConfigureBuildOperation.run(Lorg/gradle/internal/operations/BuildOperationContext;)V+38
J 8322 c1 org.gradle.internal.operations.DefaultBuildOperationRunner$1.execute(Lorg/gradle/internal/operations/BuildOperation;Lorg/gradle/internal/operations/BuildOperationContext;)V (10 bytes) @ 0x0000017e55fe06c4 [0x0000017e55fe0460+0x0000000000000264]
J 7768 c1 org.gradle.internal.operations.DefaultBuildOperationRunner$2.execute(Lorg/gradle/internal/operations/BuildOperationDescriptor;Lorg/gradle/internal/operations/BuildOperationState;Lorg/gradle/internal/operations/BuildOperationState;Lorg/gradle/internal/operations/DefaultBuildOperationRunner$ReadableBuildOperationContext;Lorg/gradle/internal/operations/DefaultBuildOperationRunner$BuildOperationExecutionListener;)Lorg/gradle/internal/operations/BuildOperation; (110 bytes) @ 0x0000017e553c43cc [0x0000017e553c41c0+0x000000000000020c]
J 7776 c1 org.gradle.internal.operations.DefaultBuildOperationRunner$2.execute(Lorg/gradle/internal/operations/BuildOperationDescriptor;Lorg/gradle/internal/operations/BuildOperationState;Lorg/gradle/internal/operations/BuildOperationState;Lorg/gradle/internal/operations/DefaultBuildOperationRunner$ReadableBuildOperationContext;Lorg/gradle/internal/operations/DefaultBuildOperationRunner$BuildOperationExecutionListener;)Ljava/lang/Object; (12 bytes) @ 0x0000017e554edabc [0x0000017e554eda40+0x000000000000007c]
J 9368 c1 org.gradle.internal.operations.DefaultBuildOperationRunner.execute(Lorg/gradle/internal/operations/BuildOperationDescriptor$Builder;Lorg/gradle/internal/operations/BuildOperationState;Lorg/gradle/internal/operations/DefaultBuildOperationRunner$BuildOperationExecution;)Ljava/lang/Object; (147 bytes) @ 0x0000017e561937ec [0x0000017e56192c00+0x0000000000000bec]
J 6743 c1 org.gradle.internal.operations.DefaultBuildOperationRunner.execute(Lorg/gradle/internal/operations/BuildOperation;Lorg/gradle/internal/operations/BuildOperationWorker;Lorg/gradle/internal/operations/BuildOperationState;)V (23 bytes) @ 0x0000017e55e966a4 [0x0000017e55e963e0+0x00000000000002c4]
J 8321 c1 org.gradle.internal.operations.DefaultBuildOperationRunner.run(Lorg/gradle/internal/operations/RunnableBuildOperation;)V (13 bytes) @ 0x0000017e55fdff64 [0x0000017e55fdfb80+0x00000000000003e4]
j  org.gradle.api.internal.project.BuildOperationCrossProjectConfigurator.runBlockConfigureAction(Lorg/gradle/internal/operations/BuildOperationDescriptor$Builder;Ljava/lang/Iterable;Lorg/gradle/api/Action;)V+16
j  org.gradle.api.internal.project.BuildOperationCrossProjectConfigurator.subprojects(Ljava/lang/Iterable;Lorg/gradle/api/Action;)V+6
j  org.gradle.api.internal.project.DefaultProject.subprojects(Lorg/gradle/api/internal/project/ProjectInternal;Lorg/gradle/api/Action;)V+10
j  org.gradle.api.internal.project.DefaultProject.subprojects(Lorg/gradle/api/Action;)V+3
j  Build_gradle.<init>(Lorg/gradle/kotlin/dsl/support/KotlinScriptHost;Lorg/gradle/api/Project;)V+133
j  Program.execute(Lorg/gradle/kotlin/dsl/execution/ExecutableProgram$Host;Lorg/gradle/kotlin/dsl/support/KotlinScriptHost;)V+11
j  org.gradle.kotlin.dsl.execution.Interpreter$ProgramHost.eval(Lorg/gradle/kotlin/dsl/execution/CompiledScript;Lorg/gradle/kotlin/dsl/support/KotlinScriptHost;)V+88
j  org.gradle.kotlin.dsl.execution.Interpreter$ProgramHost.evaluateSecondStageOf(Lorg/gradle/kotlin/dsl/execution/ExecutableProgram$StagedProgram;Lorg/gradle/kotlin/dsl/support/KotlinScriptHost;Ljava/lang/String;Lorg/gradle/internal/hash/HashCode;Lorg/gradle/internal/classpath/ClassPath;)V+198
j  Program.execute(Lorg/gradle/kotlin/dsl/execution/ExecutableProgram$Host;Lorg/gradle/kotlin/dsl/support/KotlinScriptHost;)V+145
j  org.gradle.kotlin.dsl.execution.Interpreter$ProgramHost.eval(Lorg/gradle/kotlin/dsl/execution/CompiledScript;Lorg/gradle/kotlin/dsl/support/KotlinScriptHost;)V+88
j  org.gradle.kotlin.dsl.execution.Interpreter.eval(Ljava/lang/Object;Lorg/gradle/groovy/scripts/ScriptSource;Lorg/gradle/internal/hash/HashCode;Lorg/gradle/api/initialization/dsl/ScriptHandler;Lorg/gradle/api/internal/initialization/ClassLoaderScope;Lorg/gradle/api/internal/initialization/ClassLoaderScope;ZLjava/util/EnumSet;)V+213
j  org.gradle.kotlin.dsl.provider.StandardKotlinScriptEvaluator.evaluate(Ljava/lang/Object;Lorg/gradle/groovy/scripts/ScriptSource;Lorg/gradle/api/initialization/dsl/ScriptHandler;Lorg/gradle/api/internal/initialization/ClassLoaderScope;Lorg/gradle/api/internal/initialization/ClassLoaderScope;ZLjava/util/EnumSet;)V+163
j  org.gradle.kotlin.dsl.provider.KotlinScriptPluginFactory$create$1.invoke(Ljava/lang/Object;)V+253
j  org.gradle.kotlin.dsl.provider.KotlinScriptPluginFactory$create$1.invoke(Ljava/lang/Object;)Ljava/lang/Object;+2
j  org.gradle.kotlin.dsl.provider.KotlinScriptPlugin.apply(Ljava/lang/Object;)V+22
j  org.gradle.configuration.BuildOperationScriptPlugin$1.run(Lorg/gradle/internal/operations/BuildOperationContext;)V+11
J 8322 c1 org.gradle.internal.operations.DefaultBuildOperationRunner$1.execute(Lorg/gradle/internal/operations/BuildOperation;Lorg/gradle/internal/operations/BuildOperationContext;)V (10 bytes) @ 0x0000017e55fe06c4 [0x0000017e55fe0460+0x0000000000000264]
J 7768 c1 org.gradle.internal.operations.DefaultBuildOperationRunner$2.execute(Lorg/gradle/internal/operations/BuildOperationDescriptor;Lorg/gradle/internal/operations/BuildOperationState;Lorg/gradle/internal/operations/BuildOperationState;Lorg/gradle/internal/operations/DefaultBuildOperationRunner$ReadableBuildOperationContext;Lorg/gradle/internal/operations/DefaultBuildOperationRunner$BuildOperationExecutionListener;)Lorg/gradle/internal/operations/BuildOperation; (110 bytes) @ 0x0000017e553c43cc [0x0000017e553c41c0+0x000000000000020c]
J 7776 c1 org.gradle.internal.operations.DefaultBuildOperationRunner$2.execute(Lorg/gradle/internal/operations/BuildOperationDescriptor;Lorg/gradle/internal/operations/BuildOperationState;Lorg/gradle/internal/operations/BuildOperationState;Lorg/gradle/internal/operations/DefaultBuildOperationRunner$ReadableBuildOperationContext;Lorg/gradle/internal/operations/DefaultBuildOperationRunner$BuildOperationExecutionListener;)Ljava/lang/Object; (12 bytes) @ 0x0000017e554edabc [0x0000017e554eda40+0x000000000000007c]
J 9368 c1 org.gradle.internal.operations.DefaultBuildOperationRunner.execute(Lorg/gradle/internal/operations/BuildOperationDescriptor$Builder;Lorg/gradle/internal/operations/BuildOperationState;Lorg/gradle/internal/operations/DefaultBuildOperationRunner$BuildOperationExecution;)Ljava/lang/Object; (147 bytes) @ 0x0000017e561937ec [0x0000017e56192c00+0x0000000000000bec]
J 6743 c1 org.gradle.internal.operations.DefaultBuildOperationRunner.execute(Lorg/gradle/internal/operations/BuildOperation;Lorg/gradle/internal/operations/BuildOperationWorker;Lorg/gradle/internal/operations/BuildOperationState;)V (23 bytes) @ 0x0000017e55e966a4 [0x0000017e55e963e0+0x00000000000002c4]
J 8321 c1 org.gradle.internal.operations.DefaultBuildOperationRunner.run(Lorg/gradle/internal/operations/RunnableBuildOperation;)V (13 bytes) @ 0x0000017e55fdff64 [0x0000017e55fdfb80+0x00000000000003e4]
j  org.gradle.configuration.BuildOperationScriptPlugin.lambda$apply$0(Ljava/lang/Object;Lorg/gradle/internal/code/UserCodeApplicationId;)V+14
j  org.gradle.configuration.BuildOperationScriptPlugin$$Lambda+0x0000017e04401fb8.execute(Ljava/lang/Object;)V+12
j  org.gradle.internal.code.DefaultUserCodeApplicationContext.apply(Lorg/gradle/internal/code/UserCodeSource;Lorg/gradle/api/Action;)V+37
j  org.gradle.configuration.BuildOperationScriptPlugin.apply(Ljava/lang/Object;)V+71
j  org.gradle.configuration.project.BuildScriptProcessor$$Lambda+0x0000017e0475a748.accept(Ljava/lang/Object;)V+8
j  org.gradle.api.internal.project.DefaultProjectStateRegistry$ProjectStateImpl.lambda$applyToMutableState$1(Ljava/util/function/Consumer;Lorg/gradle/api/internal/project/ProjectInternal;)Ljava/lang/Object;+2
j  org.gradle.api.internal.project.DefaultProjectStateRegistry$ProjectStateImpl$$Lambda+0x0000017e046fe728.apply(Ljava/lang/Object;)Ljava/lang/Object;+8
j  org.gradle.api.internal.project.DefaultProjectStateRegistry$ProjectStateImpl.fromMutableState(Ljava/util/function/Function;)Ljava/lang/Object;+97
j  org.gradle.api.internal.project.DefaultProjectStateRegistry$ProjectStateImpl.applyToMutableState(Ljava/util/function/Consumer;)V+7
j  org.gradle.configuration.project.BuildScriptProcessor.execute(Lorg/gradle/api/internal/project/ProjectInternal;)V+88
j  org.gradle.configuration.project.BuildScriptProcessor.execute(Ljava/lang/Object;)V+5
j  org.gradle.configuration.project.ConfigureActionsProjectEvaluator.evaluate(Lorg/gradle/api/internal/project/ProjectInternal;Lorg/gradle/api/internal/project/ProjectStateInternal;)V+33
j  org.gradle.configuration.project.LifecycleProjectEvaluator$EvaluateProject.lambda$run$0(Lorg/gradle/internal/operations/BuildOperationContext;Lorg/gradle/api/internal/project/ProjectInternal;)V+67
j  org.gradle.configuration.project.LifecycleProjectEvaluator$EvaluateProject$$Lambda+0x0000017e047076a0.accept(Ljava/lang/Object;)V+12
j  org.gradle.api.internal.project.DefaultProjectStateRegistry$ProjectStateImpl.lambda$applyToMutableState$1(Ljava/util/function/Consumer;Lorg/gradle/api/internal/project/ProjectInternal;)Ljava/lang/Object;+2
j  org.gradle.api.internal.project.DefaultProjectStateRegistry$ProjectStateImpl$$Lambda+0x0000017e046fe728.apply(Ljava/lang/Object;)Ljava/lang/Object;+8
j  org.gradle.api.internal.project.DefaultProjectStateRegistry$ProjectStateImpl.lambda$fromMutableState$2(Ljava/util/function/Function;)Ljava/lang/Object;+5
j  org.gradle.api.internal.project.DefaultProjectStateRegistry$ProjectStateImpl$$Lambda+0x0000017e046fe970.create()Ljava/lang/Object;+8
j  org.gradle.internal.work.DefaultWorkerLeaseService.withReplacedLocks(Ljava/util/Collection;Lorg/gradle/internal/resources/ResourceLock;Lorg/gradle/internal/Factory;)Ljava/lang/Object;+40
j  org.gradle.api.internal.project.DefaultProjectStateRegistry$ProjectStateImpl.fromMutableState(Ljava/util/function/Function;)Ljava/lang/Object;+133
j  org.gradle.api.internal.project.DefaultProjectStateRegistry$ProjectStateImpl.applyToMutableState(Ljava/util/function/Consumer;)V+7
j  org.gradle.configuration.project.LifecycleProjectEvaluator$EvaluateProject.run(Lorg/gradle/internal/operations/BuildOperationContext;)V+16
J 8322 c1 org.gradle.internal.operations.DefaultBuildOperationRunner$1.execute(Lorg/gradle/internal/operations/BuildOperation;Lorg/gradle/internal/operations/BuildOperationContext;)V (10 bytes) @ 0x0000017e55fe06c4 [0x0000017e55fe0460+0x0000000000000264]
J 7768 c1 org.gradle.internal.operations.DefaultBuildOperationRunner$2.execute(Lorg/gradle/internal/operations/BuildOperationDescriptor;Lorg/gradle/internal/operations/BuildOperationState;Lorg/gradle/internal/operations/BuildOperationState;Lorg/gradle/internal/operations/DefaultBuildOperationRunner$ReadableBuildOperationContext;Lorg/gradle/internal/operations/DefaultBuildOperationRunner$BuildOperationExecutionListener;)Lorg/gradle/internal/operations/BuildOperation; (110 bytes) @ 0x0000017e553c43cc [0x0000017e553c41c0+0x000000000000020c]
J 7776 c1 org.gradle.internal.operations.DefaultBuildOperationRunner$2.execute(Lorg/gradle/internal/operations/BuildOperationDescriptor;Lorg/gradle/internal/operations/BuildOperationState;Lorg/gradle/internal/operations/BuildOperationState;Lorg/gradle/internal/operations/DefaultBuildOperationRunner$ReadableBuildOperationContext;Lorg/gradle/internal/operations/DefaultBuildOperationRunner$BuildOperationExecutionListener;)Ljava/lang/Object; (12 bytes) @ 0x0000017e554edabc [0x0000017e554eda40+0x000000000000007c]
J 9368 c1 org.gradle.internal.operations.DefaultBuildOperationRunner.execute(Lorg/gradle/internal/operations/BuildOperationDescriptor$Builder;Lorg/gradle/internal/operations/BuildOperationState;Lorg/gradle/internal/operations/DefaultBuildOperationRunner$BuildOperationExecution;)Ljava/lang/Object; (147 bytes) @ 0x0000017e561937ec [0x0000017e56192c00+0x0000000000000bec]
J 6743 c1 org.gradle.internal.operations.DefaultBuildOperationRunner.execute(Lorg/gradle/internal/operations/BuildOperation;Lorg/gradle/internal/operations/BuildOperationWorker;Lorg/gradle/internal/operations/BuildOperationState;)V (23 bytes) @ 0x0000017e55e966a4 [0x0000017e55e963e0+0x00000000000002c4]
J 8321 c1 org.gradle.internal.operations.DefaultBuildOperationRunner.run(Lorg/gradle/internal/operations/RunnableBuildOperation;)V (13 bytes) @ 0x0000017e55fdff64 [0x0000017e55fdfb80+0x00000000000003e4]
j  org.gradle.configuration.project.LifecycleProjectEvaluator.evaluate(Lorg/gradle/api/internal/project/ProjectInternal;Lorg/gradle/api/internal/project/ProjectStateInternal;)V+42
j  org.gradle.api.internal.project.DefaultProject.evaluateUnchecked()Lorg/gradle/api/internal/project/ProjectInternal;+20
j  org.gradle.api.internal.project.ProjectLifecycleController.lambda$ensureSelfConfigured$2()V+4
j  org.gradle.api.internal.project.ProjectLifecycleController$$Lambda+0x0000017e04703020.run()V+4
j  org.gradle.internal.model.StateTransitionController.lambda$doTransition$14(Ljava/lang/Runnable;)Lorg/gradle/internal/build/ExecutionResult;+1
j  org.gradle.internal.model.StateTransitionController$$Lambda+0x0000017e043d2b30.get()Ljava/lang/Object;+4
j  org.gradle.internal.model.StateTransitionController.doTransition(Lorg/gradle/internal/model/StateTransitionController$State;Lorg/gradle/internal/model/StateTransitionController$State;Ljava/util/function/Supplier;)Lorg/gradle/internal/build/ExecutionResult;+24
j  org.gradle.internal.model.StateTransitionController.doTransition(Lorg/gradle/internal/model/StateTransitionController$State;Lorg/gradle/internal/model/StateTransitionController$State;Ljava/lang/Runnable;)V+9
j  org.gradle.internal.model.StateTransitionController.lambda$maybeTransitionIfNotCurrentlyTransitioning$10(Lorg/gradle/internal/model/StateTransitionController$State;Lorg/gradle/internal/model/StateTransitionController$State;Ljava/lang/Runnable;)V+16
j  org.gradle.internal.model.StateTransitionController$$Lambda+0x0000017e04703248.run()V+16
j  org.gradle.internal.work.DefaultSynchronizer.withLock(Ljava/lang/Runnable;)V+6
j  org.gradle.internal.model.StateTransitionController.maybeTransitionIfNotCurrentlyTransitioning(Lorg/gradle/internal/model/StateTransitionController$State;Lorg/gradle/internal/model/StateTransitionController$State;Ljava/lang/Runnable;)V+13
j  org.gradle.api.internal.project.ProjectLifecycleController.ensureSelfConfigured()V+16
j  org.gradle.api.internal.project.DefaultProjectStateRegistry$ProjectStateImpl.ensureConfigured()V+19
j  org.gradle.execution.TaskPathProjectEvaluator.configure(Lorg/gradle/api/internal/project/ProjectInternal;)V+6
j  org.gradle.execution.TaskPathProjectEvaluator.configureHierarchy(Lorg/gradle/api/internal/project/ProjectInternal;)V+2
j  org.gradle.configuration.DefaultProjectsPreparer.prepareProjects(Lorg/gradle/api/internal/GradleInternal;)V+52
j  org.gradle.configuration.BuildTreePreparingProjectsPreparer.prepareProjects(Lorg/gradle/api/internal/GradleInternal;)V+114
j  org.gradle.configuration.BuildOperationFiringProjectsPreparer$ConfigureBuild.run(Lorg/gradle/internal/operations/BuildOperationContext;)V+11
J 8322 c1 org.gradle.internal.operations.DefaultBuildOperationRunner$1.execute(Lorg/gradle/internal/operations/BuildOperation;Lorg/gradle/internal/operations/BuildOperationContext;)V (10 bytes) @ 0x0000017e55fe06c4 [0x0000017e55fe0460+0x0000000000000264]
J 7768 c1 org.gradle.internal.operations.DefaultBuildOperationRunner$2.execute(Lorg/gradle/internal/operations/BuildOperationDescriptor;Lorg/gradle/internal/operations/BuildOperationState;Lorg/gradle/internal/operations/BuildOperationState;Lorg/gradle/internal/operations/DefaultBuildOperationRunner$ReadableBuildOperationContext;Lorg/gradle/internal/operations/DefaultBuildOperationRunner$BuildOperationExecutionListener;)Lorg/gradle/internal/operations/BuildOperation; (110 bytes) @ 0x0000017e553c43cc [0x0000017e553c41c0+0x000000000000020c]
J 7776 c1 org.gradle.internal.operations.DefaultBuildOperationRunner$2.execute(Lorg/gradle/internal/operations/BuildOperationDescriptor;Lorg/gradle/internal/operations/BuildOperationState;Lorg/gradle/internal/operations/BuildOperationState;Lorg/gradle/internal/operations/DefaultBuildOperationRunner$ReadableBuildOperationContext;Lorg/gradle/internal/operations/DefaultBuildOperationRunner$BuildOperationExecutionListener;)Ljava/lang/Object; (12 bytes) @ 0x0000017e554edabc [0x0000017e554eda40+0x000000000000007c]
J 9368 c1 org.gradle.internal.operations.DefaultBuildOperationRunner.execute(Lorg/gradle/internal/operations/BuildOperationDescriptor$Builder;Lorg/gradle/internal/operations/BuildOperationState;Lorg/gradle/internal/operations/DefaultBuildOperationRunner$BuildOperationExecution;)Ljava/lang/Object; (147 bytes) @ 0x0000017e561937ec [0x0000017e56192c00+0x0000000000000bec]
J 6743 c1 org.gradle.internal.operations.DefaultBuildOperationRunner.execute(Lorg/gradle/internal/operations/BuildOperation;Lorg/gradle/internal/operations/BuildOperationWorker;Lorg/gradle/internal/operations/BuildOperationState;)V (23 bytes) @ 0x0000017e55e966a4 [0x0000017e55e963e0+0x00000000000002c4]
J 8321 c1 org.gradle.internal.operations.DefaultBuildOperationRunner.run(Lorg/gradle/internal/operations/RunnableBuildOperation;)V (13 bytes) @ 0x0000017e55fdff64 [0x0000017e55fdfb80+0x00000000000003e4]
j  org.gradle.configuration.BuildOperationFiringProjectsPreparer.prepareProjects(Lorg/gradle/api/internal/GradleInternal;)V+13
j  org.gradle.initialization.VintageBuildModelController.lambda$prepareProjects$2()V+8
j  org.gradle.initialization.VintageBuildModelController$$Lambda+0x0000017e046ce130.run()V+4
j  org.gradle.internal.model.StateTransitionController.lambda$doTransition$14(Ljava/lang/Runnable;)Lorg/gradle/internal/build/ExecutionResult;+1
j  org.gradle.internal.model.StateTransitionController$$Lambda+0x0000017e043d2b30.get()Ljava/lang/Object;+4
j  org.gradle.internal.model.StateTransitionController.doTransition(Lorg/gradle/internal/model/StateTransitionController$State;Lorg/gradle/internal/model/StateTransitionController$State;Ljava/util/function/Supplier;)Lorg/gradle/internal/build/ExecutionResult;+24
j  org.gradle.internal.model.StateTransitionController.doTransition(Lorg/gradle/internal/model/StateTransitionController$State;Lorg/gradle/internal/model/StateTransitionController$State;Ljava/lang/Runnable;)V+9
j  org.gradle.internal.model.StateTransitionController.lambda$transitionIfNotPreviously$11(Lorg/gradle/internal/model/StateTransitionController$State;Lorg/gradle/internal/model/StateTransitionController$State;Ljava/lang/Runnable;)V+16
j  org.gradle.internal.model.StateTransitionController$$Lambda+0x0000017e043d2f80.run()V+16
j  org.gradle.internal.work.DefaultSynchronizer.withLock(Ljava/lang/Runnable;)V+6
j  org.gradle.internal.model.StateTransitionController.transitionIfNotPreviously(Lorg/gradle/internal/model/StateTransitionController$State;Lorg/gradle/internal/model/StateTransitionController$State;Ljava/lang/Runnable;)V+13
j  org.gradle.initialization.VintageBuildModelController.prepareProjects()V+16
j  org.gradle.initialization.VintageBuildModelController.prepareToScheduleTasks()V+5
j  org.gradle.internal.build.DefaultBuildLifecycleController.lambda$prepareToScheduleTasks$6()V+9
j  org.gradle.internal.build.DefaultBuildLifecycleController$$Lambda+0x0000017e043d26e0.run()V+4
j  org.gradle.internal.model.StateTransitionController.lambda$doTransition$14(Ljava/lang/Runnable;)Lorg/gradle/internal/build/ExecutionResult;+1
j  org.gradle.internal.model.StateTransitionController$$Lambda+0x0000017e043d2b30.get()Ljava/lang/Object;+4
j  org.gradle.internal.model.StateTransitionController.doTransition(Lorg/gradle/internal/model/StateTransitionController$State;Lorg/gradle/internal/model/StateTransitionController$State;Ljava/util/function/Supplier;)Lorg/gradle/internal/build/ExecutionResult;+24
j  org.gradle.internal.model.StateTransitionController.doTransition(Lorg/gradle/internal/model/StateTransitionController$State;Lorg/gradle/internal/model/StateTransitionController$State;Ljava/lang/Runnable;)V+9
j  org.gradle.internal.model.StateTransitionController.lambda$maybeTransition$9(Lorg/gradle/internal/model/StateTransitionController$State;Lorg/gradle/internal/model/StateTransitionController$State;Ljava/lang/Runnable;)V+16
j  org.gradle.internal.model.StateTransitionController$$Lambda+0x0000017e043d2908.run()V+16
j  org.gradle.internal.work.DefaultSynchronizer.withLock(Ljava/lang/Runnable;)V+6
j  org.gradle.internal.model.StateTransitionController.maybeTransition(Lorg/gradle/internal/model/StateTransitionController$State;Lorg/gradle/internal/model/StateTransitionController$State;Ljava/lang/Runnable;)V+13
j  org.gradle.internal.build.DefaultBuildLifecycleController.prepareToScheduleTasks()V+16
j  org.gradle.internal.buildtree.DefaultBuildTreeWorkPreparer.scheduleRequestedTasks(Lorg/gradle/internal/buildtree/BuildTreeWorkGraph;Lorg/gradle/execution/EntryTaskSelector;)Lorg/gradle/internal/buildtree/BuildTreeWorkGraph$FinalizedGraph;+4
j  org.gradle.internal.cc.impl.VintageBuildTreeWorkController$scheduleAndRunRequestedTasks$1.apply(Lorg/gradle/internal/buildtree/BuildTreeWorkGraph;)Lorg/gradle/internal/build/ExecutionResult;+18
j  org.gradle.internal.cc.impl.VintageBuildTreeWorkController$scheduleAndRunRequestedTasks$1.apply(Ljava/lang/Object;)Ljava/lang/Object;+5
j  org.gradle.composite.internal.DefaultIncludedBuildTaskGraph.withNewWorkGraph(Ljava/util/function/Function;)Ljava/lang/Object;+30
j  org.gradle.internal.cc.impl.VintageBuildTreeWorkController.scheduleAndRunRequestedTasks(Lorg/gradle/execution/EntryTaskSelector;)Lorg/gradle/internal/build/ExecutionResult;+16
j  org.gradle.internal.buildtree.DefaultBuildTreeLifecycleController.lambda$scheduleAndRunTasks$1(Lorg/gradle/execution/EntryTaskSelector;)Lorg/gradle/internal/build/ExecutionResult;+5
j  org.gradle.internal.buildtree.DefaultBuildTreeLifecycleController$$Lambda+0x0000017e043d1840.get()Ljava/lang/Object;+8
j  org.gradle.internal.buildtree.DefaultBuildTreeLifecycleController.lambda$runBuild$4(Ljava/util/function/Supplier;)Ljava/lang/Object;+1
j  org.gradle.internal.buildtree.DefaultBuildTreeLifecycleController$$Lambda+0x0000017e043d1a68.get()Ljava/lang/Object;+8
j  org.gradle.internal.model.StateTransitionController.lambda$transition$6(Ljava/util/function/Supplier;)Lorg/gradle/internal/build/ExecutionResult;+1
j  org.gradle.internal.model.StateTransitionController$$Lambda+0x0000017e043d1eb8.get()Ljava/lang/Object;+4
j  org.gradle.internal.model.StateTransitionController.doTransition(Lorg/gradle/internal/model/StateTransitionController$State;Lorg/gradle/internal/model/StateTransitionController$State;Ljava/util/function/Supplier;)Lorg/gradle/internal/build/ExecutionResult;+24
j  org.gradle.internal.model.StateTransitionController.lambda$transition$7(Lorg/gradle/internal/model/StateTransitionController$State;Lorg/gradle/internal/model/StateTransitionController$State;Ljava/util/function/Supplier;)Ljava/lang/Object;+9
j  org.gradle.internal.model.StateTransitionController$$Lambda+0x0000017e043d1c90.create()Ljava/lang/Object;+16
j  org.gradle.internal.work.DefaultSynchronizer.withLock(Lorg/gradle/internal/Factory;)Ljava/lang/Object;+6
j  org.gradle.internal.model.StateTransitionController.transition(Lorg/gradle/internal/model/StateTransitionController$State;Lorg/gradle/internal/model/StateTransitionController$State;Ljava/util/function/Supplier;)Ljava/lang/Object;+13
j  org.gradle.internal.buildtree.DefaultBuildTreeLifecycleController.runBuild(Ljava/util/function/Supplier;)Ljava/lang/Object;+17
j  org.gradle.internal.buildtree.DefaultBuildTreeLifecycleController.scheduleAndRunTasks(Lorg/gradle/execution/EntryTaskSelector;)V+8
j  org.gradle.internal.buildtree.DefaultBuildTreeLifecycleController.scheduleAndRunTasks()V+2
j  org.gradle.tooling.internal.provider.runner.BuildModelActionRunner.run(Lorg/gradle/internal/invocation/BuildAction;Lorg/gradle/internal/buildtree/BuildTreeLifecycleController;)Lorg/gradle/internal/buildtree/BuildActionRunner$Result;+65
j  org.gradle.launcher.exec.ChainingBuildActionRunner.run(Lorg/gradle/internal/invocation/BuildAction;Lorg/gradle/internal/buildtree/BuildTreeLifecycleController;)Lorg/gradle/internal/buildtree/BuildActionRunner$Result;+34
j  org.gradle.internal.buildtree.ProblemReportingBuildActionRunner.run(Lorg/gradle/internal/invocation/BuildAction;Lorg/gradle/internal/buildtree/BuildTreeLifecycleController;)Lorg/gradle/internal/buildtree/BuildActionRunner$Result;+12
j  org.gradle.launcher.exec.BuildOutcomeReportingBuildActionRunner.run(Lorg/gradle/internal/invocation/BuildAction;Lorg/gradle/internal/buildtree/BuildTreeLifecycleController;)Lorg/gradle/internal/buildtree/BuildActionRunner$Result;+69
j  org.gradle.tooling.internal.provider.FileSystemWatchingBuildActionRunner.run(Lorg/gradle/internal/invocation/BuildAction;Lorg/gradle/internal/buildtree/BuildTreeLifecycleController;)Lorg/gradle/internal/buildtree/BuildActionRunner$Result;+317
j  org.gradle.launcher.exec.BuildCompletionNotifyingBuildActionRunner.run(Lorg/gradle/internal/invocation/BuildAction;Lorg/gradle/internal/buildtree/BuildTreeLifecycleController;)Lorg/gradle/internal/buildtree/BuildActionRunner$Result;+6
j  org.gradle.launcher.exec.RootBuildLifecycleBuildActionExecutor.lambda$execute$0(Lorg/gradle/internal/invocation/BuildAction;Lorg/gradle/internal/buildtree/BuildTreeLifecycleController;)Lorg/gradle/internal/buildtree/BuildActionRunner$Result;+6
j  org.gradle.launcher.exec.RootBuildLifecycleBuildActionExecutor$$Lambda+0x0000017e043be628.apply(Ljava/lang/Object;)Ljava/lang/Object;+12
j  org.gradle.composite.internal.DefaultRootBuildState.run(Ljava/util/function/Function;)Ljava/lang/Object;+87
j  org.gradle.launcher.exec.RootBuildLifecycleBuildActionExecutor.execute(Lorg/gradle/internal/invocation/BuildAction;Lorg/gradle/internal/buildtree/BuildTreeContext;)Lorg/gradle/internal/buildtree/BuildActionRunner$Result;+75
j  org.gradle.internal.buildtree.InitDeprecationLoggingActionExecutor.execute(Lorg/gradle/internal/invocation/BuildAction;Lorg/gradle/internal/buildtree/BuildTreeContext;)Lorg/gradle/internal/buildtree/BuildActionRunner$Result;+83
j  org.gradle.internal.buildtree.InitProblems.execute(Lorg/gradle/internal/invocation/BuildAction;Lorg/gradle/internal/buildtree/BuildTreeContext;)Lorg/gradle/internal/buildtree/BuildActionRunner$Result;+13
j  org.gradle.internal.buildtree.DefaultBuildTreeContext.execute(Lorg/gradle/internal/invocation/BuildAction;)Lorg/gradle/internal/buildtree/BuildActionRunner$Result;+64
j  org.gradle.launcher.exec.BuildTreeLifecycleBuildActionExecutor.lambda$execute$0(Lorg/gradle/internal/invocation/BuildAction;Lorg/gradle/internal/buildtree/BuildTreeContext;)Lorg/gradle/internal/buildtree/BuildActionRunner$Result;+2
j  org.gradle.launcher.exec.BuildTreeLifecycleBuildActionExecutor$$Lambda+0x0000017e042ba158.apply(Ljava/lang/Object;)Ljava/lang/Object;+8
j  org.gradle.internal.buildtree.BuildTreeState.run(Ljava/util/function/Function;)Ljava/lang/Object;+47
j  org.gradle.launcher.exec.BuildTreeLifecycleBuildActionExecutor.execute(Lorg/gradle/internal/invocation/BuildAction;Lorg/gradle/internal/session/BuildSessionContext;)Lorg/gradle/internal/buildtree/BuildActionRunner$Result;+74
j  org.gradle.launcher.exec.RunAsBuildOperationBuildActionExecutor$2.call(Lorg/gradle/internal/operations/BuildOperationContext;)Lorg/gradle/internal/buildtree/BuildActionRunner$Result;+25
j  org.gradle.launcher.exec.RunAsBuildOperationBuildActionExecutor$2.call(Lorg/gradle/internal/operations/BuildOperationContext;)Ljava/lang/Object;+2
j  org.gradle.internal.operations.DefaultBuildOperationRunner$CallableBuildOperationWorker.execute(Lorg/gradle/internal/operations/CallableBuildOperation;Lorg/gradle/internal/operations/BuildOperationContext;)V+3
j  org.gradle.internal.operations.DefaultBuildOperationRunner$CallableBuildOperationWorker.execute(Lorg/gradle/internal/operations/BuildOperation;Lorg/gradle/internal/operations/BuildOperationContext;)V+6
j  org.gradle.internal.operations.DefaultBuildOperationRunner$2.execute(Lorg/gradle/internal/operations/BuildOperationDescriptor;Lorg/gradle/internal/operations/BuildOperationState;Lorg/gradle/internal/operations/BuildOperationState;Lorg/gradle/internal/operations/DefaultBuildOperationRunner$ReadableBuildOperationContext;Lorg/gradle/internal/operations/DefaultBuildOperationRunner$BuildOperationExecutionListener;)Lorg/gradle/internal/operations/BuildOperation;+22
j  org.gradle.internal.operations.DefaultBuildOperationRunner$2.execute(Lorg/gradle/internal/operations/BuildOperationDescriptor;Lorg/gradle/internal/operations/BuildOperationState;Lorg/gradle/internal/operations/BuildOperationState;Lorg/gradle/internal/operations/DefaultBuildOperationRunner$ReadableBuildOperationContext;Lorg/gradle/internal/operations/DefaultBuildOperationRunner$BuildOperationExecutionListener;)Ljava/lang/Object;+8
j  org.gradle.internal.operations.DefaultBuildOperationRunner.execute(Lorg/gradle/internal/operations/BuildOperationDescriptor$Builder;Lorg/gradle/internal/operations/BuildOperationState;Lorg/gradle/internal/operations/DefaultBuildOperationRunner$BuildOperationExecution;)Ljava/lang/Object;+141
j  org.gradle.internal.operations.DefaultBuildOperationRunner.execute(Lorg/gradle/internal/operations/BuildOperation;Lorg/gradle/internal/operations/BuildOperationWorker;Lorg/gradle/internal/operations/BuildOperationState;)V+18
j  org.gradle.internal.operations.DefaultBuildOperationRunner.call(Lorg/gradle/internal/operations/CallableBuildOperation;)Ljava/lang/Object;+16
j  org.gradle.launcher.exec.RunAsBuildOperationBuildActionExecutor.execute(Lorg/gradle/internal/invocation/BuildAction;Lorg/gradle/internal/session/BuildSessionContext;)Lorg/gradle/internal/buildtree/BuildActionRunner$Result;+23
j  org.gradle.launcher.exec.RunAsWorkerThreadBuildActionExecutor.lambda$execute$0(Lorg/gradle/internal/invocation/BuildAction;Lorg/gradle/internal/session/BuildSessionContext;)Lorg/gradle/internal/buildtree/BuildActionRunner$Result;+6
j  org.gradle.launcher.exec.RunAsWorkerThreadBuildActionExecutor$$Lambda+0x0000017e0428d790.create()Ljava/lang/Object;+12
j  org.gradle.internal.work.DefaultWorkerLeaseService.withLocks(Ljava/util/Collection;Lorg/gradle/internal/Factory;)Ljava/lang/Object;+28
j  org.gradle.internal.work.DefaultWorkerLeaseService.runAsWorkerThread(Lorg/gradle/internal/Factory;)Ljava/lang/Object;+33
j  org.gradle.launcher.exec.RunAsWorkerThreadBuildActionExecutor.execute(Lorg/gradle/internal/invocation/BuildAction;Lorg/gradle/internal/session/BuildSessionContext;)Lorg/gradle/internal/buildtree/BuildActionRunner$Result;+12
j  org.gradle.tooling.internal.provider.continuous.ContinuousBuildActionExecutor.execute(Lorg/gradle/internal/invocation/BuildAction;Lorg/gradle/internal/session/BuildSessionContext;)Lorg/gradle/internal/buildtree/BuildActionRunner$Result;+58
j  org.gradle.tooling.internal.provider.SubscribableBuildActionExecutor.execute(Lorg/gradle/internal/invocation/BuildAction;Lorg/gradle/internal/session/BuildSessionContext;)Lorg/gradle/internal/buildtree/BuildActionRunner$Result;+30
j  org.gradle.internal.session.DefaultBuildSessionContext.execute(Lorg/gradle/internal/invocation/BuildAction;)Lorg/gradle/internal/buildtree/BuildActionRunner$Result;+64
j  org.gradle.internal.buildprocess.execution.BuildSessionLifecycleBuildActionExecutor$ActionImpl.apply(Lorg/gradle/internal/session/BuildSessionContext;)Lorg/gradle/launcher/exec/BuildActionResult;+6
j  org.gradle.internal.buildprocess.execution.BuildSessionLifecycleBuildActionExecutor$ActionImpl.apply(Ljava/lang/Object;)Ljava/lang/Object;+5
j  org.gradle.internal.session.BuildSessionState.run(Ljava/util/function/Function;)Ljava/lang/Object;+5
j  org.gradle.internal.buildprocess.execution.BuildSessionLifecycleBuildActionExecutor.execute(Lorg/gradle/internal/invocation/BuildAction;Lorg/gradle/launcher/exec/BuildActionParameters;Lorg/gradle/initialization/BuildRequestContext;)Lorg/gradle/launcher/exec/BuildActionResult;+95
j  org.gradle.internal.buildprocess.execution.BuildSessionLifecycleBuildActionExecutor.execute(Lorg/gradle/internal/invocation/BuildAction;Ljava/lang/Object;Ljava/lang/Object;)Lorg/gradle/launcher/exec/BuildActionResult;+10
j  org.gradle.internal.buildprocess.execution.StartParamsValidatingActionExecutor.execute(Lorg/gradle/internal/invocation/BuildAction;Lorg/gradle/launcher/exec/BuildActionParameters;Lorg/gradle/initialization/BuildRequestContext;)Lorg/gradle/launcher/exec/BuildActionResult;+203
j  org.gradle.internal.buildprocess.execution.StartParamsValidatingActionExecutor.execute(Lorg/gradle/internal/invocation/BuildAction;Ljava/lang/Object;Ljava/lang/Object;)Lorg/gradle/launcher/exec/BuildActionResult;+10
j  org.gradle.internal.buildprocess.execution.SessionFailureReportingActionExecutor.execute(Lorg/gradle/internal/invocation/BuildAction;Lorg/gradle/launcher/exec/BuildActionParameters;Lorg/gradle/initialization/BuildRequestContext;)Lorg/gradle/launcher/exec/BuildActionResult;+7
j  org.gradle.internal.buildprocess.execution.SessionFailureReportingActionExecutor.execute(Lorg/gradle/internal/invocation/BuildAction;Ljava/lang/Object;Ljava/lang/Object;)Lorg/gradle/launcher/exec/BuildActionResult;+10
j  org.gradle.internal.buildprocess.execution.SetupLoggingActionExecutor.execute(Lorg/gradle/internal/invocation/BuildAction;Lorg/gradle/launcher/exec/BuildActionParameters;Lorg/gradle/initialization/BuildRequestContext;)Lorg/gradle/launcher/exec/BuildActionResult;+50
j  org.gradle.internal.buildprocess.execution.SetupLoggingActionExecutor.execute(Lorg/gradle/internal/invocation/BuildAction;Ljava/lang/Object;Ljava/lang/Object;)Lorg/gradle/launcher/exec/BuildActionResult;+10
j  org.gradle.launcher.daemon.server.exec.ExecuteBuild.doBuild(Lorg/gradle/launcher/daemon/server/api/DaemonCommandExecution;Lorg/gradle/launcher/daemon/protocol/Build;)V+147
j  org.gradle.launcher.daemon.server.exec.BuildCommandOnly.execute(Lorg/gradle/launcher/daemon/server/api/DaemonCommandExecution;)V+49
j  org.gradle.launcher.daemon.server.api.DaemonCommandExecution.proceed()Z+23
j  org.gradle.launcher.daemon.server.exec.WatchForDisconnection.execute(Lorg/gradle/launcher/daemon/server/api/DaemonCommandExecution;)V+19
j  org.gradle.launcher.daemon.server.api.DaemonCommandExecution.proceed()Z+23
j  org.gradle.launcher.daemon.server.exec.ResetDeprecationLogger.execute(Lorg/gradle/launcher/daemon/server/api/DaemonCommandExecution;)V+7
j  org.gradle.launcher.daemon.server.api.DaemonCommandExecution.proceed()Z+23
j  org.gradle.launcher.daemon.server.exec.RequestStopIfSingleUsedDaemon.execute(Lorg/gradle/launcher/daemon/server/api/DaemonCommandExecution;)V+33
j  org.gradle.launcher.daemon.server.api.DaemonCommandExecution.proceed()Z+23
j  org.gradle.launcher.daemon.server.exec.ForwardClientInput.lambda$execute$0(Lorg/gradle/launcher/daemon/server/api/DaemonCommandExecution;Lorg/gradle/internal/daemon/clientinput/StdinHandler;)Ljava/lang/Object;+11
j  org.gradle.launcher.daemon.server.exec.ForwardClientInput$$Lambda+0x0000017e0418f250.apply(Ljava/lang/Object;)Ljava/lang/Object;+8
j  org.gradle.internal.daemon.clientinput.ClientInputForwarder.forwardInput(Ljava/util/function/Function;)Ljava/lang/Object;+46
j  org.gradle.launcher.daemon.server.exec.ForwardClientInput.execute(Lorg/gradle/launcher/daemon/server/api/DaemonCommandExecution;)V+10
j  org.gradle.launcher.daemon.server.api.DaemonCommandExecution.proceed()Z+23
j  org.gradle.launcher.daemon.server.exec.LogAndCheckHealth.execute(Lorg/gradle/launcher/daemon/server/api/DaemonCommandExecution;)V+51
j  org.gradle.launcher.daemon.server.api.DaemonCommandExecution.proceed()Z+23
j  org.gradle.launcher.daemon.server.exec.LogToClient.doBuild(Lorg/gradle/launcher/daemon/server/api/DaemonCommandExecution;Lorg/gradle/launcher/daemon/protocol/Build;)V+87
j  org.gradle.launcher.daemon.server.exec.BuildCommandOnly.execute(Lorg/gradle/launcher/daemon/server/api/DaemonCommandExecution;)V+49
j  org.gradle.launcher.daemon.server.api.DaemonCommandExecution.proceed()Z+23
j  org.gradle.launcher.daemon.server.exec.EstablishBuildEnvironment.doBuild(Lorg/gradle/launcher/daemon/server/api/DaemonCommandExecution;Lorg/gradle/launcher/daemon/protocol/Build;)V+356
j  org.gradle.launcher.daemon.server.exec.BuildCommandOnly.execute(Lorg/gradle/launcher/daemon/server/api/DaemonCommandExecution;)V+49
j  org.gradle.launcher.daemon.server.api.DaemonCommandExecution.proceed()Z+23
j  org.gradle.launcher.daemon.server.exec.StartBuildOrRespondWithBusy$1.run()V+44
j  org.gradle.launcher.daemon.server.DaemonStateCoordinator.lambda$runCommand$0(Ljava/lang/Runnable;)V+1
j  org.gradle.launcher.daemon.server.DaemonStateCoordinator$$Lambda+0x0000017e0418dbd8.run()V+8
j  org.gradle.internal.concurrent.ExecutorPolicy$CatchAndRecordFailures.onExecute(Ljava/lang/Runnable;)V+1
j  org.gradle.internal.concurrent.AbstractManagedExecutor$1.run()V+25
j  java.util.concurrent.ThreadPoolExecutor.runWorker(Ljava/util/concurrent/ThreadPoolExecutor$Worker;)V+92 java.base@21.0.12.1
j  java.util.concurrent.ThreadPoolExecutor$Worker.run()V+5 java.base@21.0.12.1
j  java.lang.Thread.runWith(Ljava/lang/Object;Ljava/lang/Runnable;)V+5 java.base@21.0.12.1
j  java.lang.Thread.run()V+19 java.base@21.0.12.1
v  ~StubRoutines::call_stub 0x0000017e650210e7

Compiled method (n/a) 401135  817     n 0       java.lang.ClassLoader::defineClass1 (native)
 total in heap  [0x0000017e6561d290,0x0000017e6561d928] = 1688
 relocation     [0x0000017e6561d3f0,0x0000017e6561d428] = 56
 main code      [0x0000017e6561d440,0x0000017e6561d927] = 1255
 stub code      [0x0000017e6561d927,0x0000017e6561d928] = 1

[Constant Pool (empty)]

[MachCode]
[Entry Point]
  # {method} {0x0000017e03434c38} 'defineClass1' '(Ljava/lang/ClassLoader;Ljava/lang/String;[BIILjava/security/ProtectionDomain;Ljava/lang/String;)Ljava/lang/Class;' in 'java/lang/ClassLoader'
  # parm0:    rdx:rdx   = 'java/lang/ClassLoader'
  # parm1:    r8:r8     = 'java/lang/String'
  # parm2:    r9:r9     = '[B'
  # parm3:    rdi       = int
  # parm4:    rsi       = int
  # parm5:    rcx:rcx   = 'java/security/ProtectionDomain'
  # parm6:    [sp+0xa0]   = 'java/lang/String'  (sp of caller)
  0x0000017e6561d440: 448b 5208 | 49bb 0000 | 0003 7e01 | 0000 4d03 | d349 3bc2 | 0f84 0600 

  0x0000017e6561d458: ;   {runtime_call ic_miss_stub}
  0x0000017e6561d458: 0000 e921 | 15a5 ff90 
[Verified Entry Point]
  0x0000017e6561d460: 8984 2400 | 80ff ff55 | 488b ec48 | 81ec 9000 | 0000 6690 | 4181 7f20 | 1500 0000 

  0x0000017e6561d47c: ;   {runtime_call StubRoutines (final stubs)}
  0x0000017e6561d47c: 7405 e85d | aea3 ff48 | 837d 1000 | 488d 4510 | 480f 4445 | 1048 8944 | 2440 4889 | 4c24 7048 
  0x0000017e6561d49c: 83f9 0048 | 8d44 2470 | 480f 4444 | 2470 4889 | 4424 3848 | 8974 2430 | 4889 7c24 | 284c 894c 
  0x0000017e6561d4bc: 2458 4983 | f900 488d | 4424 5848 | 0f44 4424 | 5848 8944 | 2420 4c89 | 4424 5049 | 83f8 004c 
  0x0000017e6561d4dc: 8d4c 2450 | 4c0f 444c | 2450 4889 | 5424 4848 | 83fa 004c | 8d44 2448 | 4c0f 4444 

  0x0000017e6561d4f8: ;   {oop(a 'java/lang/Class'{0x00000006004475b0} = 'java/lang/ClassLoader')}
  0x0000017e6561d4f8: 2448 49be | b075 4400 | 0600 0000 | 4c89 7424 | 784c 8d74 | 2478 498b | d6c5 f877 

  0x0000017e6561d514: ;   {internal_word}
  0x0000017e6561d514: 49ba 11d5 | 6165 7e01 | 0000 4d89 | 97a8 0300 | 0049 89a7 | a003 0000 

  0x0000017e6561d52c: ;   {external_word}
  0x0000017e6561d52c: 49ba 066d | 6827 fd7f | 0000 4180 | 3a00 0f84 | 4e00 0000 | 5241 5041 

  0x0000017e6561d544: ;   {metadata({method} {0x0000017e03434c38} 'defineClass1' '(Ljava/lang/ClassLoader;Ljava/lang/String;[BIILjava/security/ProtectionDomain;Ljava/lang/String;)Ljava/lang/Class;' in 'java/lang/ClassLoader')}
  0x0000017e6561d544: 5148 ba30 | 4c43 037e | 0100 0049 | 8bcf 4883 | ec20 40f6 | c40f 0f84 | 1900 0000 | 4883 ec08 
  0x0000017e6561d564: ;   {runtime_call}
  0x0000017e6561d564: 48b8 e0ea | 1127 fd7f | 0000 ffd0 | 4883 c408 | e90c 0000 

  0x0000017e6561d578: ;   {runtime_call}
  0x0000017e6561d578: 0048 b8e0 | ea11 27fd | 7f00 00ff | d048 83c4 | 2041 5941 | 585a 498d | 8fc0 0300 | 0041 c787 
  0x0000017e6561d598: 4c04 0000 | 0400 0000 

  0x0000017e6561d5a0: ;   {runtime_call}
  0x0000017e6561d5a0: 48b8 ac16 | 57c1 fd7f | 0000 ffd0 | c5f8 7741 | c787 4c04 | 0000 0500 | 0000 f083 | 4424 c000 
  0x0000017e6561d5c0: 493b af50 | 0400 000f | 870e 0000 | 0041 83bf | 4804 0000 | 000f 842b | 0000 00c5 | f877 4889 
  0x0000017e6561d5e0: 45f8 498b | cf4c 8be4 | 4883 ec20 | 4883 e4f0 

  0x0000017e6561d5f0: ;   {runtime_call}
  0x0000017e6561d5f0: 48b8 0058 | dd26 fd7f | 0000 ffd0 | 498b e44d | 33e4 488b | 45f8 41c7 | 874c 0400 | 0008 0000 
  0x0000017e6561d610: 0041 83bf | c804 0000 | 020f 84db 

  0x0000017e6561d61c: ;   {external_word}
  0x0000017e6561d61c: 0200 0049 | ba06 6d68 | 27fd 7f00 | 0041 803a | 000f 844c | 0000 0048 

  0x0000017e6561d634: ;   {metadata({method} {0x0000017e03434c38} 'defineClass1' '(Ljava/lang/ClassLoader;Ljava/lang/String;[BIILjava/security/ProtectionDomain;Ljava/lang/String;)Ljava/lang/Class;' in 'java/lang/ClassLoader')}
  0x0000017e6561d634: 8945 f848 | ba30 4c43 | 037e 0100 | 0049 8bcf | 4883 ec20 | 40f6 c40f | 0f84 1900 | 0000 4883 
  0x0000017e6561d654: ;   {runtime_call}
  0x0000017e6561d654: ec08 48b8 | e0ea 1127 | fd7f 0000 | ffd0 4883 | c408 e90c 

  0x0000017e6561d668: ;   {runtime_call}
  0x0000017e6561d668: 0000 0048 | b8e0 ea11 | 27fd 7f00 | 00ff d048 | 83c4 2048 | 8b45 f849 | c787 a003 | 0000 0000 
  0x0000017e6561d688: 0000 49c7 | 87a8 0300 | 0000 0000 | 00c5 f877 | 4885 c00f | 8436 0200 | 00a8 030f | 8508 0000 
  0x0000017e6561d6a8: 0048 8b00 | e926 0200 | 00a8 010f | 8509 0000 | 0048 8b40 | fee9 1502 | 0000 488b | 40ff 4180 
  0x0000017e6561d6c8: 7f40 000f | 8406 0200 | 0048 83f8 | 000f 84fc | 0100 0049 | 8b4f 2848 | 83f9 000f | 8414 0000 
  0x0000017e6561d6e8: 0048 83e9 | 0849 894f | 2849 034f | 3848 8901 | e9da 0100 | 0048 81ec | f000 0000 | 4889 0424 
  0x0000017e6561d708: 4889 4c24 | 0848 8954 | 2410 4c89 | 4424 184c | 894c 2420 | 4c89 5424 | 284c 895c | 2430 c5fb 
  0x0000017e6561d728: 1144 2440 | c5fb 114c | 2448 c5fb | 1154 2450 | c5fb 115c | 2458 c5fb | 1164 2460 | c5fb 116c 
  0x0000017e6561d748: 2468 62e1 | ff08 1144 | 240e 62e1 | ff08 114c | 240f 62e1 | ff08 1154 | 2410 62e1 | ff08 115c 
  0x0000017e6561d768: ;   {no_reloc}
  0x0000017e6561d768: 2411 62e1 | ff08 1164 | 2412 62e1 | ff08 116c | 2413 62e1 | ff08 1174 | 2414 62e1 | ff08 117c 
  0x0000017e6561d788: 2415 6261 | ff08 1144 | 2416 6261 | ff08 114c | 2417 6261 | ff08 1154 | 2418 6261 | ff08 115c 
  0x0000017e6561d7a8: 2419 6261 | ff08 1164 | 241a 6261 | ff08 116c | 241b 6261 | ff08 1174 | 241c 6261 | ff08 117c 
  0x0000017e6561d7c8: 241d 498b | d748 8bc8 | 4883 ec20 | 40f6 c40f | 0f84 1900 | 0000 4883 

  0x0000017e6561d7e0: ;   {runtime_call}
  0x0000017e6561d7e0: ec08 48b8 | 20a4 d026 | fd7f 0000 | ffd0 4883 | c408 e90c 

  0x0000017e6561d7f4: ;   {runtime_call}
  0x0000017e6561d7f4: 0000 0048 | b820 a4d0 | 26fd 7f00 | 00ff d048 | 83c4 2062 | 61ff 0810 | 7c24 1d62 | 61ff 0810 
  0x0000017e6561d814: 7424 1c62 | 61ff 0810 | 6c24 1b62 | 61ff 0810 | 6424 1a62 | 61ff 0810 | 5c24 1962 | 61ff 0810 
  0x0000017e6561d834: 5424 1862 | 61ff 0810 | 4c24 1762 | 61ff 0810 | 4424 1662 | e1ff 0810 | 7c24 1562 | e1ff 0810 
  0x0000017e6561d854: 7424 1462 | e1ff 0810 | 6c24 1362 | e1ff 0810 | 6424 1262 | e1ff 0810 | 5c24 1162 | e1ff 0810 
  0x0000017e6561d874: 5424 1062 | e1ff 0810 | 4c24 0f62 | e1ff 0810 | 4424 0ec5 | fb10 6c24 | 68c5 fb10 | 6424 60c5 
  0x0000017e6561d894: fb10 5c24 | 58c5 fb10 | 5424 50c5 | fb10 4c24 | 48c5 fb10 | 4424 404c | 8b5c 2430 | 4c8b 5424 
  0x0000017e6561d8b4: 284c 8b4c | 2420 4c8b | 4424 1848 | 8b54 2410 | 488b 4c24 | 0848 8b04 | 2448 81c4 | f000 0000 
  0x0000017e6561d8d4: c5f8 7749 | 8b8f 3004 | 0000 c781 | 0001 0000 | 0000 0000 | c949 837f | 0800 0f85 | 0100 0000 
  0x0000017e6561d8f4: ;   {runtime_call StubRoutines (initial stubs)}
  0x0000017e6561d8f4: c3e9 0636 | a0ff c5f8 | 7748 8945 | f84c 8be4 | 4883 ec20 | 4883 e4f0 

  0x0000017e6561d90c: ;   {runtime_call}
  0x0000017e6561d90c: 48b8 3022 | 1227 fd7f | 0000 ffd0 | 498b e44d | 33e4 488b | 45f8 e9f8 | fcff fff4 
[/MachCode]


Compiled method (c2) 401604 11455       4       java.lang.ClassLoader::defineClass (43 bytes)
 total in heap  [0x0000017e65b71990,0x0000017e65b76058] = 18120
 relocation     [0x0000017e65b71af0,0x0000017e65b71d78] = 648
 main code      [0x0000017e65b71d80,0x0000017e65b74738] = 10680
 stub code      [0x0000017e65b74738,0x0000017e65b74810] = 216
 oops           [0x0000017e65b74810,0x0000017e65b74828] = 24
 metadata       [0x0000017e65b74828,0x0000017e65b749a0] = 376
 scopes data    [0x0000017e65b749a0,0x0000017e65b75758] = 3512
 scopes pcs     [0x0000017e65b75758,0x0000017e65b75d08] = 1456
 dependencies   [0x0000017e65b75d08,0x0000017e65b75d28] = 32
 handler table  [0x0000017e65b75d28,0x0000017e65b75fb0] = 648
 nul chk table  [0x0000017e65b75fb0,0x0000017e65b76058] = 168

[Constant Pool (empty)]

[MachCode]
[Entry Point]
  # {method} {0x0000017e03434fb8} 'defineClass' '(Ljava/lang/String;[BIILjava/security/ProtectionDomain;)Ljava/lang/Class;' in 'java/lang/ClassLoader'
  # this:     rdx:rdx   = 'java/lang/ClassLoader'
  # parm0:    r8:r8     = 'java/lang/String'
  # parm1:    r9:r9     = '[B'
  # parm2:    rdi       = int
  # parm3:    rsi       = int
  # parm4:    rcx:rcx   = 'java/security/ProtectionDomain'
  #           [sp+0xd0]  (sp of caller)
  0x0000017e65b71d80: 448b 5208 | 49bb 0000 | 0003 7e01 | 0000 4d03 | d349 3bc2 

  0x0000017e65b71d94: ;   {runtime_call ic_miss_stub}
  0x0000017e65b71d94: 0f85 e6cb | 4fff 6690 | 0f1f 4000 
[Verified Entry Point]
  0x0000017e65b71da0: 8984 2400 | 80ff ff55 | 4881 ecc0 | 0000 0090 | 4181 7f20 | 1500 0000 | 0f85 6c29 | 0000 4889 
  0x0000017e65b71dc0: 4c24 4089 | 7424 3c89 | 7c24 384c | 894c 2430 | 4889 5424 | 284d 8bf0 

  0x0000017e65b71dd8: ; implicit exception: dispatches to 0x0000017e65b74364
  0x0000017e65b71dd8: 458b 5014 | c4c1 796e | c247 8b44 | d40c 4585 | c00f 862d | 1a00 0045 | 0fbe 5e10 | 4585 db0f 
  0x0000017e65b71df8: 8593 1a00 | 00c4 4222 | f7c8 453b | c845 8bd1 | 450f 4fd0 | c4c1 797e | c349 c1e3 | 03c5 f97e 
  0x0000017e65b71e18: c14d 8d6c | cc10 4585 | d20f 8ed0 | 0000 0045 | 3bc2 0f82 | 0c1a 0000 | b82f 0000 | 0049 8bfd 
  0x0000017e65b71e38: 418b d248 | 8bdf 83fa | 100f 8c79 | 0000 0083 | fa20 0f8c | 3600 0000 | c5f9 6ec8 | c4e2 7d78 
  0x0000017e65b71e58: c9c5 edef | d28b ca83 | e1e0 83e2 | 1fc5 fe6f | 1bc5 e574 | d9c4 e27d | 17d3 0f83 | 6900 0000 
  0x0000017e65b71e78: 4883 c320 | 83e9 2075 | e4e9 0d00 | 0000 c5f9 | 6ec8 c5e9 | efd2 c4e2 

  0x0000017e65b71e90: ;   {no_reloc}
  0x0000017e65b71e90: 7100 ca83 | fa10 0f8c | 2400 0000 | 8bca 83e1 | f083 e20f | c5fa 6f1b | c5e1 74d9 | c4e2 7917 
  0x0000017e65b71eb0: d30f 832a | 0000 0048 | 83c3 1083 | e910 75e4 | 85d2 0f84 | 1200 0000 | 0fb6 0b3b | c174 1c48 
  0x0000017e65b71ed0: 83c3 0183 | ea01 7402 | ebee bbff | ffff ffeb | 0dc5 fdd7 | cb0f bcc1 | 4803 d848 | 2bdf 83fb 
  0x0000017e65b71ef0: ff0f 8501 | 1a00 0041 | 0fb6 6d00 | 83fd 5b0f | 8417 1a00 | 0045 8d51 | fb45 85d2 | 7c0e 410f 
  0x0000017e65b71f10: be4d 0083 | f96a 0f84 | 8707 0000 | 488b 5c24 | 284c 8b54 | 2440 418b | 4a10 894c | 2448 418d 
  0x0000017e65b71f30: 78ff 458d | 51ff 443b | d744 0f4f | d745 85d2 | 0f8c 2808 | 0000 33c9 | 898c 2488 | 0000 0090 
  0x0000017e65b71f50: 453b d00f | 83e2 1600 | 0043 807c | 1310 2e74 | 1a49 8bbf | 5804 0000 | 41ff ca49 

  0x0000017e65b71f6c: ; ImmutableOopMap {r11=Oop r13=Derived_oop_r11 rcx=Oop rbx=Oop r14=Oop xmm0=NarrowOop [40]=Oop [48]=Oop [64]=Oop [72]=NarrowOop }
                      ;*goto {reexecute=1 rethrow=0 return_oop=0}
                      ; - (reexecute) java.lang.StringLatin1::lastIndexOf@35
                      ; - java.lang.String::lastIndexOf@13
                      ; - java.lang.String::lastIndexOf@8
                      ; - java.lang.ClassLoader::checkCerts@3
                      ; - java.lang.ClassLoader::preDefineClass@113
                      ; - java.lang.ClassLoader::defineClass@4
                      ;   {poll}
  0x0000017e65b71f6c: 8bce 8507 | 4585 d27d | db41 baff | ffff ff41 | 83fa ff0f | 84cb 0700 | 0045 85d2 | 0f8c 3619 
  0x0000017e65b71f8c: 0000 453b | d10f 8fe9 | 1900 0045 | 3bd1 0f84 | 6907 0000 | 4585 d20f | 84b6 0700 | 0049 8bb7 
  0x0000017e65b71fac: b801 0000 | 4c8b ce49 | 83c1 184d | 3b8f c801 | 0000 0f83 | 6f14 0000 | c4c1 f96e | cd4d 898f 
  0x0000017e65b71fcc: b801 0000 | 410f 0d89 | c000 0000 | 48c7 0601 | 0000 004c | 8bce 4983 

  0x0000017e65b71fe4: ;   {metadata('java/lang/String')}
  0x0000017e65b71fe4: c110 c746 | 0878 e800 | 0044 8966 | 0cc5 edef | d2c4 c179 | d611 453b | d00f 84de | 0000 0041 
  0x0000017e65b72004: 81fa 0000 | 1000 0f87 | f81b 0000 | 4d63 ca45 | 3bc2 418b | e841 0f4f | ea44 3bc5 | 0f82 5d1c 
  0x0000017e65b72024: 0000 443b | d50f 8254 | 1c00 0049 | 83c1 174d | 8bc1 4983 | e0f8 4181 | fa00 0010 | 000f 873d 
  0x0000017e65b72044: 1600 004d | 8baf b801 | 0000 498b | cd49 03c8 | 493b 8fc8 | 0100 000f | 8323 1600 | 0049 898f 
  0x0000017e65b72064: b801 0000 | 0f0d 89c0 | 0000 0049 | c745 0001 | 0000 000f | 0d89 0001 

  0x0000017e65b7207c: ;   {metadata({type array byte})}
  0x0000017e65b7207c: 0000 41c7 | 4508 1823 | 0000 4589 | 550c 0f0d | 8940 0100 | 000f 0d89 | 8001 0000 | 4d8b dd49 
  0x0000017e65b7209c: 83c3 1049 | c1e9 0385 | ed0f 8465 | 1b00 0041 | 3bea 0f8c | 1510 0000 | 4983 c0f0 | 49c1 e803 
  0x0000017e65b720bc: c4e1 f97e | c949 8bd3 | c5f8 7749 | ba80 4305 | 657e 0100 | 0041 ffd2 

  0x0000017e65b720d4: ;   {other}
  0x0000017e65b720d4: 0f1f 8400 | 0000 0000 | e998 0000 | 004d 63d0 | 4181 f800 | 0010 000f | 87d0 1300 | 004d 8baf 
  0x0000017e65b720f4: b801 0000 | 4d8d 4a17 | 4983 e1f8 | 498b cd49 | 03c9 493b | 8fc8 0100 | 000f 83ae | 1300 0049 
  0x0000017e65b72114: 898f b801 | 0000 0f0d | 89c0 0000 | 0049 c745 | 0001 0000 | 000f 0d89 | 0001 0000 

  0x0000017e65b72130: ;   {metadata({type array byte})}
  0x0000017e65b72130: 41c7 4508 | 1823 0000 | 4589 450c | 0f0d 8940 | 0100 000f | 0d89 8001 | 0000 498b | d548 83c2 
  0x0000017e65b72150: 1049 83c2 | 0749 c1ea | 03c4 e1f9 | 7ec9 4d8b | c2c5 f877 | 49ba 8043 | 0565 7e01 | 0000 41ff 
  0x0000017e65b72170: ;   {other}
  0x0000017e65b72170: d20f 1f84 | 0000 0000 | 0041 807f | 4000 0f85 | a80d 0000 | 4c8b d64d | 8bdd 49c1 | eb03 4489 
  0x0000017e65b72190: 5e14 4d8b | dd4d 33da | 49c1 eb16 | 4d85 db74 | 1a49 c1ea | 0948 b900 | 0085 737e | 0100 0049 
  0x0000017e65b721b0: 03ca 8039 | 020f 85a8 | 0d00 0044 | 8866 1048 | 8bfe 448b | 5424 4847 | 8b5c d414 | 4585 db0f 
  0x0000017e65b721d0: 85a7 0500 | 0047 8b44 | d410 4585 | c00f 8557 

  0x0000017e65b721e0: ;   {oop(""{0x0000000600415058})}
  0x0000017e65b721e0: 0600 0049 | b958 5041 | 0006 0000 | 0049 b800 | 0085 737e 

  0x0000017e65b721f4: ;   {oop(a 'java/security/cert/Certificate'[0] {0x000000060044f268})}
  0x0000017e65b721f4: 0100 0049 | bb68 f244 | 0006 0000 | 0044 8b53 | 2c45 85d2 | 0f84 d715 | 0000 4c89 | 5c24 604c 
  0x0000017e65b72214: 8bdf 4c89 | 4424 584c | 894c 2450 | 4889 5c24 | 484c 8974 | 2420 4b8d | 14d4 bf01 | 0000 004d 
  0x0000017e65b72234: 8bc3 4c8b | 4c24 6049 | 8bee 6690 

  0x0000017e65b72240: ;   {optimized virtual_call}
  0x0000017e65b72240: c5f8 77e8 

  0x0000017e65b72244: ; ImmutableOopMap {rbp=Oop [32]=Oop [40]=Oop [48]=Oop [64]=Oop [72]=Oop [80]=Oop [96]=Oop }
                      ;*invokevirtual putVal {reexecute=0 rethrow=0 return_oop=1}
                      ; - java.util.concurrent.ConcurrentHashMap::putIfAbsent@4
                      ; - java.lang.ClassLoader::checkCerts@62
                      ; - java.lang.ClassLoader::preDefineClass@113
                      ; - java.lang.ClassLoader::defineClass@4
  0x0000017e65b72244: 18c2 aaff 

  0x0000017e65b72248: ;   {other}
  0x0000017e65b72248: 0f1f 8400 | b808 0001 | 4885 c074 | 3144 8b50 

  0x0000017e65b72258: ;   {metadata('java/security/cert/Certificate'[])}
  0x0000017e65b72258: 0841 81fa | 2029 1000 | 0f85 c21f | 0000 488b | d848 8b74 | 2460 448b | 5e0c 8b7b | 0c45 85db 
  0x0000017e65b72278: 0f87 250f | 0000 85ff | 0f87 b216 | 0000 4c8b | 5424 4045 | 8b5a 1043 | 8b6c dc0c 

  0x0000017e65b72294: ; implicit exception: dispatches to 0x0000017e65b74460
  0x0000017e65b72294: 458b 54ec | 3845 85d2 | 0f84 6215 | 0000 4b8d | 14d4 4d8d | 04ec 6690 

  0x0000017e65b722ac: ;   {optimized virtual_call}
  0x0000017e65b722ac: c5f8 77e8 

  0x0000017e65b722b0: ; ImmutableOopMap {[32]=Oop [40]=Oop [48]=Oop [64]=Oop [80]=Oop }
                      ;*invokevirtual toExternalForm {reexecute=0 rethrow=0 return_oop=1}
                      ; - java.net.URL::toExternalForm@5
                      ; - java.net.URL::toString@1
                      ; - java.lang.ClassLoader::defineClassSourceLocation@22
                      ; - java.lang.ClassLoader::defineClass@12
  0x0000017e65b722b0: ec60 c5ff 

  0x0000017e65b722b4: ;   {other}
  0x0000017e65b722b4: 0f1f 8400 | 2409 0002 | 488b 5424 | 284c 8b44 | 2420 4c8b | 4c24 308b | 7c24 388b | 7424 3c48 
  0x0000017e65b722d4: 8b4c 2440 | 4889 0424 

  0x0000017e65b722dc: ;   {static_call}
  0x0000017e65b722dc: c5f8 77e8 

  0x0000017e65b722e0: ; ImmutableOopMap {[40]=Oop [64]=Oop [80]=Oop }
                      ;*invokestatic defineClass1 {reexecute=0 rethrow=0 return_oop=1}
                      ; - java.lang.ClassLoader::defineClass@27
  0x0000017e65b722e0: 7cb1 aaff 

  0x0000017e65b722e4: ;   {other}
  0x0000017e65b722e4: 0f1f 8400 | 5409 0003 | 4889 4424 | 2044 8b50 | 3c45 85d2 | 7409 4f8d | 04d4 e936 | 0300 004c 
  0x0000017e65b72304: 8b50 1045 | 8b5a 0845 | 85db 0f8c | 5815 0000 | 448b 502c | 4585 d20f | 84f8 0300 | 004f 8d0c 
  0x0000017e65b72324: d445 8b41 | 1443 8b4c | c40c 450f | be59 10c4 | e222 f7d9 | 448d 53ff | 4585 db0f | 85cd 1700 
  0x0000017e65b72344: 004b 8d2c | c444 8d59 | ff45 3bda | 450f 4fda | 4585 db7c | 290f 1f80 | 0000 0000 | 443b d90f 
  0x0000017e65b72364: 83c5 1300 | 0042 807c | 1d10 2e74 | 1749 8bbf | 5804 0000 

  0x0000017e65b72378: ; ImmutableOopMap {r8=NarrowOop r9=Oop rbp=Oop [32]=Oop [40]=Oop [64]=Oop [80]=Oop }
                      ;*goto {reexecute=1 rethrow=0 return_oop=0}
                      ; - (reexecute) java.lang.StringLatin1::lastIndexOf@35
                      ; - java.lang.String::lastIndexOf@13
                      ; - java.lang.String::lastIndexOf@8
                      ; - java.lang.Class::getPackageName@47
                      ; - java.lang.ClassLoader::postDefineClass@2
                      ; - java.lang.ClassLoader::defineClass@37
                      ;   {poll}
  0x0000017e65b72378: 41ff cb85 | 0745 85db | 7dde 41bb | ffff ffff | 4183 fbff | 0f84 4f02 | 0000 4585 | db0f 8cd9 
  0x0000017e65b72398: 1700 0044 | 3bdb 0f8f | 0818 0000 | 443b db0f | 8464 0300 | 0045 85db | 0f84 670b | 0000 498b 
  0x0000017e65b723b8: 9fb8 0100 | 004c 8bd3 | 4983 c218 | 4d3b 97c8 | 0100 000f | 8390 1100 | 004d 8997 | b801 0000 
  0x0000017e65b723d8: 410f 0d8a | c000 0000 | 48c7 0301 | 0000 004c | 8bd3 4983 

  0x0000017e65b723ec: ;   {metadata('java/lang/String')}
  0x0000017e65b723ec: c210 c743 | 0878 e800 | 0044 8963 | 0cc5 fdef | c0c4 c179 | d602 4f8d | 54c4 1044 | 3bd9 0f84 
  0x0000017e65b7240c: dd00 0000 | 4181 fb00 | 0010 000f | 87db 1800 | 004d 63cb | 413b cb8b | f941 0f4f | fb89 7c24 
  0x0000017e65b7242c: 3c3b cf0f | 823e 1900 | 0044 3bdf | 0f82 3519 | 0000 4983 | c117 4d8b | c149 83e0 | f841 81fb 
  0x0000017e65b7244c: 0000 1000 | 0f87 0e13 | 0000 498b | b7b8 0100 | 0048 8bce | 4903 c849 | 3b8f c801 | 0000 0f83 
  0x0000017e65b7246c: f412 0000 | 4989 8fb8 | 0100 000f | 0d89 c000 | 0000 48c7 | 0601 0000 | 000f 0d89 | 0001 0000 
  0x0000017e65b7248c: ;   {metadata({type array byte})}
  0x0000017e65b7248c: c746 0818 | 2300 0044 | 895e 0c0f | 0d89 4001 | 0000 0f0d | 8980 0100 | 0048 8bd6 | 4883 c210 
  0x0000017e65b724ac: 49c1 e903 | 8b6c 243c | 85ed 0f84 | 4418 0000 | 413b eb0f | 8c9b 0e00 | 0049 83c0 | f049 c1e8 
  0x0000017e65b724cc: 0349 8bca | c5f8 7749 | ba80 4305 | 657e 0100 | 0041 ffd2 

  0x0000017e65b724e0: ;   {other}
  0x0000017e65b724e0: 0f1f 8400 | 0000 0000 | e996 0000 | 0048 63f9 | 81f9 0000 | 1000 0f87 | ce10 0000 | 498b b7b8 
  0x0000017e65b72500: 0100 004c | 8d5f 1749 | 83e3 f84c | 8bce 4d03 | cb4d 3b8f | c801 0000 | 0f83 ac10 | 0000 4d89 
  0x0000017e65b72520: 8fb8 0100 | 0041 0f0d | 89c0 0000 | 0048 c706 | 0100 0000 | 410f 0d89 | 0001 0000 

  0x0000017e65b7253c: ;   {metadata({type array byte})}
  0x0000017e65b7253c: c746 0818 | 2300 0089 | 4e0c 410f | 0d89 4001 | 0000 410f | 0d89 8001 | 0000 488b | d648 83c2 
  0x0000017e65b7255c: 1048 83c7 | 0748 c1ef | 0349 8bca | 4c8b c7c5 | f877 49ba | 8043 0565 | 7e01 0000 

  0x0000017e65b72578: ;   {other}
  0x0000017e65b72578: 41ff d20f | 1f84 0000 | 0000 0041 | 807f 4000 | 0f85 b30a | 0000 4c8b | d34c 8bde | 49c1 eb03 
  0x0000017e65b72598: 4489 5b14 | 4c8b de4d | 33da 49c1 | eb16 4d85 | db74 1a49 | c1ea 0948 | b900 0085 | 737e 0100 
  0x0000017e65b725b8: 0049 03ca | 8039 020f | 85b3 0a00 | 0044 8863 | 1048 8bd3 

  0x0000017e65b725cc: ;   {optimized virtual_call}
  0x0000017e65b725cc: c5f8 77e8 

  0x0000017e65b725d0: ; ImmutableOopMap {[32]=Oop [40]=Oop [64]=Oop }
                      ;*invokevirtual intern {reexecute=0 rethrow=0 return_oop=1}
                      ; - java.lang.Class::getPackageName@65
                      ; - java.lang.ClassLoader::postDefineClass@2
                      ; - java.lang.ClassLoader::defineClass@37
  0x0000017e65b725d0: 0c5c a6ff 

  0x0000017e65b725d4: ;   {other}
  0x0000017e65b725d4: 0f1f 8400 | 440c 0005 | 4889 4424 | 5041 807f | 4000 0f85 | c809 0000 | 4c8b 5424 | 2048 8b5c 
  0x0000017e65b725f4: 2450 4c8b | db49 c1eb | 034c 8b44 | 2420 4589 | 583c 4c8b | db4d 33da | 49c1 eb16 | 4d85 db74 
  0x0000017e65b72614: 1f48 85db | 741a 49c1 | ea09 48b9 | 0000 8573 | 7e01 0000 | 4903 ca80 | 3902 0f85 | bc09 0000 
  0x0000017e65b72634: 4c8b 4424 | 504c 8b54 | 2420 458b | 5230 4d8b | ca49 c1e1 | 0348 8b54 | 2428 6690 

  0x0000017e65b72650: ;   {optimized virtual_call}
  0x0000017e65b72650: c5f8 77e8 

  0x0000017e65b72654: ; ImmutableOopMap {[32]=Oop [40]=Oop [64]=Oop }
                      ;*invokevirtual getNamedPackage {reexecute=0 rethrow=0 return_oop=1}
                      ; - java.lang.ClassLoader::postDefineClass@9
                      ; - java.lang.ClassLoader::defineClass@37
  0x0000017e65b72654: 08f6 ceff 

  0x0000017e65b72658: ;   {other}
  0x0000017e65b72658: 0f1f 8400 | c80c 0006 | 4c8b 5424 | 4045 8b5a | 1047 8b4c | dc14 4585 | c90f 8549 | 0500 0047 
  0x0000017e65b72678: 8b54 dc10 | 4585 d20f | 85ea 0500 | 0048 8b44 | 2420 c5f8 | 7748 81c4 | c000 0000 

  0x0000017e65b72694: ;   {poll_return}
  0x0000017e65b72694: 5d49 3ba7 | 5004 0000 | 0f87 7220 | 0000 c341 | 83f8 040f | 8623 1600 | 00c4 c179 | 7ec2 4380 
  0x0000017e65b726b4: 7cd4 1161 | 0f85 5ef8 | ffff 4380 | 7cd4 1276 | 0f85 52f8 | ffff 4380 | 7cd4 1361 | 0f85 46f8 
  0x0000017e65b726d4: ffff 4380 | 7cd4 142e | 0f85 3af8 

  0x0000017e65b726e0: ;   {oop(a 'jdk/internal/loader/ClassLoaders$PlatformClassLoader'{0x00000006004425f8})}
  0x0000017e65b726e0: ffff 49ba | f825 4400 | 0600 0000 | 488b 4c24 | 2849 3bca | 0f85 c61a 

  0x0000017e65b726f8: ;   {oop(a 'jdk/internal/loader/ClassLoaders$PlatformClassLoader'{0x00000006004425f8})}
  0x0000017e65b726f8: 0000 48bb | f825 4400 | 0600 0000 | e918 f8ff | ff49 8bf6 | e9ae faff | ff49 8bd9 | e9b0 feff 
  0x0000017e65b72718: ff48 8bd0 

  0x0000017e65b7271c: ;   {optimized virtual_call}
  0x0000017e65b7271c: c5f8 77e8 

  0x0000017e65b72720: ; ImmutableOopMap {[32]=Oop [40]=Oop [64]=Oop [80]=Oop }
                      ;*invokevirtual initClassName {reexecute=0 rethrow=0 return_oop=1}
                      ; - java.lang.Class::getName@14
                      ; - java.lang.Class::getPackageName@40
                      ; - java.lang.ClassLoader::postDefineClass@2
                      ; - java.lang.ClassLoader::defineClass@37
  0x0000017e65b72720: 3c06 a8ff 

  0x0000017e65b72724: ;   {other}
  0x0000017e65b72724: 0f1f 8400 | 940d 0007 | 4c8b c848 | 85c0 0f85 | edfb ffff | baf6 ffff | ff66 6690 

  0x0000017e65b72740: ;   {runtime_call UncommonTrapBlob}
  0x0000017e65b72740: c5f8 77e8 

  0x0000017e65b72744: ; ImmutableOopMap {}
                      ;*invokevirtual lastIndexOf {reexecute=0 rethrow=0 return_oop=0}
                      ; - java.lang.Class::getPackageName@47
                      ; - java.lang.ClassLoader::postDefineClass@2
                      ; - java.lang.ClassLoader::defineClass@37
  0x0000017e65b72744: b853 50ff 

  0x0000017e65b72748: ;   {other}
  0x0000017e65b72748: 0f1f 8400 | b80d 0008 

  0x0000017e65b72750: ;   {oop(""{0x0000000600415058})}
  0x0000017e65b72750: 48bf 5850 | 4100 0600 | 0000 e963 

  0x0000017e65b7275c: ;   {oop(""{0x0000000600415058})}
  0x0000017e65b7275c: faff ff48 | be58 5041 | 0006 0000 | 00e9 51fa | ffff 33c9 | 898c 2488 | 0000 00e9 | f9f7 ffff 
  0x0000017e65b7277c: 478b 44dc | 0c47 8b54 | dc08 4d63 | e84b 8d2c | dc49 c1e5 | 0241 81f8 | 0000 0400 | 0f87 0616 
  0x0000017e65b7279c: 0000 498b | b7b8 0100 | 004d 8d4d | 1749 83e1 | f848 8bce | 4903 c949 | 3b8f c801 | 0000 0f83 
  0x0000017e65b727bc: e415 0000 | 4989 8fb8 | 0100 000f | 0d89 c000 | 0000 48c7 | 0601 0000 | 0044 8956 | 0844 8946 
  0x0000017e65b727dc: 0c0f 0d89 | 0001 0000 | 0f0d 8940 | 0100 000f | 0d89 8001 | 0000 4b8d | 4cdc 1048 | 8bd6 4883 
  0x0000017e65b727fc: c210 4983 | c507 49c1 | ed03 4d8b | c5c5 f877 | 49ba 8043 | 0565 7e01 | 0000 41ff 

  0x0000017e65b72818: ;   {other}
  0x0000017e65b72818: d20f 1f84 | 0000 0000 

  0x0000017e65b72820: ;   {oop(""{0x0000000600415058})}
  0x0000017e65b72820: 0049 b958 | 5041 0006 | 0000 0049 | b800 0085 | 737e 0100 | 00e9 7e03 | 0000 498b | 87b8 0100 
  0x0000017e65b72840: 004c 8bd0 | 4983 c218 | 448b 5c24 | 484b 8d14 | dc4d 3b97 | c801 0000 | 0f83 d915 | 0000 4d89 
  0x0000017e65b72860: 97b8 0100 | 0041 0f0d | 8ac0 0000 | 0048 c700 | 0100 0000 

  0x0000017e65b72874: ;   {metadata('java/util/ArrayList')}
  0x0000017e65b72874: c740 08d0 | 890b 0044 | 8960 0c44 | 8960 1047 | 8b54 c40c 

  0x0000017e65b72888: ;   {oop(a 'java/lang/Object'[0] {0x000000060046abf0})}
  0x0000017e65b72888: c740 147e | d508 c04c | 8bc8 4585 

  0x0000017e65b72894: ;   {oop(""{0x0000000600415058})}
  0x0000017e65b72894: d276 1848 | be58 5041 | 0006 0000 | 0048 b800 | 0085 737e | 0100 0033 

  0x0000017e65b728ac: ;   {oop(""{0x0000000600415058})}
  0x0000017e65b728ac: c9eb 5949 | bb58 5041 | 0006 0000 | 0049 b800 | 0085 737e | 0100 00e9 | 1f01 0000 | 0f1f 8400 
  0x0000017e65b728cc: 0000 0000 | 4c8b f54c | 8b54 2420 | 4c89 5424 | 2844 8b54 | 244c 4489 | 9424 8800 | 0000 488b 
  0x0000017e65b728ec: 5c24 5048 | 8b74 2458 | 488b 4424 | 6048 8b7c | 2468 488b | 5424 704c | 8b4c 2478 

  0x0000017e65b72908: ; implicit exception: dispatches to 0x0000017e65b74498
  0x0000017e65b72908: 478b 54c4 | 0c41 3bca | 0f83 8a17 | 0000 4f8d | 14c4 458b | 548a 1047 | 8b5c d410 

  0x0000017e65b72924: ; implicit exception: dispatches to 0x0000017e65b744c8
  0x0000017e65b72924: 478b 54dc | 1089 8c24 | 8000 0000 | 4c89 4c24 | 7848 8954 | 2470 4889 | 7c24 6848 | 8944 2460 
  0x0000017e65b72944: 4889 7424 | 5848 895c | 2450 448b | 9c24 8800 | 0000 4489 | 5c24 4c4c | 8b5c 2428 | 4c89 5c24 
  0x0000017e65b72964: 2049 8bee | 4d8b c249 | c1e0 0349 | 8bd1 6690 

  0x0000017e65b72974: ;   {optimized virtual_call}
  0x0000017e65b72974: c5f8 77e8 

  0x0000017e65b72978: ; ImmutableOopMap {rbp=Oop [32]=Oop [48]=Oop [64]=Oop [72]=NarrowOop [80]=Oop [88]=Oop [104]=Oop [112]=Oop [120]=Oop }
                      ;*invokevirtual addAll {reexecute=0 rethrow=0 return_oop=0}
                      ; - java.security.CodeSource::getCertificates@57
                      ; - java.lang.ClassLoader::checkCerts@34
                      ; - java.lang.ClassLoader::preDefineClass@113
                      ; - java.lang.ClassLoader::defineClass@4
  0x0000017e65b72978: 04c5 4fff 

  0x0000017e65b7297c: ;   {other}
  0x0000017e65b7297c: 0f1f 8400 | ec0f 0009 | 4d8b 9758 | 0400 0044 | 8b5c 2448 | 478b 44dc | 108b 8c24 | 8000 0000 
  0x0000017e65b7299c: ; ImmutableOopMap {r8=NarrowOop rbp=Oop [32]=Oop [48]=Oop [64]=Oop [72]=NarrowOop [80]=Oop [88]=Oop [104]=Oop [112]=Oop [120]=Oop }
                      ;*goto {reexecute=1 rethrow=0 return_oop=0}
                      ; - (reexecute) java.security.CodeSource::getCertificates@64
                      ; - java.lang.ClassLoader::checkCerts@34
                      ; - java.lang.ClassLoader::preDefineClass@113
                      ; - java.lang.ClassLoader::defineClass@4
                      ;   {poll}
  0x0000017e65b7299c: ffc1 4185 | 0247 8b5c | c40c 413b | cb0f 8c21 | ffff ff4c | 8bf5 4c8b | 5424 204c | 8954 2428 
  0x0000017e65b729bc: 448b 5c24 | 4c44 899c | 2488 0000 | 0048 8b5c | 2450 4c8b | 5c24 584c | 8b44 2460 | 488b 7c24 
  0x0000017e65b729dc: 6848 8b54 | 2470 4c8b | 4c24 7849 | 8b87 b801 | 0000 4c8b | d049 83c2 | 104d 3b97 | c801 0000 
  0x0000017e65b729fc: 0f83 a614 | 0000 4d89 | 97b8 0100 | 0041 0f0d | 8ac0 0000 | 0048 c700 | 0100 0000 | 410f 0d8a 
  0x0000017e65b72a1c: 0001 0000 

  0x0000017e65b72a20: ;   {metadata('java/security/cert/Certificate'[])}
  0x0000017e65b72a20: c740 0820 | 2910 0041 | 0f0d 8a40 | 0100 0044 | 8960 0c41 | 0f0d 8a80 | 0100 0049 | 8bee 4c8b 
  0x0000017e65b72a40: 5424 284c | 8954 2420 | 448b 9424 | 8800 0000 | 4489 5424 | 4c48 895c | 2450 4c89 | 5c24 584c 
  0x0000017e65b72a60: 8944 2460 | 4889 7c24 | 6848 8954 | 2470 4c89 | 4c24 784c | 8bc0 488b | 5424 7890 

  0x0000017e65b72a7c: ;   {optimized virtual_call}
  0x0000017e65b72a7c: c5f8 77e8 

  0x0000017e65b72a80: ; ImmutableOopMap {rbp=Oop [32]=Oop [48]=Oop [64]=Oop [72]=NarrowOop [80]=Oop [88]=Oop [104]=Oop [112]=Oop }
                      ;*invokevirtual toArray {reexecute=0 rethrow=0 return_oop=1}
                      ; - java.security.CodeSource::getCertificates@73
                      ; - java.lang.ClassLoader::checkCerts@34
                      ; - java.lang.ClassLoader::preDefineClass@113
                      ; - java.lang.ClassLoader::defineClass@4
  0x0000017e65b72a80: fcc3 4fff 

  0x0000017e65b72a84: ;   {other}
  0x0000017e65b72a84: 0f1f 8400 | f410 000b | 488b f844 

  0x0000017e65b72a90: ;   {metadata('java/security/cert/Certificate'[])}
  0x0000017e65b72a90: 8b58 0841 | 81fb 2029 | 1000 0f85 | dc17 0000 | 4180 7f40 | 000f 852d | 0f00 008b | 5c24 484c 
  0x0000017e65b72ab0: 8b54 2470 | 4c8b df49 | c1eb 0345 | 895c dc14 | 4c8b df4d | 33da 49c1 | eb16 4d85 | db74 1a49 
  0x0000017e65b72ad0: c1ea 0948 | b900 0085 | 737e 0100 | 0049 03ca | 8039 020f | 8565 0f00 | 0044 8b47 | 0c44 8b5f 
  0x0000017e65b72af0: 084d 63d0 | 49c1 e202 | 4181 f800 | 0004 000f | 8704 1400 | 0049 8bb7 | b801 0000 | 4d8d 4a17 
  0x0000017e65b72b10: 4983 e1f8 | 488b ce49 | 03c9 493b | 8fc8 0100 | 000f 83e2 | 1300 0049 | 898f b801 | 0000 0f0d 
  0x0000017e65b72b30: 89c0 0000 | 0048 c706 | 0100 0000 | 4489 5e08 | 4489 460c | 0f0d 8900 | 0100 000f | 0d89 4001 
  0x0000017e65b72b50: 0000 0f0d | 8980 0100 | 0048 8bcf | 4883 c110 | 488b d648 | 83c2 1049 | 83c2 0749 | c1ea 034d 
  0x0000017e65b72b70: 8bc2 c5f8 | 7749 ba80 | 4305 657e | 0100 0041 

  0x0000017e65b72b80: ;   {other}
  0x0000017e65b72b80: ffd2 0f1f | 8400 0000 | 0000 4c8b | f54c 8b54 | 2420 4c89 | 5424 2844 | 8b54 244c | 4489 9424 
  0x0000017e65b72ba0: 8800 0000 | 488b 5c24 | 504c 8b4c | 2458 4c8b | 4424 6048 | 8b7c 2468 | 4c8b dee9 | 41f6 ffff 
  0x0000017e65b72bc0: 438b 5ccc | 0c47 8b5c | cc08 4b8d | 2ccc 4863 | fb48 c1e7 | 0281 fb00 | 0004 000f | 871c 1200 
  0x0000017e65b72be0: 0049 8b87 | b801 0000 | 4c8d 5717 | 4983 e2f8 | 4c8b c04d | 03c2 4d3b | 87c8 0100 | 000f 83fa 
  0x0000017e65b72c00: 1100 004d | 8987 b801 | 0000 410f | 0d88 c000 | 0000 48c7 | 0001 0000 | 0044 8958 | 0889 580c 
  0x0000017e65b72c20: 410f 0d88 | 0001 0000 | 410f 0d88 | 4001 0000 | 410f 0d88 | 8001 0000 | 488b d84b | 8d4c cc10 
  0x0000017e65b72c40: 488b d348 | 83c2 1048 | 83c7 0748 | c1ef 034c | 8bc7 c5f8 | 7749 ba80 | 4305 657e | 0100 0041 
  0x0000017e65b72c60: ;   {other}
  0x0000017e65b72c60: ffd2 0f1f | 8400 0000 | 0000 e98f | 0200 0049 | 8b87 b801 | 0000 4c8b | c049 83c0 | 184b 8d1c 
  0x0000017e65b72c80: dc4d 3b87 | c801 0000 | 0f83 b412 | 0000 4d89 | 87b8 0100 | 0041 0f0d | 88c0 0000 | 0048 c700 
  0x0000017e65b72ca0: 0100 0000 

  0x0000017e65b72ca4: ;   {metadata('java/util/ArrayList')}
  0x0000017e65b72ca4: c740 08d0 | 890b 0044 | 8960 0c44 

  0x0000017e65b72cb0: ;   {oop(a 'java/lang/Object'[0] {0x000000060046abf0})}
  0x0000017e65b72cb0: 8960 10c7 | 4014 7ed5 | 08c0 4c8b | c043 8b4c | d40c 85c9 | 0f86 a700 | 0000 4533 | c9eb 1090 
  0x0000017e65b72cd0: 4889 6c24 | 2048 8b5c | 2438 4c8b | 4424 4043 | 8b7c d40c | 443b cf0f | 8313 1400 | 0049 c1e2 
  0x0000017e65b72cf0: 0347 8b54 | 8a10 438b | 4cd4 1041 | 8b4c cc10 | 4489 4c24 | 344c 8944 | 2440 4889 | 5c24 3844 
  0x0000017e65b72d10: 895c 2430 | 488b 6c24 | 204c 8bc1 | 49c1 e003 | 488b 5424 | 4066 6690 

  0x0000017e65b72d28: ;   {optimized virtual_call}
  0x0000017e65b72d28: c5f8 77e8 

  0x0000017e65b72d2c: ; ImmutableOopMap {rbp=Oop [40]=Oop [48]=NarrowOop [56]=Oop [64]=Oop }
                      ;*invokevirtual addAll {reexecute=0 rethrow=0 return_oop=0}
                      ; - java.security.CodeSource::getCertificates@57
                      ; - java.lang.ClassLoader::postDefineClass@24
                      ; - java.lang.ClassLoader::defineClass@37
  0x0000017e65b72d2c: 50c1 4fff 

  0x0000017e65b72d30: ;   {other}
  0x0000017e65b72d30: 0f1f 8400 | a013 000c | 4d8b 8758 | 0400 0044 | 8b5c 2430 | 478b 54dc | 1044 8b4c | 2434 41ff 
  0x0000017e65b72d50: ; ImmutableOopMap {r10=NarrowOop r11=NarrowOop rbp=Oop [40]=Oop [56]=Oop [64]=Oop }
                      ;*goto {reexecute=1 rethrow=0 return_oop=0}
                      ; - (reexecute) java.security.CodeSource::getCertificates@64
                      ; - java.lang.ClassLoader::postDefineClass@24
                      ; - java.lang.ClassLoader::defineClass@37
                      ;   {poll}
  0x0000017e65b72d50: c141 8500 

  0x0000017e65b72d54: ; implicit exception: dispatches to 0x0000017e65b74540
  0x0000017e65b72d54: 438b 4cd4 | 0c44 3bc9 | 0f8c 6eff | ffff 4889 | 6c24 2048 | 8b5c 2438 | 4c8b 4424 | 4049 8b87 
  0x0000017e65b72d74: b801 0000 | 4c8b d049 | 83c2 104d | 3b97 c801 | 0000 0f83 | fd11 0000 | 4d89 97b8 | 0100 0041 
  0x0000017e65b72d94: 0f0d 8ac0 | 0000 0048 | c700 0100 | 0000 410f | 0d8a 0001 

  0x0000017e65b72da8: ;   {metadata('java/security/cert/Certificate'[])}
  0x0000017e65b72da8: 0000 c740 | 0820 2910 | 0041 0f0d | 8a40 0100 | 0044 8960 | 0c41 0f0d | 8a80 0100 | 0041 8beb 
  0x0000017e65b72dc8: 4889 5c24 | 304c 8944 | 2438 4c8b | c048 8b54 | 2438 6690 

  0x0000017e65b72ddc: ;   {optimized virtual_call}
  0x0000017e65b72ddc: c5f8 77e8 

  0x0000017e65b72de0: ; ImmutableOopMap {rbp=NarrowOop [32]=Oop [40]=Oop [48]=Oop }
                      ;*invokevirtual toArray {reexecute=0 rethrow=0 return_oop=1}
                      ; - java.security.CodeSource::getCertificates@73
                      ; - java.lang.ClassLoader::postDefineClass@24
                      ; - java.lang.ClassLoader::defineClass@37
  0x0000017e65b72de0: 9cc0 4fff 

  0x0000017e65b72de4: ;   {other}
  0x0000017e65b72de4: 0f1f 8400 | 5414 000e | 488b f844 

  0x0000017e65b72df0: ;   {metadata('java/security/cert/Certificate'[])}
  0x0000017e65b72df0: 8b50 0841 | 81fa 2029 | 1000 0f85 | c814 0000 | 4180 7f40 | 000f 8509 | 0c00 008b | dd4c 8bd7 
  0x0000017e65b72e10: 4c89 5424 | 404c 8b54 | 2430 4c8b | 5c24 4049 | c1eb 0345 | 895c dc14 | 4c8b 5c24 | 404d 33da 
  0x0000017e65b72e30: 49c1 eb16 | 4d85 db74 | 1649 c1ea | 094c 8b44 | 2458 4d03 | c241 8038 | 020f 855e | 0c00 004c 
  0x0000017e65b72e50: 8b54 2440 | 458b 5a0c | 458b 5208 | 4963 eb48 | c1e5 0241 | 81fb 0000 | 0400 0f87 | 4d11 0000 
  0x0000017e65b72e70: 498b 87b8 | 0100 004c | 8d45 1749 | 83e0 f84c | 8bc8 4d03 | c84d 3b8f | c801 0000 | 0f83 2b11 
  0x0000017e65b72e90: 0000 4d89 | 8fb8 0100 | 0041 0f0d | 89c0 0000 | 0048 c700 | 0100 0000 | 4489 5008 | 4489 580c 
  0x0000017e65b72eb0: 410f 0d89 | 0001 0000 | 410f 0d89 | 4001 0000 | 410f 0d89 | 8001 0000 | 488b d848 | 8b4c 2440 
  0x0000017e65b72ed0: 4883 c110 | 488b d348 | 83c2 1048 | 83c5 0748 | c1ed 034c | 8bc5 c5f8 | 7749 ba80 | 4305 657e 
  0x0000017e65b72ef0: ;   {no_reloc}
  0x0000017e65b72ef0: 0100 0041 

  0x0000017e65b72ef4: ;   {other}
  0x0000017e65b72ef4: ffd2 0f1f | 8400 0000 | 0000 488b | 5424 204c | 8bc3 6690 

  0x0000017e65b72f08: ;   {optimized virtual_call}
  0x0000017e65b72f08: c5f8 77e8 

  0x0000017e65b72f0c: ; ImmutableOopMap {[32]=Oop }
                      ;*invokevirtual setSigners {reexecute=0 rethrow=0 return_oop=0}
                      ; - java.lang.ClassLoader::setSigners@2
                      ; - java.lang.ClassLoader::postDefineClass@35
                      ; - java.lang.ClassLoader::defineClass@37
  0x0000017e65b72f0c: 70bf 4fff 

  0x0000017e65b72f10: ;   {other}
  0x0000017e65b72f10: 0f1f 8400 | 8015 000f | e968 f7ff 

  0x0000017e65b72f1c: ;   {oop(""{0x0000000600415058})}
  0x0000017e65b72f1c: ff48 bb58 | 5041 0006 | 0000 00e9 | 9df6 ffff | 448b 5e14 | 4585 db0f | 844b f2ff | ff4d 8b57 
  0x0000017e65b72f3c: 2849 8bcb | 48c1 e103 | 4d85 d20f | 846b 0a00 | 004d 8b5f | 384b 894c | 13f8 4983 | c2f8 4d89 
  0x0000017e65b72f5c: 5728 e921 | f2ff ff4d | 8b57 484d | 8b5f 58f0 | 8344 24c0 | 0080 3900 | 0f84 41f2 | ffff 4488 
  0x0000017e65b72f7c: 214d 85d2 | 7520 498b | d7c5 f877 | 49ba 00a4 | d026 fd7f | 0000 41ff 

  0x0000017e65b72f94: ;   {other}
  0x0000017e65b72f94: d20f 1f84 | 0000 0000 | 00e9 19f2 | ffff 4b89 | 4c13 f849 | 83c2 f84d | 8957 48e9 | 07f2 ffff 
  0x0000017e65b72fb4: 4c8b 5424 | 2045 8b5a | 3c45 85db | 0f84 26f6 | ffff 4d8b | 5728 498b | cb48 c1e1 | 034d 85d2 
  0x0000017e65b72fd4: 0f84 7a0b | 0000 4d8b | 5f38 4b89 | 4c13 f849 | 83c2 f84d | 8957 28e9 | fcf5 ffff | 4d8b 5748 
  0x0000017e65b72ff4: 4d8b 5f58 | f083 4424 | c000 8039 | 000f 842d | f6ff ff44 | 8821 4d85 | d275 2049 | 8bd7 c5f8 
  0x0000017e65b73014: 7749 ba00 | a4d0 26fd | 7f00 0041 

  0x0000017e65b73020: ;   {other}
  0x0000017e65b73020: ffd2 0f1f | 8400 0000 | 0000 e905 | f6ff ff4b | 894c 13f8 | 4983 c2f8 | 4d89 5748 | e9f3 f5ff 
  0x0000017e65b73040: ff44 8b5b | 1445 85db | 0f84 40f5 | ffff 4d8b | 5728 498b | cb48 c1e1 | 034d 85d2 | 0f84 860b 
  0x0000017e65b73060: 0000 4d8b | 5f38 4b89 | 4c13 f849 | 83c2 f84d | 8957 28e9 | 16f5 ffff | 4d8b 5748 | 4d8b 5f58 
  0x0000017e65b73080: f083 4424 | c000 8039 | 000f 8436 | f5ff ff44 | 8821 4d85 | d275 2049 | 8bd7 c5f8 | 7749 ba00 
  0x0000017e65b730a0: a4d0 26fd | 7f00 0041 

  0x0000017e65b730a8: ;   {other}
  0x0000017e65b730a8: ffd2 0f1f | 8400 0000 | 0000 e90e | f5ff ff4b | 894c 13f8 | 4983 c2f8 | 4d89 5748 | e9fc f4ff 
  0x0000017e65b730c8: ff4c 63c5 | 4d8d 5010 | 498b ca48 | 83e1 f849 | 8bfd 4803 | f949 c1ea | 034d 2bca | 498b c948 
  0x0000017e65b730e8: 33c0 4883 | f908 7f10 | 48ff c978 | 5648 8904 | cf48 ffc9 | 7df7 eb4b | c5fd efc0 | e90d 0000 
  0x0000017e65b73108: 00c5 fe7f | 07c5 fe7f | 4720 4883 | c740 4883 | e908 7ded | 4883 c104 | 7c0c c5fe | 7f07 4883 
  0x0000017e65b73128: c720 4883 | e904 4883 | c104 7e17 | 48c7 c0ff | ffff ffc4 | e2f0 f5c0 | c4e1 fb92 | f862 f1fe 
  0x0000017e65b73148: 2f7f 0749 | 83f8 2077 | 2d4c 63d5 | 49b8 ffff | ffff ffff | ffff c442 | a8f5 c0c4 | c1fb 92f8 
  0x0000017e65b73168: c4c1 f97e | ca62 d17f | af6f 0262 | d17f 2f7f | 03e9 5eef | ffff c4e1 | f97e c949 | 8bd3 c5f8 
  0x0000017e65b73188: 7749 bac0 | 2005 657e | 0100 0041 

  0x0000017e65b73194: ;   {other}
  0x0000017e65b73194: ffd2 0f1f | 8400 0000 | 0000 e939 | efff ff44 | 3bdf 0f85 | e700 0000 | 458d 4bff | 453b cb0f 
  0x0000017e65b731b4: 8373 0f00 | 0085 ff0f | 866b 0f00 | 0044 8d47 | ff45 33d2 | eb37 448b | 5424 7c41 | ffc2 443b 
  0x0000017e65b731d4: 9424 8c00 | 0000 0f8d | f800 0000 | 488b 7424 | 6848 8b5c | 2448 448b | 9c24 8c00 | 0000 8bbc 
  0x0000017e65b731f4: 2498 0000 | 0044 8b84 | 249c 0000 | 0046 8b4c | 9610 443b | c70f 83d6 | 0d00 0045 | 85c9 0f84 
  0x0000017e65b73214: cd0d 0000 | 4b8d 0ccc | 33ed 4889 | 7424 6844 | 899c 248c | 0000 0089 | bc24 9800 | 0000 4489 
  0x0000017e65b73234: 8424 9c00 | 0000 4489 | 5424 7c44 | 898c 2480 | 0000 0048 | 898c 24a0 | 0000 00eb | 0548 8b5c 
  0x0000017e65b73254: 2448 448b | 54ab 1048 | 895c 2448 | 4d8b c249 | c1e0 0348 | 8b94 24a0 | 0000 0090 

  0x0000017e65b73270: ;   {optimized virtual_call}
  0x0000017e65b73270: c5f8 77e8 

  0x0000017e65b73274: ; ImmutableOopMap {[32]=Oop [40]=Oop [48]=Oop [64]=Oop [72]=Oop [80]=Oop [104]=Oop [128]=NarrowOop [160]=Oop }
                      ;*invokevirtual equals {reexecute=0 rethrow=0 return_oop=0}
                      ; - java.lang.ClassLoader::compareCerts@81
                      ; - java.lang.ClassLoader::checkCerts@80
                      ; - java.lang.ClassLoader::preDefineClass@113
                      ; - java.lang.ClassLoader::defineClass@4
  0x0000017e65b73274: 08bc 4fff 

  0x0000017e65b73278: ;   {other}
  0x0000017e65b73278: 0f1f 8400 | e818 0010 | 85c0 0f85 | 42ff ffff | ffc5 3bac | 2498 0000 | 007c beba | 45ff ffff 
  0x0000017e65b73298: 488b 6c24 | 284c 8b54 | 2430 4c89 | 5424 2844 | 8b5c 2438 | 4489 5c24 | 3044 8b54 | 243c 4489 
  0x0000017e65b732b8: 5424 344c | 8b54 2440 | 4c89 5424 | 3866 6690 

  0x0000017e65b732c8: ;   {runtime_call UncommonTrapBlob}
  0x0000017e65b732c8: c5f8 77e8 

  0x0000017e65b732cc: ; ImmutableOopMap {rbp=Oop [32]=Oop [40]=Oop [56]=Oop }
                      ;*ifne {reexecute=1 rethrow=0 return_oop=0}
                      ; - (reexecute) java.lang.ClassLoader::checkCerts@83
                      ; - java.lang.ClassLoader::preDefineClass@113
                      ; - java.lang.ClassLoader::defineClass@4
  0x0000017e65b732cc: 3048 50ff 

  0x0000017e65b732d0: ;   {other}
  0x0000017e65b732d0: 0f1f 8400 | 4019 0011 | 4533 c0eb | 1644 8b44 | 2474 41ff | c044 3b84 | 2498 0000 | 000f 8d93 
  0x0000017e65b732f0: efff ff4c | 8b54 2448 | 478b 5c82 | 1045 85db | 0f84 3e0d | 0000 4f8d | 0cdc 33ed | 4489 4424 
  0x0000017e65b73310: 7444 895c | 2478 4c89 | 8c24 9000 | 0000 6690 | 4c8b 5424 | 6845 8b54 | aa10 4d8b | c249 c1e0 
  0x0000017e65b73330: 0348 8b94 | 2490 0000 | 0066 6690 

  0x0000017e65b7333c: ;   {optimized virtual_call}
  0x0000017e65b7333c: c5f8 77e8 

  0x0000017e65b73340: ; ImmutableOopMap {[32]=Oop [40]=Oop [48]=Oop [64]=Oop [72]=Oop [80]=Oop [104]=Oop [120]=NarrowOop [144]=Oop }
                      ;*invokevirtual equals {reexecute=0 rethrow=0 return_oop=0}
                      ; - java.lang.ClassLoader::compareCerts@166
                      ; - java.lang.ClassLoader::checkCerts@80
                      ; - java.lang.ClassLoader::preDefineClass@113
                      ; - java.lang.ClassLoader::defineClass@4
  0x0000017e65b73340: 3cbb 4fff 

  0x0000017e65b73344: ;   {other}
  0x0000017e65b73344: 0f1f 8400 | b419 0012 | 85c0 758d | ffc5 3bac | 248c 0000 | 007c c5e9 | 33ff ffff | 4c63 c54d 
  0x0000017e65b73364: 8d58 1049 | 8bcb 4883 | e1f8 488b | fe48 03f9 | 49c1 eb03 | 4d2b cb49 | 8bc9 4833 | c048 83f9 
  0x0000017e65b73384: 087f 1048 | ffc9 7856 | 4889 04cf | 48ff c97d | f7eb 4bc5 | fdef c0e9 | 0d00 0000 | c5fe 7f07 
  0x0000017e65b733a4: c5fe 7f47 | 2048 83c7 | 4048 83e9 | 087d ed48 | 83c1 047c | 0cc5 fe7f | 0748 83c7 | 2048 83e9 
  0x0000017e65b733c4: 0448 83c1 | 047e 1748 | c7c0 ffff | ffff c4e2 | f0f5 c0c4 | e1fb 92f8 | 62f1 fe2f | 7f07 4983 
  0x0000017e65b733e4: f820 772b | 448b c54d | 63d8 49b8 | ffff ffff | ffff ffff | c442 a0f5 | c0c4 c1fb | 92f8 62d1 
  0x0000017e65b73404: 7faf 6f02 | 62f1 7f2f | 7f02 e9d5 | f0ff ff49 | 8bca c5f8 | 7749 bac0 | 2005 657e | 0100 0041 
  0x0000017e65b73424: ;   {other}
  0x0000017e65b73424: ffd2 0f1f | 8400 0000 | 0000 e9b5 | f0ff ff44 | 8954 2470 | 448b 5424 | 4844 8954 | 2454 4889 
  0x0000017e65b73444: 5c24 684c | 896c 2460 | 4c89 5c24 | 5844 8944 | 244c c5fa | 1144 2448 | 4c8b 5424 | 284c 8954 
  0x0000017e65b73464: 2420 498b 

  0x0000017e65b73468: ;   {metadata('java/lang/String')}
  0x0000017e65b73468: ee48 ba78 | e800 037e | 0100 0090 

  0x0000017e65b73474: ;   {runtime_call _new_instance_Java}
  0x0000017e65b73474: c5f8 77e8 

  0x0000017e65b73478: ; ImmutableOopMap {rbp=Oop [32]=Oop [48]=Oop [64]=Oop [72]=NarrowOop [84]=NarrowOop [88]=Oop [96]=Derived_oop_[88] [104]=Oop }
                      ;*new {reexecute=0 rethrow=0 return_oop=1}
                      ; - java.lang.StringLatin1::newString@7
                      ; - java.lang.String::substring@41
                      ; - java.lang.ClassLoader::checkCerts@21
                      ; - java.lang.ClassLoader::preDefineClass@113
                      ; - java.lang.ClassLoader::defineClass@4
  0x0000017e65b73478: 84b3 53ff 

  0x0000017e65b7347c: ;   {other}
  0x0000017e65b7347c: 0f1f 8400 | ec1a 0013 | 4c8b f54c | 8b54 2420 | 4c89 5424 | 28c5 fa10 | 4424 4844 | 8b44 244c 
  0x0000017e65b7349c: 4c8b 5c24 | 58c5 fb10 | 4c24 6048 | 8b5c 2468 | 8b4c 2454 | 894c 2448 | 448b 5424 | 7048 8bf0 
  0x0000017e65b734bc: e939 ebff | ff4c 8954 | 2478 4889 | 7424 7044 | 8b4c 2448 | 4489 4c24 | 6848 895c | 2460 c5fb 
  0x0000017e65b734dc: 114c 2458 | 4c89 5c24 | 5044 8b9c | 2488 0000 | 0044 895c | 244c c5fa | 1144 2448 | 4c8b 5c24 
  0x0000017e65b734fc: 284c 895c | 2420 498b 

  0x0000017e65b73504: ;   {metadata({type array byte})}
  0x0000017e65b73504: ee48 ba18 | 2300 037e | 0100 0090 

  0x0000017e65b73510: ;   {runtime_call _new_array_nozero_Java}
  0x0000017e65b73510: c5f8 77e8 

  0x0000017e65b73514: ; ImmutableOopMap {rbp=Oop [32]=Oop [48]=Oop [64]=Oop [72]=NarrowOop [80]=Oop [88]=Derived_oop_[80] [96]=Oop [104]=NarrowOop [112]=Oop }
                      ;*invokevirtual clone {reexecute=1 rethrow=0 return_oop=1}
                      ; - (reexecute) java.util.Arrays::copyOfRange@18
                      ; - java.lang.StringLatin1::newString@16
                      ; - java.lang.String::substring@41
                      ; - java.lang.ClassLoader::checkCerts@21
                      ; - java.lang.ClassLoader::preDefineClass@113
                      ; - java.lang.ClassLoader::defineClass@4
  0x0000017e65b73514: 68f8 53ff 

  0x0000017e65b73518: ;   {other}
  0x0000017e65b73518: 0f1f 8400 | 881b 0014 | 4c8b f54c | 8b54 2420 | 4c89 5424 | 2844 8b5c | 244c 4489 | 9c24 8800 
  0x0000017e65b73538: 0000 c5fb | 104c 2458 | 488b 5c24 | 6044 8b54 | 2468 4489 | 5424 4848 | 8b74 2470 | 4c8b 5424 
  0x0000017e65b73558: 784c 8be8 | e9e9 ebff | ff44 895c | 2448 894c | 243c 4489 | 4424 384c | 8b54 2420 | 4c89 5424 
  0x0000017e65b73578: 304c 8b54 | 2440 4c89 

  0x0000017e65b73580: ;   {metadata('java/lang/String')}
  0x0000017e65b73580: 5424 2048 | ba78 e800 | 037e 0100 | 0066 6690 

  0x0000017e65b73590: ;   {runtime_call _new_instance_Java}
  0x0000017e65b73590: c5f8 77e8 

  0x0000017e65b73594: ; ImmutableOopMap {rbp=Oop [32]=Oop [40]=Oop [48]=Oop [56]=NarrowOop }
                      ;*new {reexecute=0 rethrow=0 return_oop=1}
                      ; - java.lang.StringLatin1::newString@7
                      ; - java.lang.String::substring@41
                      ; - java.lang.Class::getPackageName@62
                      ; - java.lang.ClassLoader::postDefineClass@2
                      ; - java.lang.ClassLoader::defineClass@37
  0x0000017e65b73594: 68b2 53ff 

  0x0000017e65b73598: ;   {other}
  0x0000017e65b73598: 0f1f 8400 | 081c 0015 | 4c8b 5c24 | 204c 895c | 2440 4c8b | 5c24 304c | 895c 2420 | 448b 4424 
  0x0000017e65b735b8: 388b 4c24 | 3c44 8b5c | 2448 488b | d8e9 38ee | ffff 4889 | 7c24 604c | 8954 2450 | 4889 5c24 
  0x0000017e65b735d8: 4844 8944 | 2438 4c8b | 5424 204c | 8954 2430 | 4c8b 5424 | 404c 8954 

  0x0000017e65b735f0: ;   {metadata({type array byte})}
  0x0000017e65b735f0: 2420 48ba | 1823 0003 | 7e01 0000 | 448b c190 

  0x0000017e65b73600: ;   {runtime_call _new_array_nozero_Java}
  0x0000017e65b73600: c5f8 77e8 

  0x0000017e65b73604: ; ImmutableOopMap {rbp=Oop [80]=Derived_oop_rbp [32]=Oop [40]=Oop [48]=Oop [56]=NarrowOop [72]=Oop }
                      ;*invokevirtual clone {reexecute=1 rethrow=0 return_oop=1}
                      ; - (reexecute) java.util.Arrays::copyOfRange@18
                      ; - java.lang.StringLatin1::newString@16
                      ; - java.lang.String::substring@41
                      ; - java.lang.Class::getPackageName@62
                      ; - java.lang.ClassLoader::postDefineClass@2
                      ; - java.lang.ClassLoader::defineClass@37
  0x0000017e65b73604: 78f7 53ff 

  0x0000017e65b73608: ;   {other}
  0x0000017e65b73608: 0f1f 8400 | 781c 0016 | 4c8b 5424 | 204c 8954 | 2440 4c8b | 5424 304c | 8954 2420 | 488b 5c24 
  0x0000017e65b73628: 484c 8b54 | 2450 488b | 7c24 6048 | 8bf0 e91b | efff ffba | e4ff ffff | 4489 5424 | 2044 8b54 
  0x0000017e65b73648: 2438 4489 | 5424 2444 | 8b5c 243c | 4489 5c24 | 3848 895c | 2458 4c89 | 7424 6044 | 8b5c 2448 
  0x0000017e65b73668: 4489 5c24 | 3cc5 fa11 | 4424 4c90 

  0x0000017e65b73674: ;   {runtime_call UncommonTrapBlob}
  0x0000017e65b73674: c5f8 77e8 

  0x0000017e65b73678: ; ImmutableOopMap {[40]=Oop [48]=Oop [60]=NarrowOop [64]=Oop [76]=NarrowOop [88]=Oop [96]=Oop }
                      ;*baload {reexecute=0 rethrow=0 return_oop=0}
                      ; - java.lang.StringLatin1::lastIndexOf@24
                      ; - java.lang.String::lastIndexOf@13
                      ; - java.lang.String::lastIndexOf@8
                      ; - java.lang.ClassLoader::checkCerts@3
                      ; - java.lang.ClassLoader::preDefineClass@113
                      ; - java.lang.ClassLoader::defineClass@4
  0x0000017e65b73678: 8444 50ff 

  0x0000017e65b7367c: ;   {other}
  0x0000017e65b7367c: 0f1f 8400 | ec1c 0017 | 4c89 8424 | 8000 0000 | 4c89 4c24 | 7848 8974 | 2470 4489 | 5424 6844 
  0x0000017e65b7369c: 8b54 2448 | 4489 5424 | 4c48 895c | 2460 c5fb | 114c 2458 | 4c89 5c24 | 5044 8b94 | 2488 0000 
  0x0000017e65b736bc: 0044 8954 | 2448 4c89 

  0x0000017e65b736c4: ;   {metadata({type array byte})}
  0x0000017e65b736c4: 7424 2048 | ba18 2300 | 037e 0100 | 0044 8b44 | 2468 6690 

  0x0000017e65b736d8: ;   {runtime_call _new_array_nozero_Java}
  0x0000017e65b736d8: c5f8 77e8 

  0x0000017e65b736dc: ; ImmutableOopMap {[32]=Oop [40]=Oop [48]=Oop [64]=Oop [76]=NarrowOop [80]=Oop [88]=Derived_oop_[80] [96]=Oop [112]=Oop }
                      ;*newarray {reexecute=0 rethrow=0 return_oop=1}
                      ; - java.util.Arrays::copyOfRangeByte@10
                      ; - java.util.Arrays::copyOfRange@13
                      ; - java.lang.StringLatin1::newString@16
                      ; - java.lang.String::substring@41
                      ; - java.lang.ClassLoader::checkCerts@21
                      ; - java.lang.ClassLoader::preDefineClass@113
                      ; - java.lang.ClassLoader::defineClass@4
  0x0000017e65b736dc: a0f6 53ff 

  0x0000017e65b736e0: ;   {other}
  0x0000017e65b736e0: 0f1f 8400 | 501d 0018 | 4c8b 7424 | 2044 8b5c | 2448 4489 | 9c24 8800 | 0000 c5fb | 104c 2458 
  0x0000017e65b73700: 488b 5c24 | 6044 8b5c | 244c 4489 | 5c24 4844 | 8b54 2468 | 488b 7424 | 704c 8be8 | 4c8b 4c24 
  0x0000017e65b73720: 784c 8b84 | 2480 0000 | 00e9 6ae9 | ffff bae4 | ffff ff48 | 8b6c 2420 | 4c8b 5424 | 404c 8954 
  0x0000017e65b73740: 2438 4c89 | 4c24 4844 | 8944 2458 | 4489 5c24 | 5c66 6690 

  0x0000017e65b73754: ;   {runtime_call UncommonTrapBlob}
  0x0000017e65b73754: c5f8 77e8 

  0x0000017e65b73758: ; ImmutableOopMap {rbp=Oop [40]=Oop [56]=Oop [72]=Oop [88]=NarrowOop }
                      ;*baload {reexecute=0 rethrow=0 return_oop=0}
                      ; - java.lang.StringLatin1::lastIndexOf@24
                      ; - java.lang.String::lastIndexOf@13
                      ; - java.lang.String::lastIndexOf@8
                      ; - java.lang.Class::getPackageName@47
                      ; - java.lang.ClassLoader::postDefineClass@2
                      ; - java.lang.ClassLoader::defineClass@37
  0x0000017e65b73758: a443 50ff 

  0x0000017e65b7375c: ;   {other}
  0x0000017e65b7375c: 0f1f 8400 | cc1d 0019 | 4c89 4424 | 684c 894c | 2460 4c89 | 5424 5048 | 895c 2448 | 4489 5c24 
  0x0000017e65b7377c: 384c 8b54 | 2420 4c89 | 5424 304c | 8b54 2440 | 4c89 5424 

  0x0000017e65b73790: ;   {metadata({type array byte})}
  0x0000017e65b73790: 2048 ba18 | 2300 037e | 0100 0045 | 8bc3 6690 

  0x0000017e65b737a0: ;   {runtime_call _new_array_nozero_Java}
  0x0000017e65b737a0: c5f8 77e8 

  0x0000017e65b737a4: ; ImmutableOopMap {rbp=Oop [80]=Derived_oop_rbp [32]=Oop [40]=Oop [48]=Oop [72]=Oop }
                      ;*newarray {reexecute=0 rethrow=0 return_oop=1}
                      ; - java.util.Arrays::copyOfRangeByte@10
                      ; - java.util.Arrays::copyOfRange@13
                      ; - java.lang.StringLatin1::newString@16
                      ; - java.lang.String::substring@41
                      ; - java.lang.Class::getPackageName@62
                      ; - java.lang.ClassLoader::postDefineClass@2
                      ; - java.lang.ClassLoader::defineClass@37
  0x0000017e65b737a4: d8f5 53ff 

  0x0000017e65b737a8: ;   {other}
  0x0000017e65b737a8: 0f1f 8400 | 181e 001a | 4c8b 5424 | 204c 8954 | 2440 4c8b | 5424 304c | 8954 2420 | 448b 5c24 
  0x0000017e65b737c8: 3848 8b5c | 2448 4c8b | 5424 5048 | 8bf0 4c8b | 4c24 604c | 8b44 2468 | e9c0 ecff | ffba f6ff 
  0x0000017e65b737e8: ffff 488b | ef4c 895c | 2420 6690 

  0x0000017e65b737f4: ;   {runtime_call UncommonTrapBlob}
  0x0000017e65b737f4: c5f8 77e8 

  0x0000017e65b737f8: ; ImmutableOopMap {rbp=Oop [32]=Oop }
                      ;*invokevirtual putIfAbsent {reexecute=0 rethrow=0 return_oop=0}
                      ; - java.lang.ClassLoader::checkCerts@62
                      ; - java.lang.ClassLoader::preDefineClass@113
                      ; - java.lang.ClassLoader::defineClass@4
  0x0000017e65b737f8: 0443 50ff 

  0x0000017e65b737fc: ;   {other}
  0x0000017e65b737fc: 0f1f 8400 | 6c1e 001b | baf6 ffff | ff66 6690 

  0x0000017e65b7380c: ;   {runtime_call UncommonTrapBlob}
  0x0000017e65b7380c: c5f8 77e8 

  0x0000017e65b73810: ; ImmutableOopMap {rbp=NarrowOop }
                      ;*invokevirtual toExternalForm {reexecute=0 rethrow=0 return_oop=0}
                      ; - java.net.URL::toExternalForm@5
                      ; - java.net.URL::toString@1
                      ; - java.lang.ClassLoader::defineClassSourceLocation@22
                      ; - java.lang.ClassLoader::defineClass@12
  0x0000017e65b73810: ec42 50ff 

  0x0000017e65b73814: ;   {other}
  0x0000017e65b73814: 0f1f 8400 | 841e 001c | ba45 ffff | ff48 8b6c | 2428 4c89 | 7424 4890 

  0x0000017e65b7382c: ;   {runtime_call UncommonTrapBlob}
  0x0000017e65b7382c: c5f8 77e8 

  0x0000017e65b73830: ; ImmutableOopMap {rbp=Oop [48]=Oop [64]=Oop [72]=Oop }
                      ;*ifeq {reexecute=1 rethrow=0 return_oop=0}
                      ; - (reexecute) java.lang.ClassLoader::checkName@8
                      ; - java.lang.ClassLoader::preDefineClass@1
                      ; - java.lang.ClassLoader::defineClass@4
  0x0000017e65b73830: cc42 50ff 

  0x0000017e65b73834: ;   {other}
  0x0000017e65b73834: 0f1f 8400 | a41e 001d | bace ffff | ff48 8b6c | 2428 4c89 | 7424 484c | 8974 2450 | 894c 2458 
  0x0000017e65b73854: 4489 5424 | 5c66 6690 

  0x0000017e65b7385c: ;   {runtime_call UncommonTrapBlob}
  0x0000017e65b7385c: c5f8 77e8 

  0x0000017e65b73860: ; ImmutableOopMap {rbp=Oop [48]=Oop [64]=Oop [72]=Oop [80]=Oop [88]=NarrowOop }
                      ;*invokestatic indexOfChar {reexecute=0 rethrow=0 return_oop=0}
                      ; - java.lang.StringLatin1::indexOf@33
                      ; - java.lang.String::indexOf@17
                      ; - java.lang.String::indexOf@3
                      ; - java.lang.ClassLoader::checkName@16
                      ; - java.lang.ClassLoader::preDefineClass@1
                      ; - java.lang.ClassLoader::defineClass@4
  0x0000017e65b73860: 9c42 50ff 

  0x0000017e65b73864: ;   {other}
  0x0000017e65b73864: 0f1f 8400 | d41e 001e | ba45 ffff | ff4c 8b54 | 2440 4c89 | 5424 3848 | 8944 2440 

  0x0000017e65b73880: ;   {runtime_call UncommonTrapBlob}
  0x0000017e65b73880: c5f8 77e8 

  0x0000017e65b73884: ; ImmutableOopMap {[32]=Oop [40]=Oop [56]=Oop [64]=Oop }
                      ;*ifeq {reexecute=1 rethrow=0 return_oop=0}
                      ; - (reexecute) java.lang.Class::getPackageName@13
                      ; - java.lang.ClassLoader::postDefineClass@2
                      ; - java.lang.ClassLoader::defineClass@37
  0x0000017e65b73884: 7842 50ff 

  0x0000017e65b73888: ;   {other}
  0x0000017e65b73888: 0f1f 8400 | f81e 001f | 4533 c045 | 85db 410f | 94c0 ba45 | ffff ff48 | 8b6c 2428 | 4c89 7424 
  0x0000017e65b738a8: 484c 8974 | 2450 4489 | 4424 6090 

  0x0000017e65b738b4: ;   {runtime_call UncommonTrapBlob}
  0x0000017e65b738b4: c5f8 77e8 

  0x0000017e65b738b8: ; ImmutableOopMap {rbp=Oop [48]=Oop [64]=Oop [72]=Oop [80]=Oop }
                      ;*ifeq {reexecute=1 rethrow=0 return_oop=0}
                      ; - (reexecute) java.lang.String::indexOf@4
                      ; - java.lang.String::indexOf@3
                      ; - java.lang.ClassLoader::checkName@16
                      ; - java.lang.ClassLoader::preDefineClass@1
                      ; - java.lang.ClassLoader::defineClass@4
  0x0000017e65b738b8: 4442 50ff 

  0x0000017e65b738bc: ;   {other}
  0x0000017e65b738bc: 0f1f 8400 | 2c1f 0020 | ba45 ffff | ff44 8954 | 2420 4489 | 5424 2448 | 895c 2458 | 4c89 7424 
  0x0000017e65b738dc: 604c 8974 | 2468 4489 | 4c24 7090 

  0x0000017e65b738e8: ;   {runtime_call UncommonTrapBlob}
  0x0000017e65b738e8: c5f8 77e8 

  0x0000017e65b738ec: ; ImmutableOopMap {[40]=Oop [48]=Oop [64]=Oop [72]=NarrowOop [88]=Oop [96]=Oop [104]=Oop }
                      ;*if_icmpgt {reexecute=1 rethrow=0 return_oop=0}
                      ; - (reexecute) jdk.internal.util.Preconditions::checkFromToIndex@6
                      ; - java.lang.String::checkBoundsBeginEnd@6
                      ; - java.lang.String::substring@8
                      ; - java.lang.ClassLoader::checkCerts@21
                      ; - java.lang.ClassLoader::preDefineClass@113
                      ; - java.lang.ClassLoader::defineClass@4
  0x0000017e65b738ec: 1042 50ff 

  0x0000017e65b738f0: ;   {other}
  0x0000017e65b738f0: 0f1f 8400 | 601f 0021 | ba45 ffff | ff48 8b6c | 2428 4c89 | 7424 4889 | 5c24 5090 

  0x0000017e65b7390c: ;   {runtime_call UncommonTrapBlob}
  0x0000017e65b7390c: c5f8 77e8 

  0x0000017e65b73910: ; ImmutableOopMap {rbp=Oop [48]=Oop [64]=Oop [72]=Oop }
                      ;*if_icmpne {reexecute=1 rethrow=0 return_oop=0}
                      ; - (reexecute) java.lang.ClassLoader::checkName@20
                      ; - java.lang.ClassLoader::preDefineClass@1
                      ; - java.lang.ClassLoader::defineClass@4
  0x0000017e65b73910: ec41 50ff 

  0x0000017e65b73914: ;   {other}
  0x0000017e65b73914: 0f1f 8400 | 841f 0022 | ba45 ffff | ff4c 8974 | 2450 6690 

  0x0000017e65b73928: ;   {runtime_call UncommonTrapBlob}
  0x0000017e65b73928: c5f8 77e8 

  0x0000017e65b7392c: ; ImmutableOopMap {[40]=Oop [48]=Oop [64]=Oop [80]=Oop }
                      ;*if_icmpne {reexecute=1 rethrow=0 return_oop=0}
                      ; - (reexecute) java.lang.ClassLoader::checkName@30
                      ; - java.lang.ClassLoader::preDefineClass@1
                      ; - java.lang.ClassLoader::defineClass@4
  0x0000017e65b7392c: d041 50ff 

  0x0000017e65b73930: ;   {other}
  0x0000017e65b73930: 0f1f 8400 | a01f 0023 | ba45 ffff | ff48 8b6c | 2428 4c8b | 5424 304c | 8954 2428 | 448b 5c24 
  0x0000017e65b73950: 3844 895c | 2430 448b | 5424 3c44 | 8954 2434 | 4c8b 5424 | 404c 8954 | 2438 897c | 2448 6690 
  0x0000017e65b73970: ;   {runtime_call UncommonTrapBlob}
  0x0000017e65b73970: c5f8 77e8 

  0x0000017e65b73974: ; ImmutableOopMap {rbp=Oop [32]=Oop [40]=Oop [56]=Oop }
                      ;*ifne {reexecute=1 rethrow=0 return_oop=0}
                      ; - (reexecute) java.lang.ClassLoader::compareCerts@7
                      ; - java.lang.ClassLoader::checkCerts@80
                      ; - java.lang.ClassLoader::preDefineClass@113
                      ; - java.lang.ClassLoader::defineClass@4
  0x0000017e65b73974: 8841 50ff 

  0x0000017e65b73978: ;   {other}
  0x0000017e65b73978: 0f1f 8400 | e81f 0024 | ba45 ffff | ff44 8954 | 2420 4489 | 5424 2448 | 895c 2458 | 4c89 7424 
  0x0000017e65b73998: 604c 8974 | 2468 4489 | 4c24 7044 | 894c 2474 

  0x0000017e65b739a8: ;   {runtime_call UncommonTrapBlob}
  0x0000017e65b739a8: c5f8 77e8 

  0x0000017e65b739ac: ; ImmutableOopMap {[40]=Oop [48]=Oop [64]=Oop [72]=NarrowOop [88]=Oop [96]=Oop [104]=Oop }
                      ;*if_icmple {reexecute=1 rethrow=0 return_oop=0}
                      ; - (reexecute) jdk.internal.util.Preconditions::checkFromToIndex@11
                      ; - java.lang.String::checkBoundsBeginEnd@6
                      ; - java.lang.String::substring@8
                      ; - java.lang.ClassLoader::checkCerts@21
                      ; - java.lang.ClassLoader::preDefineClass@113
                      ; - java.lang.ClassLoader::defineClass@4
  0x0000017e65b739ac: 5041 50ff 

  0x0000017e65b739b0: ;   {other}
  0x0000017e65b739b0: 0f1f 8400 | 2020 0025 | 498b d7c5 | f877 49ba | 20a4 d026 | fd7f 0000 

  0x0000017e65b739c8: ;   {other}
  0x0000017e65b739c8: 41ff d20f | 1f84 0000 | 0000 00e9 | ace7 ffff | 8b5c 2448 | 458b 54dc | 1445 85d2 | 0f84 c5f0 
  0x0000017e65b739e8: ffff 4d8b | 5f28 498b | ca48 c1e1 | 034d 85db | 0f84 8207 | 0000 4d8b | 5738 4b89 | 4c1a f849 
  0x0000017e65b73a08: 83c3 f84d | 895f 28e9 | 9bf0 ffff | 8bdd 458b | 5cec 1445 | 85db 0f84 | e9f3 ffff | 4d8b 5728 
  0x0000017e65b73a28: 498b cb48 | c1e1 034d | 85d2 0f84 | 6807 0000 | 4d8b 5f38 | 4b89 4c13 | f849 83c2 | f84d 8957 
  0x0000017e65b73a48: 28e9 bff3 | ffff 4d8b | 5748 4d8b | 5f58 f083 | 4424 c000 | 8039 0074 | 3244 8821 | 4d85 d274 
  0x0000017e65b73a68: 0f4b 894c | 13f8 4983 | c2f8 4d89 | 5748 eb1b | 498b d7c5 | f877 49ba | 00a4 d026 | fd7f 0000 
  0x0000017e65b73a88: ;   {other}
  0x0000017e65b73a88: 41ff d20f | 1f84 0000 | 0000 0045 | 8b5c dc14 | 4585 db0f | 8457 0700 | 0049 8bfb | 48c1 e703 
  0x0000017e65b73aa8: e93c f0ff | ff4d 8b57 | 484d 8b5f | 58f0 8344 | 24c0 0041 | 8038 0074 | 3545 8820 | 4d85 d274 
  0x0000017e65b73ac8: 0f4f 8944 | 13f8 4983 | c2f8 4d89 | 5748 eb1e | 498b c849 | 8bd7 c5f8 | 7749 ba00 | a4d0 26fd 
  0x0000017e65b73ae8: 7f00 0041 

  0x0000017e65b73aec: ;   {other}
  0x0000017e65b73aec: ffd2 0f1f | 8400 0000 | 0000 458b | 54dc 1445 | 85d2 0f84 | 0c07 0000 | 49c1 e203 | 4c89 5424 
  0x0000017e65b73b0c: 40e9 3df3 | ffff 4585 | db44 8b9c | 2488 0000 | 0041 0f94 | c3ba 45ff | ffff 488b | 6c24 204c 
  0x0000017e65b73b2c: 8b44 2440 | 4c89 4424 | 384c 894c | 2450 4489 | 5424 5844 | 895c 245c 

  0x0000017e65b73b44: ;   {runtime_call UncommonTrapBlob}
  0x0000017e65b73b44: c5f8 77e8 

  0x0000017e65b73b48: ; ImmutableOopMap {rbp=Oop [40]=Oop [56]=Oop [80]=Oop }
                      ;*ifeq {reexecute=1 rethrow=0 return_oop=0}
                      ; - (reexecute) java.lang.String::lastIndexOf@4
                      ; - java.lang.String::lastIndexOf@8
                      ; - java.lang.Class::getPackageName@47
                      ; - java.lang.ClassLoader::postDefineClass@2
                      ; - java.lang.ClassLoader::defineClass@37
  0x0000017e65b73b48: b43f 50ff 

  0x0000017e65b73b4c: ;   {other}
  0x0000017e65b73b4c: 0f1f 8400 | bc21 0026 | 498b d7c5 | f877 49ba | 20a4 d026 | fd7f 0000 

  0x0000017e65b73b64: ;   {other}
  0x0000017e65b73b64: 41ff d20f | 1f84 0000 | 0000 00e9 | 78ea ffff | ba45 ffff | ff48 8b6c | 2420 4c8b | 5424 404c 
  0x0000017e65b73b84: 8954 2438 | 4c89 4c24 | 4844 895c | 2458 895c | 245c 4489 | 5c24 6090 

  0x0000017e65b73b9c: ;   {runtime_call UncommonTrapBlob}
  0x0000017e65b73b9c: c5f8 77e8 

  0x0000017e65b73ba0: ; ImmutableOopMap {rbp=Oop [40]=Oop [56]=Oop [72]=Oop }
                      ;*if_icmpgt {reexecute=1 rethrow=0 return_oop=0}
                      ; - (reexecute) jdk.internal.util.Preconditions::checkFromToIndex@6
                      ; - java.lang.String::checkBoundsBeginEnd@6
                      ; - java.lang.String::substring@8
                      ; - java.lang.Class::getPackageName@62
                      ; - java.lang.ClassLoader::postDefineClass@2
                      ; - java.lang.ClassLoader::defineClass@37
  0x0000017e65b73ba0: 5c3f 50ff 

  0x0000017e65b73ba4: ;   {other}
  0x0000017e65b73ba4: 0f1f 8400 | 1422 0027 | ba45 ffff | ff48 8b6c | 2420 4c8b | 5424 404c | 8954 2438 | 4c89 4c24 
  0x0000017e65b73bc4: 4844 895c | 2458 895c | 245c 4489 | 5c24 6089 | 5c24 6490 

  0x0000017e65b73bd8: ;   {runtime_call UncommonTrapBlob}
  0x0000017e65b73bd8: c5f8 77e8 

  0x0000017e65b73bdc: ; ImmutableOopMap {rbp=Oop [40]=Oop [56]=Oop [72]=Oop }
                      ;*if_icmple {reexecute=1 rethrow=0 return_oop=0}
                      ; - (reexecute) jdk.internal.util.Preconditions::checkFromToIndex@11
                      ; - java.lang.String::checkBoundsBeginEnd@6
                      ; - java.lang.String::substring@8
                      ; - java.lang.Class::getPackageName@62
                      ; - java.lang.ClassLoader::postDefineClass@2
                      ; - java.lang.ClassLoader::defineClass@37
  0x0000017e65b73bdc: 203f 50ff 

  0x0000017e65b73be0: ;   {other}
  0x0000017e65b73be0: 0f1f 8400 | 5022 0028 | 498b d7c5 | f877 49ba | 20a4 d026 | fd7f 0000 

  0x0000017e65b73bf8: ;   {other}
  0x0000017e65b73bf8: 41ff d20f | 1f84 0000 | 0000 00e9 | 86e9 ffff | 4d63 cae9 | 03e4 ffff | 4983 c1fe | 498b c949 
  0x0000017e65b73c18: 8bfb 4833 | c048 83f9 | 087f 1048 | ffc9 7856 | 4889 04cf | 48ff c97d | f7eb 4bc5 | fdef c0e9 
  0x0000017e65b73c38: 0d00 0000 | c5fe 7f07 | c5fe 7f47 | 2048 83c7 | 4048 83e9 | 087d ed48 | 83c1 047c | 0cc5 fe7f 
  0x0000017e65b73c58: 0748 83c7 | 2048 83e9 | 0448 83c1 | 047e 1748 | c7c0 ffff | ffff c4e2 | f0f5 c0c4 | e1fb 92f8 
  0x0000017e65b73c78: 62f1 fe2f | 7f07 e959 | e4ff ffba | ccff ffff | 4489 5424 | 2044 8b54 | 2438 4489 | 5424 2444 
  0x0000017e65b73c98: 8b5c 243c | 4489 5c24 | 3848 895c | 2458 4c89 | 7424 6044 | 8b5c 2448 | 4489 5c24 | 3c48 8974 
  0x0000017e65b73cb8: 2468 c5fa | 1144 2470 

  0x0000017e65b73cc0: ;   {runtime_call UncommonTrapBlob}
  0x0000017e65b73cc0: c5f8 77e8 

  0x0000017e65b73cc4: ; ImmutableOopMap {[40]=Oop [48]=Oop [60]=NarrowOop [64]=Oop [88]=Oop [96]=Oop [104]=Oop [112]=NarrowOop }
                      ;*newarray {reexecute=1 rethrow=0 return_oop=0}
                      ; - (reexecute) java.util.Arrays::copyOfRangeByte@10
                      ; - java.util.Arrays::copyOfRange@13
                      ; - java.lang.StringLatin1::newString@16
                      ; - java.lang.String::substring@41
                      ; - java.lang.ClassLoader::checkCerts@21
                      ; - java.lang.ClassLoader::preDefineClass@113
                      ; - java.lang.ClassLoader::defineClass@4
  0x0000017e65b73cc4: 383e 50ff 

  0x0000017e65b73cc8: ;   {other}
  0x0000017e65b73cc8: 0f1f 8400 | 3823 0029 | bae4 ffff | ff48 8b6c | 2428 4c89 | 7424 48c5 | fa11 4424 | 5466 6690 
  0x0000017e65b73ce8: ;   {runtime_call UncommonTrapBlob}
  0x0000017e65b73ce8: c5f8 77e8 

  0x0000017e65b73cec: ; ImmutableOopMap {rbp=Oop [48]=Oop [64]=Oop [72]=Oop [84]=NarrowOop }
                      ;*baload {reexecute=0 rethrow=0 return_oop=0}
                      ; - jdk.internal.util.ArraysSupport::mismatch@82
                      ; - java.lang.String::startsWith@70
                      ; - java.lang.String::startsWith@3
                      ; - java.lang.ClassLoader::preDefineClass@43
                      ; - java.lang.ClassLoader::defineClass@4
  0x0000017e65b73cec: 103e 50ff 

  0x0000017e65b73cf0: ;   {other}
  0x0000017e65b73cf0: 0f1f 8400 | 6023 002a | 4d63 cbe9 | 20e7 ffff | 4983 c1fe | 498b c948 | 8bfa 4833 | c048 83f9 
  0x0000017e65b73d10: 087f 1048 | ffc9 7856 | 4889 04cf | 48ff c97d | f7eb 4bc5 | fdef c0e9 | 0d00 0000 | c5fe 7f07 
  0x0000017e65b73d30: c5fe 7f47 | 2048 83c7 | 4048 83e9 | 087d ed48 | 83c1 047c | 0cc5 fe7f | 0748 83c7 | 2048 83e9 
  0x0000017e65b73d50: 0448 83c1 | 047e 1748 | c7c0 ffff | ffff c4e2 | f0f5 c0c4 | e1fb 92f8 | 62f1 fe2f | 7f07 e975 
  0x0000017e65b73d70: e7ff ffba | ccff ffff | 4c8b 5424 | 404c 8954 | 2438 4889 | 5c24 5044 | 8944 2458 | 4489 5c24 
  0x0000017e65b73d90: 6066 6690 

  0x0000017e65b73d94: ;   {runtime_call UncommonTrapBlob}
  0x0000017e65b73d94: c5f8 77e8 

  0x0000017e65b73d98: ; ImmutableOopMap {[32]=Oop [40]=Oop [56]=Oop [80]=Oop [88]=NarrowOop }
                      ;*newarray {reexecute=1 rethrow=0 return_oop=0}
                      ; - (reexecute) java.util.Arrays::copyOfRangeByte@10
                      ; - java.util.Arrays::copyOfRange@13
                      ; - java.lang.StringLatin1::newString@16
                      ; - java.lang.String::substring@41
                      ; - java.lang.Class::getPackageName@62
                      ; - java.lang.ClassLoader::postDefineClass@2
                      ; - java.lang.ClassLoader::defineClass@37
  0x0000017e65b73d98: 643d 50ff 

  0x0000017e65b73d9c: ;   {other}
  0x0000017e65b73d9c: 0f1f 8400 | 0c24 002b | 4c89 6c24 | 6044 895c | 244c 4889 | 7c24 5848 | 895c 2450 | 4c89 7424 
  0x0000017e65b73dbc: 2048 ba00 | 0000 037e | 0100 0049 | 03d2 6690 

  0x0000017e65b73dcc: ;   {runtime_call _new_array_Java}
  0x0000017e65b73dcc: c5f8 77e8 

  0x0000017e65b73dd0: ; ImmutableOopMap {rbp=Oop [32]=Oop [40]=Oop [48]=Oop [64]=Oop [76]=NarrowOop [80]=Oop [88]=Oop }
                      ;*invokevirtual clone {reexecute=1 rethrow=0 return_oop=1}
                      ; - (reexecute) java.security.CodeSource::getCertificates@11
                      ; - java.lang.ClassLoader::checkCerts@34
                      ; - java.lang.ClassLoader::preDefineClass@113
                      ; - java.lang.ClassLoader::defineClass@4
  0x0000017e65b73dd0: acec 53ff 

  0x0000017e65b73dd4: ;   {other}
  0x0000017e65b73dd4: 0f1f 8400 | 4424 002c | 4c8b 7424 | 2048 8b5c | 2450 488b | 7c24 5844 | 8b5c 244c | 4c8b 6c24 
  0x0000017e65b73df4: 6048 8bf0 | e9f5 e9ff | ff48 897c | 2438 4489 | 4c24 3048 | ba00 0000 | 037e 0100 | 0049 03d3 
  0x0000017e65b73e14: 448b c390 

  0x0000017e65b73e18: ;   {runtime_call _new_array_Java}
  0x0000017e65b73e18: c5f8 77e8 

  0x0000017e65b73e1c: ; ImmutableOopMap {rbp=Oop [32]=Oop [40]=Oop [48]=NarrowOop }
                      ;*invokevirtual clone {reexecute=1 rethrow=0 return_oop=1}
                      ; - (reexecute) java.security.CodeSource::getCertificates@11
                      ; - java.lang.ClassLoader::postDefineClass@24
                      ; - java.lang.ClassLoader::defineClass@37
  0x0000017e65b73e1c: 60ec 53ff 

  0x0000017e65b73e20: ;   {other}
  0x0000017e65b73e20: 0f1f 8400 | 9024 002d | 448b 4c24 | 3048 8b7c | 2438 e901 | eeff ff48 | 8954 2468 | 4489 4424 
  0x0000017e65b73e40: 6048 897c | 2458 4489 | 5c24 4c48 | 895c 2450 | 4c8b 5424 | 284c 8954 | 2420 498b 

  0x0000017e65b73e5c: ;   {metadata('java/util/ArrayList')}
  0x0000017e65b73e5c: ee48 bad0 | 890b 037e | 0100 0090 

  0x0000017e65b73e68: ;   {runtime_call _new_instance_Java}
  0x0000017e65b73e68: c5f8 77e8 

  0x0000017e65b73e6c: ; ImmutableOopMap {rbp=Oop [32]=Oop [48]=Oop [64]=Oop [76]=NarrowOop [80]=Oop [88]=Oop [96]=NarrowOop [104]=Oop }
                      ;*new {reexecute=0 rethrow=0 return_oop=1}
                      ; - java.security.CodeSource::getCertificates@25
                      ; - java.lang.ClassLoader::checkCerts@34
                      ; - java.lang.ClassLoader::preDefineClass@113
                      ; - java.lang.ClassLoader::defineClass@4
  0x0000017e65b73e6c: 90a9 53ff 

  0x0000017e65b73e70: ;   {other}
  0x0000017e65b73e70: 0f1f 8400 | e024 002e | 4c8b f54c | 8b54 2420 | 4c89 5424 | 2848 8b5c | 2450 448b | 5c24 4c44 
  0x0000017e65b73e90: 895c 2448 | 488b 7c24 | 5844 8b44 | 2460 488b | 5424 68e9 | dbe9 ffff | 4c89 4c24 | 7848 8954 
  0x0000017e65b73eb0: 2470 4889 | 7c24 684c | 8944 2460 | 4c89 5c24 | 5848 895c | 2450 448b | 9c24 8800 | 0000 4489 
  0x0000017e65b73ed0: 5c24 4c4c | 8b54 2428 | 4c89 5424 | 2049 8bee 

  0x0000017e65b73ee0: ;   {metadata('java/security/cert/Certificate'[])}
  0x0000017e65b73ee0: 48ba 2029 | 1003 7e01 | 0000 448b | 8424 8800 | 0000 6690 

  0x0000017e65b73ef4: ;   {runtime_call _new_array_Java}
  0x0000017e65b73ef4: c5f8 77e8 

  0x0000017e65b73ef8: ; ImmutableOopMap {rbp=Oop [32]=Oop [48]=Oop [64]=Oop [72]=NarrowOop [80]=Oop [88]=Oop [104]=Oop [112]=Oop [120]=Oop }
                      ;*anewarray {reexecute=0 rethrow=0 return_oop=1}
                      ; - java.security.CodeSource::getCertificates@70
                      ; - java.lang.ClassLoader::checkCerts@34
                      ; - java.lang.ClassLoader::preDefineClass@113
                      ; - java.lang.ClassLoader::defineClass@4
  0x0000017e65b73ef8: 84eb 53ff 

  0x0000017e65b73efc: ;   {other}
  0x0000017e65b73efc: 0f1f 8400 | 6c25 002f | e96a ebff | ff4c 8954 | 2470 4889 | 7c24 2848 | ba00 0000 | 037e 0100 
  0x0000017e65b73f1c: 0049 03d3 

  0x0000017e65b73f20: ;   {runtime_call _new_array_Java}
  0x0000017e65b73f20: c5f8 77e8 

  0x0000017e65b73f24: ; ImmutableOopMap {rbp=Oop [32]=Oop [40]=Oop [48]=Oop [64]=Oop [80]=Oop [88]=Oop [104]=Oop }
                      ;*invokevirtual clone {reexecute=1 rethrow=0 return_oop=1}
                      ; - (reexecute) java.security.CodeSource::getCertificates@86
                      ; - java.lang.ClassLoader::checkCerts@34
                      ; - java.lang.ClassLoader::preDefineClass@113
                      ; - java.lang.ClassLoader::defineClass@4
  0x0000017e65b73f24: 58eb 53ff 

  0x0000017e65b73f28: ;   {other}
  0x0000017e65b73f28: 0f1f 8400 | 9825 0030 | 488b 7c24 | 284c 8b54 | 2470 488b | f0e9 17ec | ffff 4889 | 5c24 3844 
  0x0000017e65b73f48: 8954 2434 | 4489 5c24 | 3048 8b6c 

  0x0000017e65b73f54: ;   {metadata('java/util/ArrayList')}
  0x0000017e65b73f54: 2420 48ba | d089 0b03 | 7e01 0000 

  0x0000017e65b73f60: ;   {runtime_call _new_instance_Java}
  0x0000017e65b73f60: c5f8 77e8 

  0x0000017e65b73f64: ; ImmutableOopMap {rbp=Oop [40]=Oop [48]=NarrowOop [52]=NarrowOop [56]=Oop }
                      ;*new {reexecute=0 rethrow=0 return_oop=1}
                      ; - java.security.CodeSource::getCertificates@25
                      ; - java.lang.ClassLoader::postDefineClass@24
                      ; - java.lang.ClassLoader::defineClass@37
  0x0000017e65b73f64: 98a8 53ff 

  0x0000017e65b73f68: ;   {other}
  0x0000017e65b73f68: 0f1f 8400 | d825 0031 | 4889 6c24 | 2044 8b5c | 2430 448b | 5424 3448 | 8b5c 2438 | e92a edff 
  0x0000017e65b73f88: ff4c 8944 | 2438 4889 | 5c24 3041 

  0x0000017e65b73f94: ;   {metadata('java/security/cert/Certificate'[])}
  0x0000017e65b73f94: 8beb 48ba | 2029 1003 | 7e01 0000 | 448b 8424 | 8800 0000 

  0x0000017e65b73fa8: ;   {runtime_call _new_array_Java}
  0x0000017e65b73fa8: c5f8 77e8 

  0x0000017e65b73fac: ; ImmutableOopMap {rbp=NarrowOop [32]=Oop [40]=Oop [48]=Oop [56]=Oop }
                      ;*anewarray {reexecute=0 rethrow=0 return_oop=1}
                      ; - java.security.CodeSource::getCertificates@70
                      ; - java.lang.ClassLoader::postDefineClass@24
                      ; - java.lang.ClassLoader::defineClass@37
  0x0000017e65b73fac: d0ea 53ff 

  0x0000017e65b73fb0: ;   {other}
  0x0000017e65b73fb0: 0f1f 8400 | 2026 0032 | e915 eeff | ff48 ba00 | 0000 037e | 0100 0049 | 03d2 458b | c366 6690 
  0x0000017e65b73fd0: ;   {runtime_call _new_array_Java}
  0x0000017e65b73fd0: c5f8 77e8 

  0x0000017e65b73fd4: ; ImmutableOopMap {[32]=Oop [40]=Oop [64]=Oop }
                      ;*invokevirtual clone {reexecute=1 rethrow=0 return_oop=1}
                      ; - (reexecute) java.security.CodeSource::getCertificates@86
                      ; - java.lang.ClassLoader::postDefineClass@24
                      ; - java.lang.ClassLoader::defineClass@37
  0x0000017e65b73fd4: a8ea 53ff 

  0x0000017e65b73fd8: ;   {other}
  0x0000017e65b73fd8: 0f1f 8400 | 4826 0033 | e9e3 eeff | ffba 76ff | ffff 488b | 6c24 284c | 8b44 2430 | 4c89 4424 
  0x0000017e65b73ff8: 288b 4c24 | 3889 4c24 | 3044 8b44 | 243c 4489 | 4424 344c | 8b44 2440 | 4c89 4424 | 3848 8974 
  0x0000017e65b74018: 2458 4489 | 5c24 6044 | 8954 2464 | 4489 4c24 | 6848 895c | 2470 897c | 2478 6690 

  0x0000017e65b74034: ;   {runtime_call UncommonTrapBlob}
  0x0000017e65b74034: c5f8 77e8 

  0x0000017e65b74038: ; ImmutableOopMap {rbp=Oop [32]=Oop [40]=Oop [56]=Oop [88]=Oop [104]=NarrowOop [112]=Oop }
                      ;*if_icmpge {reexecute=1 rethrow=0 return_oop=0}
                      ; - (reexecute) java.lang.ClassLoader::compareCerts@67
                      ; - java.lang.ClassLoader::checkCerts@80
                      ; - java.lang.ClassLoader::preDefineClass@113
                      ; - java.lang.ClassLoader::defineClass@4
  0x0000017e65b74038: c43a 50ff 

  0x0000017e65b7403c: ;   {other}
  0x0000017e65b7403c: 0f1f 8400 | ac26 0034 | ba76 ffff | ff48 8b6c | 2428 4c8b | 4c24 304c | 894c 2428 | 8b4c 2438 
  0x0000017e65b7405c: 894c 2430 | 448b 4c24 | 3c44 894c | 2434 4c8b | 4c24 404c | 894c 2438 | 4c89 5424 | 5044 8944 
  0x0000017e65b7407c: 245c 4489 | 5c24 6044 | 8b9c 248c | 0000 0044 | 895c 2470 

  0x0000017e65b74090: ;   {runtime_call UncommonTrapBlob}
  0x0000017e65b74090: c5f8 77e8 

  0x0000017e65b74094: ; ImmutableOopMap {rbp=Oop [32]=Oop [40]=Oop [56]=Oop [80]=Oop [96]=NarrowOop [104]=Oop }
                      ;*if_icmpge {reexecute=1 rethrow=0 return_oop=0}
                      ; - (reexecute) java.lang.ClassLoader::compareCerts@152
                      ; - java.lang.ClassLoader::checkCerts@80
                      ; - java.lang.ClassLoader::preDefineClass@113
                      ; - java.lang.ClassLoader::defineClass@4
  0x0000017e65b74094: 683a 50ff 

  0x0000017e65b74098: ;   {other}
  0x0000017e65b74098: 0f1f 8400 | 0827 0035 | bae4 ffff | ff48 8b6c | 2428 4c8b | 5424 304c | 8954 2428 | 448b 5424 
  0x0000017e65b740b8: 3844 8954 | 2430 448b | 5c24 3c44 | 895c 2434 | 4c8b 5424 | 404c 8954 | 2438 4889 | 5c24 404c 
  0x0000017e65b740d8: 8974 2450 | 4889 7c24 | 584c 894c | 2468 4489 | 4424 7089 | 4c24 7490 

  0x0000017e65b740f0: ;   {runtime_call UncommonTrapBlob}
  0x0000017e65b740f0: c5f8 77e8 

  0x0000017e65b740f4: ; ImmutableOopMap {rbp=Oop [40]=Oop [56]=Oop [64]=Oop [72]=NarrowOop [80]=Oop [88]=Oop [104]=Oop [112]=NarrowOop }
                      ;*aaload {reexecute=0 rethrow=0 return_oop=0}
                      ; - java.security.CodeSource::getCertificates@50
                      ; - java.lang.ClassLoader::checkCerts@34
                      ; - java.lang.ClassLoader::preDefineClass@113
                      ; - java.lang.ClassLoader::defineClass@4
  0x0000017e65b740f4: 083a 50ff 

  0x0000017e65b740f8: ;   {other}
  0x0000017e65b740f8: 0f1f 8400 | 6827 0036 | bae4 ffff | ff44 895c | 2430 4c89 | 4424 4044 | 8954 2448 | 4489 4c24 
  0x0000017e65b74118: 4c66 6690 

  0x0000017e65b7411c: ;   {runtime_call UncommonTrapBlob}
  0x0000017e65b7411c: c5f8 77e8 

  0x0000017e65b74120: ; ImmutableOopMap {[32]=Oop [40]=Oop [48]=NarrowOop [64]=Oop [72]=NarrowOop }
                      ;*aaload {reexecute=0 rethrow=0 return_oop=0}
                      ; - java.security.CodeSource::getCertificates@50
                      ; - java.lang.ClassLoader::postDefineClass@24
                      ; - java.lang.ClassLoader::defineClass@37
  0x0000017e65b74120: dc39 50ff 

  0x0000017e65b74124: ;   {other}
  0x0000017e65b74124: 0f1f 8400 | 9427 0037 | ba76 ffff | ff48 8b6c | 2428 4c8b | 5424 304c | 8954 2428 | 448b 4424 
  0x0000017e65b74144: 3844 8944 | 2430 448b | 4424 3c44 | 8944 2434 | 4c8b 5424 | 404c 8954 | 2438 4889 | 5c24 4848 
  0x0000017e65b74164: 8974 2458 | 4489 5c24 | 6466 6690 

  0x0000017e65b74170: ;   {runtime_call UncommonTrapBlob}
  0x0000017e65b74170: c5f8 77e8 

  0x0000017e65b74174: ; ImmutableOopMap {rbp=Oop [32]=Oop [40]=Oop [56]=Oop [72]=Oop [88]=Oop }
                      ;*if_icmpge {reexecute=1 rethrow=0 return_oop=0}
                      ; - (reexecute) java.lang.ClassLoader::compareCerts@40
                      ; - java.lang.ClassLoader::checkCerts@80
                      ; - java.lang.ClassLoader::preDefineClass@113
                      ; - java.lang.ClassLoader::defineClass@4
  0x0000017e65b74174: 8839 50ff 

  0x0000017e65b74178: ;   {other}
  0x0000017e65b74178: 0f1f 8400 | e827 0038 | 498b d7c5 | f877 49ba | 20a4 d026 | fd7f 0000 

  0x0000017e65b74190: ;   {other}
  0x0000017e65b74190: 41ff d20f | 1f84 0000 | 0000 00e9 | 0fe9 ffff | 498b d7c5 | f877 49ba | 20a4 d026 | fd7f 0000 
  0x0000017e65b741b0: ;   {other}
  0x0000017e65b741b0: 41ff d20f | 1f84 0000 | 0000 00e9 | 4dec ffff | ba37 0100 | 0048 8be9 | 4c8b 5424 | 304c 8954 
  0x0000017e65b741d0: 2428 448b | 5424 3844 | 8954 2430 | 8974 2434 | 4c89 7424 | 3866 6690 

  0x0000017e65b741e8: ;   {runtime_call UncommonTrapBlob}
  0x0000017e65b741e8: c5f8 77e8 

  0x0000017e65b741ec: ; ImmutableOopMap {rbp=Oop [40]=Oop [56]=Oop }
                      ;*new {reexecute=0 rethrow=0 return_oop=0}
                      ; - java.lang.ClassLoader::preDefineClass@56
                      ; - java.lang.ClassLoader::defineClass@4
  0x0000017e65b741ec: 1039 50ff 

  0x0000017e65b741f0: ;   {other}
  0x0000017e65b741f0: 0f1f 8400 | 6028 0039 | baf6 ffff | ff66 6690 

  0x0000017e65b74200: ;   {runtime_call UncommonTrapBlob}
  0x0000017e65b74200: c5f8 77e8 

  0x0000017e65b74204: ; ImmutableOopMap {}
                      ;*invokevirtual clone {reexecute=1 rethrow=0 return_oop=0}
                      ; - (reexecute) java.security.CodeSource::getCertificates@86
                      ; - java.lang.ClassLoader::checkCerts@34
                      ; - java.lang.ClassLoader::preDefineClass@113
                      ; - java.lang.ClassLoader::defineClass@4
  0x0000017e65b74204: f838 50ff 

  0x0000017e65b74208: ;   {other}
  0x0000017e65b74208: 0f1f 8400 | 7828 003a | baf6 ffff | ff66 6690 

  0x0000017e65b74218: ;   {runtime_call UncommonTrapBlob}
  0x0000017e65b74218: c5f8 77e8 

  0x0000017e65b7421c: ; ImmutableOopMap {}
                      ;*invokevirtual clone {reexecute=1 rethrow=0 return_oop=0}
                      ; - (reexecute) java.security.CodeSource::getCertificates@86
                      ; - java.lang.ClassLoader::postDefineClass@24
                      ; - java.lang.ClassLoader::defineClass@37
  0x0000017e65b7421c: e038 50ff 

  0x0000017e65b74220: ;   {other}
  0x0000017e65b74220: 0f1f 8400 | 9028 003b | bade ffff | ff48 8b6c | 2428 4c8b | 5424 304c | 8954 2428 | 448b 5424 
  0x0000017e65b74240: 3844 8954 | 2430 448b | 5c24 3c44 | 895c 2434 | 4c8b 5424 | 404c 8954 | 2438 4c8b | 5424 484c 
  0x0000017e65b74260: 8954 2440 | 4889 4424 | 5866 6690 

  0x0000017e65b7426c: ;   {runtime_call UncommonTrapBlob}
  0x0000017e65b7426c: c5f8 77e8 

  0x0000017e65b74270: ; ImmutableOopMap {rbp=Oop [32]=Oop [40]=Oop [56]=Oop [64]=Oop [88]=Oop [96]=Oop }
                      ;*checkcast {reexecute=0 rethrow=0 return_oop=0}
                      ; - java.lang.ClassLoader::checkCerts@65
                      ; - java.lang.ClassLoader::preDefineClass@113
                      ; - java.lang.ClassLoader::defineClass@4
  0x0000017e65b74270: 8c38 50ff 

  0x0000017e65b74274: ;   {other}
  0x0000017e65b74274: 0f1f 8400 | e428 003c | bade ffff | ff4c 8b54 | 2430 4c89 | 5424 2844 | 8b5c 2438 | 4489 5c24 
  0x0000017e65b74294: 3044 8b54 | 243c 4489 | 5424 344c | 8b54 2440 | 4c89 5424 | 384c 8b54 | 2450 4c89 | 5424 4048 
  0x0000017e65b742b4: 8944 2460 

  0x0000017e65b742b8: ;   {runtime_call UncommonTrapBlob}
  0x0000017e65b742b8: c5f8 77e8 

  0x0000017e65b742bc: ; ImmutableOopMap {rbp=Oop [32]=Oop [40]=Oop [56]=Oop [64]=Oop [72]=NarrowOop [96]=Oop [104]=Oop }
                      ;*checkcast {reexecute=0 rethrow=0 return_oop=0}
                      ; - java.security.CodeSource::getCertificates@76
                      ; - java.lang.ClassLoader::checkCerts@34
                      ; - java.lang.ClassLoader::preDefineClass@113
                      ; - java.lang.ClassLoader::defineClass@4
  0x0000017e65b742bc: 4038 50ff 

  0x0000017e65b742c0: ;   {other}
  0x0000017e65b742c0: 0f1f 8400 | 3029 003d | bade ffff | ff48 8944 | 2440 6690 

  0x0000017e65b742d4: ;   {runtime_call UncommonTrapBlob}
  0x0000017e65b742d4: c5f8 77e8 

  0x0000017e65b742d8: ; ImmutableOopMap {rbp=NarrowOop [32]=Oop [40]=Oop [64]=Oop }
                      ;*checkcast {reexecute=0 rethrow=0 return_oop=0}
                      ; - java.security.CodeSource::getCertificates@76
                      ; - java.lang.ClassLoader::postDefineClass@24
                      ; - java.lang.ClassLoader::defineClass@37
  0x0000017e65b742d8: 2438 50ff 

  0x0000017e65b742dc: ;   {other}
  0x0000017e65b742dc: 0f1f 8400 | 4c29 003e | baf6 ffff | ff66 6690 

  0x0000017e65b742ec: ;   {runtime_call UncommonTrapBlob}
  0x0000017e65b742ec: c5f8 77e8 

  0x0000017e65b742f0: ; ImmutableOopMap {}
                      ;*arraylength {reexecute=0 rethrow=0 return_oop=0}
                      ; - java.lang.String::isEmpty@4
                      ; - java.lang.ClassLoader::checkName@5
                      ; - java.lang.ClassLoader::preDefineClass@1
                      ; - java.lang.ClassLoader::defineClass@4
  0x0000017e65b742f0: 0c38 50ff 

  0x0000017e65b742f4: ;   {other}
  0x0000017e65b742f4: 0f1f 8400 | 6429 003f | baf6 ffff | ff66 6690 

  0x0000017e65b74304: ;   {runtime_call UncommonTrapBlob}
  0x0000017e65b74304: c5f8 77e8 

  0x0000017e65b74308: ; ImmutableOopMap {}
                      ;*invokevirtual getPackageName {reexecute=0 rethrow=0 return_oop=0}
                      ; - java.lang.ClassLoader::postDefineClass@2
                      ; - java.lang.ClassLoader::defineClass@37
  0x0000017e65b74308: f437 50ff 

  0x0000017e65b7430c: ;   {other}
  0x0000017e65b7430c: 0f1f 8400 | 7c29 0040 | 4d85 d244 | 8b9c 2488 | 0000 0041 | 0f94 c3ba | 45ff ffff | 4c8b 5424 
  0x0000017e65b7432c: 404c 8954 | 2438 4889 | 4424 4044 | 895c 2448 

  0x0000017e65b7433c: ;   {runtime_call UncommonTrapBlob}
  0x0000017e65b7433c: c5f8 77e8 

  0x0000017e65b74340: ; ImmutableOopMap {[32]=Oop [40]=Oop [56]=Oop [64]=Oop }
                      ;*ifeq {reexecute=1 rethrow=0 return_oop=0}
                      ; - (reexecute) java.lang.Class::getPackageName@29
                      ; - java.lang.ClassLoader::postDefineClass@2
                      ; - java.lang.ClassLoader::defineClass@37
  0x0000017e65b74340: bc37 50ff 

  0x0000017e65b74344: ;   {other}
  0x0000017e65b74344: 0f1f 8400 | b429 0041 | baf6 ffff | ff66 6690 

  0x0000017e65b74354: ;   {runtime_call UncommonTrapBlob}
  0x0000017e65b74354: c5f8 77e8 

  0x0000017e65b74358: ; ImmutableOopMap {}
                      ;*arraylength {reexecute=0 rethrow=0 return_oop=0}
                      ; - java.lang.String::length@4
                      ; - java.lang.String::lastIndexOf@3
                      ; - java.lang.Class::getPackageName@47
                      ; - java.lang.ClassLoader::postDefineClass@2
                      ; - java.lang.ClassLoader::defineClass@37
  0x0000017e65b74358: a437 50ff 

  0x0000017e65b7435c: ;   {other}
  0x0000017e65b7435c: 0f1f 8400 | cc29 0042 | ba45 ffff | ff48 8b6c | 2428 4c89 | 4424 484c | 8944 2450 

  0x0000017e65b74378: ;   {runtime_call UncommonTrapBlob}
  0x0000017e65b74378: c5f8 77e8 

  0x0000017e65b7437c: ; ImmutableOopMap {rbp=Oop [48]=Oop [64]=Oop [72]=Oop [80]=Oop }
                      ;*ifnull {reexecute=1 rethrow=0 return_oop=0}
                      ; - (reexecute) java.lang.ClassLoader::checkName@1
                      ; - java.lang.ClassLoader::preDefineClass@1
                      ; - java.lang.ClassLoader::defineClass@4
  0x0000017e65b7437c: 8037 50ff 

  0x0000017e65b74380: ;   {other}
  0x0000017e65b74380: 0f1f 8400 | f029 0043 | ba45 ffff | ff48 8b6c | 2428 4c8b | 5424 304c | 8954 2428 | 448b 5c24 
  0x0000017e65b743a0: 3844 895c | 2430 8974 | 2434 4889 | 5c24 384c | 8974 2448 

  0x0000017e65b743b4: ;   {runtime_call UncommonTrapBlob}
  0x0000017e65b743b4: c5f8 77e8 

  0x0000017e65b743b8: ; ImmutableOopMap {rbp=Oop [40]=Oop [56]=Oop [64]=Oop [72]=Oop }
                      ;*ifnonnull {reexecute=1 rethrow=0 return_oop=0}
                      ; - (reexecute) java.lang.ClassLoader::preDefineClass@95
                      ; - java.lang.ClassLoader::defineClass@4
  0x0000017e65b743b8: 4437 50ff 

  0x0000017e65b743bc: ;   {other}
  0x0000017e65b743bc: 0f1f 8400 | 2c2a 0044 | ba45 ffff | ff48 8b6c | 2428 4c8b | 5424 304c | 8954 2428 | 448b 5424 
  0x0000017e65b743dc: 3844 8954 | 2430 448b | 5c24 3c44 | 895c 2434 | 4c8b 5424 | 404c 8954 | 2438 4889 | 5c24 404c 
  0x0000017e65b743fc: 8974 2450 | 4889 7c24 | 5866 6690 

  0x0000017e65b74408: ;   {runtime_call UncommonTrapBlob}
  0x0000017e65b74408: c5f8 77e8 

  0x0000017e65b7440c: ; ImmutableOopMap {rbp=Oop [40]=Oop [56]=Oop [64]=Oop [72]=NarrowOop [80]=Oop [88]=Oop }
                      ;*ifnull {reexecute=1 rethrow=0 return_oop=0}
                      ; - (reexecute) java.lang.ClassLoader::checkCerts@30
                      ; - java.lang.ClassLoader::preDefineClass@113
                      ; - java.lang.ClassLoader::defineClass@4
  0x0000017e65b7440c: f036 50ff 

  0x0000017e65b74410: ;   {other}
  0x0000017e65b74410: 0f1f 8400 | 802a 0045 | ba45 ffff | ff48 8b6c | 2428 4c8b | 5424 304c | 8954 2428 | 448b 5424 
  0x0000017e65b74430: 3844 8954 | 2430 448b | 4424 3c44 | 8944 2434 | 4c8b 5424 | 404c 8954 | 2438 4489 | 5c24 4490 
  0x0000017e65b74450: ;   {runtime_call UncommonTrapBlob}
  0x0000017e65b74450: c5f8 77e8 

  0x0000017e65b74454: ; ImmutableOopMap {rbp=Oop [32]=Oop [40]=Oop [56]=Oop [68]=NarrowOop }
                      ;*ifnull {reexecute=1 rethrow=0 return_oop=0}
                      ; - (reexecute) java.lang.ClassLoader::defineClassSourceLocation@8
                      ; - java.lang.ClassLoader::defineClass@12
  0x0000017e65b74454: a836 50ff 

  0x0000017e65b74458: ;   {other}
  0x0000017e65b74458: 0f1f 8400 | c82a 0046 | ba45 ffff | ff66 6690 

  0x0000017e65b74468: ;   {runtime_call UncommonTrapBlob}
  0x0000017e65b74468: c5f8 77e8 

  0x0000017e65b7446c: ; ImmutableOopMap {rbp=NarrowOop [32]=Oop [40]=Oop [48]=Oop [64]=Oop }
                      ;*ifnull {reexecute=1 rethrow=0 return_oop=0}
                      ; - (reexecute) java.lang.ClassLoader::defineClassSourceLocation@15
                      ; - java.lang.ClassLoader::defineClass@12
  0x0000017e65b7446c: 9036 50ff 

  0x0000017e65b74470: ;   {other}
  0x0000017e65b74470: 0f1f 8400 | e02a 0047 | ba45 ffff | ff48 8b6c | 2420 4489 | 5c24 2090 

  0x0000017e65b74488: ;   {runtime_call UncommonTrapBlob}
  0x0000017e65b74488: c5f8 77e8 

  0x0000017e65b7448c: ; ImmutableOopMap {rbp=Oop [32]=NarrowOop }
                      ;*ifnull {reexecute=1 rethrow=0 return_oop=0}
                      ; - (reexecute) java.lang.ClassLoader::postDefineClass@17
                      ; - java.lang.ClassLoader::defineClass@37
  0x0000017e65b7448c: 7036 50ff 

  0x0000017e65b74490: ;   {other}
  0x0000017e65b74490: 0f1f 8400 | 002b 0048 | baf6 ffff | ff8b e990 

  0x0000017e65b744a0: ;   {runtime_call UncommonTrapBlob}
  0x0000017e65b744a0: c5f8 77e8 

  0x0000017e65b744a4: ; ImmutableOopMap {}
                      ;*aaload {reexecute=0 rethrow=0 return_oop=0}
                      ; - java.security.CodeSource::getCertificates@50
                      ; - java.lang.ClassLoader::checkCerts@34
                      ; - java.lang.ClassLoader::preDefineClass@113
                      ; - java.lang.ClassLoader::defineClass@4
  0x0000017e65b744a4: 5836 50ff 

  0x0000017e65b744a8: ;   {other}
  0x0000017e65b744a8: 0f1f 8400 | 182b 0049 | baf6 ffff | ff66 6690 

  0x0000017e65b744b8: ;   {runtime_call UncommonTrapBlob}
  0x0000017e65b744b8: c5f8 77e8 

  0x0000017e65b744bc: ; ImmutableOopMap {}
                      ;*invokevirtual getSignerCertPath {reexecute=0 rethrow=0 return_oop=0}
                      ; - java.security.CodeSource::getCertificates@51
                      ; - java.lang.ClassLoader::checkCerts@34
                      ; - java.lang.ClassLoader::preDefineClass@113
                      ; - java.lang.ClassLoader::defineClass@4
  0x0000017e65b744bc: 4036 50ff 

  0x0000017e65b744c0: ;   {other}
  0x0000017e65b744c0: 0f1f 8400 | 302b 004a | baf6 ffff | ff66 6690 

  0x0000017e65b744d0: ;   {runtime_call UncommonTrapBlob}
  0x0000017e65b744d0: c5f8 77e8 

  0x0000017e65b744d4: ; ImmutableOopMap {}
                      ;*invokevirtual getCertificates {reexecute=0 rethrow=0 return_oop=0}
                      ; - java.security.CodeSource::getCertificates@54
                      ; - java.lang.ClassLoader::checkCerts@34
                      ; - java.lang.ClassLoader::preDefineClass@113
                      ; - java.lang.ClassLoader::defineClass@4
  0x0000017e65b744d4: 2836 50ff 

  0x0000017e65b744d8: ;   {other}
  0x0000017e65b744d8: 0f1f 8400 | 482b 004b | baf6 ffff | ff66 6690 

  0x0000017e65b744e8: ;   {runtime_call UncommonTrapBlob}
  0x0000017e65b744e8: c5f8 77e8 

  0x0000017e65b744ec: ; ImmutableOopMap {}
                      ;*arraylength {reexecute=0 rethrow=0 return_oop=0}
                      ; - java.security.CodeSource::getCertificates@40
                      ; - java.lang.ClassLoader::checkCerts@34
                      ; - java.lang.ClassLoader::preDefineClass@113
                      ; - java.lang.ClassLoader::defineClass@4
  0x0000017e65b744ec: 1036 50ff 

  0x0000017e65b744f0: ;   {other}
  0x0000017e65b744f0: 0f1f 8400 | 602b 004c | baf6 ffff | ff41 8be9 

  0x0000017e65b74500: ;   {runtime_call UncommonTrapBlob}
  0x0000017e65b74500: c5f8 77e8 

  0x0000017e65b74504: ; ImmutableOopMap {}
                      ;*aaload {reexecute=0 rethrow=0 return_oop=0}
                      ; - java.security.CodeSource::getCertificates@50
                      ; - java.lang.ClassLoader::postDefineClass@24
                      ; - java.lang.ClassLoader::defineClass@37
  0x0000017e65b74504: f835 50ff 

  0x0000017e65b74508: ;   {other}
  0x0000017e65b74508: 0f1f 8400 | 782b 004d | baf6 ffff | ff66 6690 

  0x0000017e65b74518: ;   {runtime_call UncommonTrapBlob}
  0x0000017e65b74518: c5f8 77e8 

  0x0000017e65b7451c: ; ImmutableOopMap {}
                      ;*invokevirtual getSignerCertPath {reexecute=0 rethrow=0 return_oop=0}
                      ; - java.security.CodeSource::getCertificates@51
                      ; - java.lang.ClassLoader::postDefineClass@24
                      ; - java.lang.ClassLoader::defineClass@37
  0x0000017e65b7451c: e035 50ff 

  0x0000017e65b74520: ;   {other}
  0x0000017e65b74520: 0f1f 8400 | 902b 004e | baf6 ffff | ff66 6690 

  0x0000017e65b74530: ;   {runtime_call UncommonTrapBlob}
  0x0000017e65b74530: c5f8 77e8 

  0x0000017e65b74534: ; ImmutableOopMap {}
                      ;*invokevirtual getCertificates {reexecute=0 rethrow=0 return_oop=0}
                      ; - java.security.CodeSource::getCertificates@54
                      ; - java.lang.ClassLoader::postDefineClass@24
                      ; - java.lang.ClassLoader::defineClass@37
  0x0000017e65b74534: c835 50ff 

  0x0000017e65b74538: ;   {other}
  0x0000017e65b74538: 0f1f 8400 | a82b 004f | baf6 ffff | ff66 6690 

  0x0000017e65b74548: ;   {runtime_call UncommonTrapBlob}
  0x0000017e65b74548: c5f8 77e8 

  0x0000017e65b7454c: ; ImmutableOopMap {}
                      ;*arraylength {reexecute=0 rethrow=0 return_oop=0}
                      ; - java.security.CodeSource::getCertificates@40
                      ; - java.lang.ClassLoader::postDefineClass@24
                      ; - java.lang.ClassLoader::defineClass@37
  0x0000017e65b7454c: b035 50ff 

  0x0000017e65b74550: ;   {other}
  0x0000017e65b74550: 0f1f 8400 | c02b 0050 | ba97 ffff | ff4c 8b54 | 2430 4c89 | 5424 2844 | 8b54 2438 | 4489 5424 
  0x0000017e65b74570: 3044 8b5c | 243c 4489 | 5c24 344c | 8b54 2440 | 4c89 5424 | 384c 8b54 | 2460 4c89 | 5424 404c 
  0x0000017e65b74590: 8b54 2470 | 4c89 5424 | 6066 6690 

  0x0000017e65b7459c: ;   {runtime_call UncommonTrapBlob}
  0x0000017e65b7459c: c5f8 77e8 

  0x0000017e65b745a0: ; ImmutableOopMap {rbp=Oop [32]=Oop [40]=Oop [56]=Oop [64]=Oop [72]=NarrowOop [96]=Oop [104]=NarrowOop [112]=Oop }
                      ;*invokevirtual clone {reexecute=1 rethrow=0 return_oop=0}
                      ; - (reexecute) java.util.Arrays::copyOfRange@18
                      ; - java.lang.StringLatin1::newString@16
                      ; - java.lang.String::substring@41
                      ; - java.lang.ClassLoader::checkCerts@21
                      ; - java.lang.ClassLoader::preDefineClass@113
                      ; - java.lang.ClassLoader::defineClass@4
  0x0000017e65b745a0: 5c35 50ff 

  0x0000017e65b745a4: ;   {other}
  0x0000017e65b745a4: 0f1f 8400 | 142c 0051 | baf4 ffff | ff4c 8b54 | 2430 4c89 | 5424 2844 | 8b5c 2438 | 4489 5c24 
  0x0000017e65b745c4: 3044 8b54 | 243c 4489 | 5424 344c | 8b54 2440 | 4c89 5424 | 384c 8b54 | 2450 4c89 | 5424 4090 
  0x0000017e65b745e4: ;   {runtime_call UncommonTrapBlob}
  0x0000017e65b745e4: c5f8 77e8 

  0x0000017e65b745e8: ; ImmutableOopMap {rbp=Oop [32]=Oop [40]=Oop [56]=Oop [64]=Oop [72]=NarrowOop [104]=Oop }
                      ;*checkcast {reexecute=0 rethrow=0 return_oop=0}
                      ; - java.security.CodeSource::getCertificates@76
                      ; - java.lang.ClassLoader::checkCerts@34
                      ; - java.lang.ClassLoader::preDefineClass@113
                      ; - java.lang.ClassLoader::defineClass@4
  0x0000017e65b745e8: 1435 50ff 

  0x0000017e65b745ec: ;   {other}
  0x0000017e65b745ec: 0f1f 8400 | 5c2c 0052 | baf4 ffff | ff66 6690 

  0x0000017e65b745fc: ;   {runtime_call UncommonTrapBlob}
  0x0000017e65b745fc: c5f8 77e8 

  0x0000017e65b74600: ; ImmutableOopMap {rbp=NarrowOop [32]=Oop [40]=Oop }
                      ;*checkcast {reexecute=0 rethrow=0 return_oop=0}
                      ; - java.security.CodeSource::getCertificates@76
                      ; - java.lang.ClassLoader::postDefineClass@24
                      ; - java.lang.ClassLoader::defineClass@37
  0x0000017e65b74600: fc34 50ff 

  0x0000017e65b74604: ;   {other}
  0x0000017e65b74604: 0f1f 8400 | 742c 0053 | ba97 ffff | ff48 8b6c | 2430 6690 

  0x0000017e65b74618: ;   {runtime_call UncommonTrapBlob}
  0x0000017e65b74618: c5f8 77e8 

  0x0000017e65b7461c: ; ImmutableOopMap {rbp=Oop [32]=Oop [40]=Oop [56]=NarrowOop [72]=Oop }
                      ;*invokevirtual clone {reexecute=1 rethrow=0 return_oop=0}
                      ; - (reexecute) java.util.Arrays::copyOfRange@18
                      ; - java.lang.StringLatin1::newString@16
                      ; - java.lang.String::substring@41
                      ; - java.lang.Class::getPackageName@62
                      ; - java.lang.ClassLoader::postDefineClass@2
                      ; - java.lang.ClassLoader::defineClass@37
  0x0000017e65b7461c: e034 50ff 

  0x0000017e65b74620: ;   {other}
  0x0000017e65b74620: 0f1f 8400 | 902c 0054 | ba97 ffff | ff48 8b6c | 2428 4c8b | 5424 304c | 8954 2428 | 448b 5c24 
  0x0000017e65b74640: 3844 895c | 2430 448b | 5424 3c44 | 8954 2434 | 4c8b 5424 | 404c 8954 | 2438 4c8b | 5424 504c 
  0x0000017e65b74660: 8954 2440 

  0x0000017e65b74664: ;   {runtime_call UncommonTrapBlob}
  0x0000017e65b74664: c5f8 77e8 

  0x0000017e65b74668: ; ImmutableOopMap {rbp=Oop [32]=Oop [40]=Oop [56]=Oop [64]=Oop [76]=NarrowOop [88]=Oop }
                      ;*invokevirtual clone {reexecute=1 rethrow=0 return_oop=0}
                      ; - (reexecute) java.security.CodeSource::getCertificates@11
                      ; - java.lang.ClassLoader::checkCerts@34
                      ; - java.lang.ClassLoader::preDefineClass@113
                      ; - java.lang.ClassLoader::defineClass@4
  0x0000017e65b74668: 9434 50ff 

  0x0000017e65b7466c: ;   {other}
  0x0000017e65b7466c: 0f1f 8400 | dc2c 0055 | ba97 ffff | ff66 6690 

  0x0000017e65b7467c: ;   {runtime_call UncommonTrapBlob}
  0x0000017e65b7467c: c5f8 77e8 

  0x0000017e65b74680: ; ImmutableOopMap {[32]=Oop [40]=Oop [48]=NarrowOop }
                      ;*invokevirtual clone {reexecute=1 rethrow=0 return_oop=0}
                      ; - (reexecute) java.security.CodeSource::getCertificates@11
                      ; - java.lang.ClassLoader::postDefineClass@24
                      ; - java.lang.ClassLoader::defineClass@37
  0x0000017e65b74680: 7c34 50ff 

  0x0000017e65b74684: ;   {other}
  0x0000017e65b74684: 0f1f 8400 | f42c 0056 | ba97 ffff | ff4c 8b54 | 2450 4c89 | 5424 4890 

  0x0000017e65b7469c: ;   {runtime_call UncommonTrapBlob}
  0x0000017e65b7469c: c5f8 77e8 

  0x0000017e65b746a0: ; ImmutableOopMap {rbp=Oop [32]=Oop [40]=Oop [48]=Oop [64]=Oop [72]=Oop [104]=Oop }
                      ;*invokevirtual clone {reexecute=1 rethrow=0 return_oop=0}
                      ; - (reexecute) java.security.CodeSource::getCertificates@86
                      ; - java.lang.ClassLoader::checkCerts@34
                      ; - java.lang.ClassLoader::preDefineClass@113
                      ; - java.lang.ClassLoader::defineClass@4
  0x0000017e65b746a0: 5c34 50ff 

  0x0000017e65b746a4: ;   {other}
  0x0000017e65b746a4: 0f1f 8400 | 142d 0057 | ba97 ffff | ff66 6690 

  0x0000017e65b746b4: ;   {runtime_call UncommonTrapBlob}
  0x0000017e65b746b4: c5f8 77e8 

  0x0000017e65b746b8: ; ImmutableOopMap {[32]=Oop [40]=Oop [64]=Oop }
                      ;*invokevirtual clone {reexecute=1 rethrow=0 return_oop=0}
                      ; - (reexecute) java.security.CodeSource::getCertificates@86
                      ; - java.lang.ClassLoader::postDefineClass@24
                      ; - java.lang.ClassLoader::defineClass@37
  0x0000017e65b746b8: 4434 50ff 

  0x0000017e65b746bc: ;   {other}
  0x0000017e65b746bc: 0f1f 8400 | 2c2d 0058 | eb2c eb2a | eb18 eb16 | eb24 488b | d0eb 31eb | 1d48 8bd0 | eb2a eb16 
  0x0000017e65b746dc: eb04 eb12 | eb10 488b | d0eb 1deb | 0048 8bd0 | eb16 eb02 | eb00 488b | d0eb 0d48 | 8bd0 eb08 
  0x0000017e65b746fc: 488b d0eb | 0348 8bd0 | c5f8 7748 | 81c4 c000 

  0x0000017e65b7470c: ;   {runtime_call _rethrow_Java}
  0x0000017e65b7470c: 0000 5de9 | 6c14 5dff 

  0x0000017e65b74714: ;   {internal_word}
  0x0000017e65b74714: 49ba 9526 | b765 7e01 | 0000 4d89 | 9768 0400 

  0x0000017e65b74724: ;   {runtime_call SafepointBlob}
  0x0000017e65b74724: 00e9 5622 

  0x0000017e65b74728: ;   {runtime_call StubRoutines (final stubs)}
  0x0000017e65b74728: 50ff e8b1 | 3b4e ffe9 | 8ad6 ffff | f4f4 f4f4 
[Stub Code]
  0x0000017e65b74738: ;   {no_reloc}
  0x0000017e65b74738: 48bb 0000 | 0000 0000 

  0x0000017e65b74740: ;   {runtime_call nmethod}
  0x0000017e65b74740: 0000 e9fb 

  0x0000017e65b74744: ;   {static_stub}
  0x0000017e65b74744: ffff ff48 | bb00 0000 | 0000 0000 

  0x0000017e65b74750: ;   {runtime_call nmethod}
  0x0000017e65b74750: 00e9 fbff 

  0x0000017e65b74754: ;   {static_stub}
  0x0000017e65b74754: ffff 48bb | 0000 0000 | 0000 0000 

  0x0000017e65b74760: ;   {runtime_call nmethod}
  0x0000017e65b74760: e9fb ffff 

  0x0000017e65b74764: ;   {static_stub}
  0x0000017e65b74764: ff48 bb00 | 0000 0000 

  0x0000017e65b7476c: ;   {runtime_call nmethod}
  0x0000017e65b7476c: 0000 00e9 | fbff ffff 

  0x0000017e65b74774: ;   {static_stub}
  0x0000017e65b74774: 48bb 0000 | 0000 0000 

  0x0000017e65b7477c: ;   {runtime_call nmethod}
  0x0000017e65b7477c: 0000 e9fb 

  0x0000017e65b74780: ;   {static_stub}
  0x0000017e65b74780: ffff ff48 | bb00 0000 | 0000 0000 

  0x0000017e65b7478c: ;   {runtime_call nmethod}
  0x0000017e65b7478c: 00e9 fbff 

  0x0000017e65b74790: ;   {static_stub}
  0x0000017e65b74790: ffff 48bb | 0000 0000 | 0000 0000 

  0x0000017e65b7479c: ;   {runtime_call nmethod}
  0x0000017e65b7479c: e9fb ffff 

  0x0000017e65b747a0: ;   {static_stub}
  0x0000017e65b747a0: ff48 bb00 | 0000 0000 

  0x0000017e65b747a8: ;   {runtime_call nmethod}
  0x0000017e65b747a8: 0000 00e9 | fbff ffff 

  0x0000017e65b747b0: ;   {static_stub}
  0x0000017e65b747b0: 48bb 0000 | 0000 0000 

  0x0000017e65b747b8: ;   {runtime_call nmethod}
  0x0000017e65b747b8: 0000 e9fb 

  0x0000017e65b747bc: ;   {static_stub}
  0x0000017e65b747bc: ffff ff48 | bb00 0000 | 0000 0000 

  0x0000017e65b747c8: ;   {runtime_call nmethod}
  0x0000017e65b747c8: 00e9 fbff 

  0x0000017e65b747cc: ;   {static_stub}
  0x0000017e65b747cc: ffff 48bb | 0000 0000 | 0000 0000 

  0x0000017e65b747d8: ;   {runtime_call nmethod}
  0x0000017e65b747d8: e9fb ffff 

  0x0000017e65b747dc: ;   {static_stub}
  0x0000017e65b747dc: ff48 bb00 | 0000 0000 

  0x0000017e65b747e4: ;   {runtime_call nmethod}
  0x0000017e65b747e4: 0000 00e9 | fbff ffff 

  0x0000017e65b747ec: ;   {static_stub}
  0x0000017e65b747ec: 48bb 0000 | 0000 0000 

  0x0000017e65b747f4: ;   {runtime_call nmethod}
  0x0000017e65b747f4: 0000 e9fb 

  0x0000017e65b747f8: ;   {runtime_call ExceptionBlob}
  0x0000017e65b747f8: ffff ffe9 | 80a9 53ff 
[Deopt Handler Code]
  0x0000017e65b74800: e800 0000 | 0048 832c 

  0x0000017e65b74808: ;   {runtime_call DeoptimizationBlob}
  0x0000017e65b74808: 2405 e911 | 3650 fff4 
[/MachCode]


Compiled method (c2) 405165 11459       4       java.security.SecureClassLoader::defineClass (16 bytes)
 total in heap  [0x0000017e65b76690,0x0000017e65b76d70] = 1760
 relocation     [0x0000017e65b767f0,0x0000017e65b76850] = 96
 main code      [0x0000017e65b76860,0x0000017e65b76b00] = 672
 stub code      [0x0000017e65b76b00,0x0000017e65b76b38] = 56
 metadata       [0x0000017e65b76b38,0x0000017e65b76b68] = 48
 scopes data    [0x0000017e65b76b68,0x0000017e65b76c40] = 216
 scopes pcs     [0x0000017e65b76c40,0x0000017e65b76cf0] = 176
 dependencies   [0x0000017e65b76cf0,0x0000017e65b76cf8] = 8
 handler table  [0x0000017e65b76cf8,0x0000017e65b76d58] = 96
 nul chk table  [0x0000017e65b76d58,0x0000017e65b76d70] = 24

[Constant Pool (empty)]

[MachCode]
[Entry Point]
  # {method} {0x0000017e0304e0e8} 'defineClass' '(Ljava/lang/String;[BIILjava/security/CodeSource;)Ljava/lang/Class;' in 'java/security/SecureClassLoader'
  # this:     rdx:rdx   = 'java/security/SecureClassLoader'
  # parm0:    r8:r8     = 'java/lang/String'
  # parm1:    r9:r9     = '[B'
  # parm2:    rdi       = int
  # parm3:    rsi       = int
  # parm4:    rcx:rcx   = 'java/security/CodeSource'
  #           [sp+0x60]  (sp of caller)
  0x0000017e65b76860: 448b 5208 | 49bb 0000 | 0003 7e01 | 0000 4d03 | d349 3bc2 

  0x0000017e65b76874: ;   {runtime_call ic_miss_stub}
  0x0000017e65b76874: 0f85 0681 | 4fff 6690 | 0f1f 4000 
[Verified Entry Point]
  0x0000017e65b76880: 8984 2400 | 80ff ff55 | 4883 ec50 | 4181 7f20 | 1500 0000 | 0f85 5602 | 0000 8974 | 241c 897c 
  0x0000017e65b768a0: 2418 4c89 | 4c24 104c | 8944 2408 | 4889 1424 | 488b e948 | 85c9 0f84 | 6801 0000 | 4d8b 87b8 
  0x0000017e65b768c0: 0100 004d | 8bd0 4983 | c210 4d3b | 97c8 0100 | 000f 8312 | 0100 004d | 8997 b801 | 0000 410f 
  0x0000017e65b768e0: 0d8a c000 | 0000 49c7 | 0001 0000 

  0x0000017e65b768ec: ;   {metadata('java/security/SecureClassLoader$CodeSourceKey')}
  0x0000017e65b768ec: 0041 c740 | 08b8 b411 | 004c 8bdd | 49c1 eb03 | 4589 580c | 4d8b 8fb8 | 0100 004c | 8b14 2441 
  0x0000017e65b7690c: 8b6a 504d | 8bd1 4983 | c210 4d3b | 97c8 0100 | 000f 839c | 0000 004d | 8997 b801 | 0000 410f 
  0x0000017e65b7692c: 0d8a c000 | 0000 49c7 | 0101 0000 

  0x0000017e65b76938: ;   {metadata('java/security/SecureClassLoader$1')}
  0x0000017e65b76938: 0041 c741 | 0850 ba11 | 004c 8b14 | 244d 8bda | 49c1 eb03 | 4589 590c 

  0x0000017e65b76950: ; implicit exception: dispatches to 0x0000017e65b76a7c
  0x0000017e65b76950: 458b 5cec 

  0x0000017e65b76954: ;   {metadata('java/util/concurrent/ConcurrentHashMap')}
  0x0000017e65b76954: 0841 81fb | 8027 0600 | 0f85 a600 | 0000 498d 

  0x0000017e65b76964: ;   {optimized virtual_call}
  0x0000017e65b76964: 14ec 90e8 

  0x0000017e65b76968: ; ImmutableOopMap {[0]=Oop [8]=Oop [16]=Oop }
                      ;*invokeinterface computeIfAbsent {reexecute=0 rethrow=0 return_oop=1}
                      ; - java.security.SecureClassLoader::getProtectionDomain@28
                      ; - java.security.SecureClassLoader::defineClass@9
  0x0000017e65b76968: 941b e4ff 

  0x0000017e65b7696c: ;   {other}
  0x0000017e65b7696c: 0f1f 8400 | dc02 0000 

  0x0000017e65b76974: ; implicit exception: dispatches to 0x0000017e65b76a98
  0x0000017e65b76974: 448b 5008 

  0x0000017e65b76978: ;   {metadata('java/security/ProtectionDomain')}
  0x0000017e65b76978: 4181 fae8 | 5800 000f | 85b3 0000 | 0048 8bc8 | 488b 1424 | 4c8b 4424 | 084c 8b4c | 2410 8b7c 
  0x0000017e65b76998: 2418 8b74 

  0x0000017e65b7699c: ;   {optimized virtual_call}
  0x0000017e65b7699c: 241c 90e8 

  0x0000017e65b769a0: ; ImmutableOopMap {}
                      ;*invokevirtual defineClass {reexecute=0 rethrow=0 return_oop=1}
                      ; - java.security.SecureClassLoader::defineClass@12
  0x0000017e65b769a0: fcb3 ffff 

  0x0000017e65b769a4: ;   {other}
  0x0000017e65b769a4: 0f1f 8400 | 1403 0001 | 4883 c450 

  0x0000017e65b769b0: ;   {poll_return}
  0x0000017e65b769b0: 5d49 3ba7 | 5004 0000 | 0f87 1c01 

  0x0000017e65b769bc: ;   {metadata('java/security/SecureClassLoader$1')}
  0x0000017e65b769bc: 0000 c348 | ba50 ba11 | 037e 0100 | 004c 8944 

  0x0000017e65b769cc: ;   {runtime_call _new_instance_Java}
  0x0000017e65b769cc: 2430 90e8 

  0x0000017e65b769d0: ; ImmutableOopMap {rbp=NarrowOop [0]=Oop [8]=Oop [16]=Oop [48]=Oop }
                      ;*new {reexecute=0 rethrow=0 return_oop=1}
                      ; - java.security.SecureClassLoader::getProtectionDomain@20
                      ; - java.security.SecureClassLoader::defineClass@9
  0x0000017e65b769d0: 2c7e 53ff 

  0x0000017e65b769d4: ;   {other}
  0x0000017e65b769d4: 0f1f 8400 | 4403 0002 | 4c8b c84c | 8b44 2430 | e958 ffff 

  0x0000017e65b769e8: ;   {metadata('java/security/SecureClassLoader$CodeSourceKey')}
  0x0000017e65b769e8: ff48 bab8 | b411 037e 

  0x0000017e65b769f0: ;   {runtime_call _new_instance_Java}
  0x0000017e65b769f0: 0100 00e8 

  0x0000017e65b769f4: ; ImmutableOopMap {rbp=Oop [0]=Oop [8]=Oop [16]=Oop }
                      ;*new {reexecute=0 rethrow=0 return_oop=1}
                      ; - java.security.SecureClassLoader::getProtectionDomain@6
                      ; - java.security.SecureClassLoader::defineClass@9
  0x0000017e65b769f4: 087e 53ff 

  0x0000017e65b769f8: ;   {other}
  0x0000017e65b769f8: 0f1f 8400 | 6803 0003 | 4c8b c0e9 | edfe ffff | bade ffff | ff4c 8944 | 2420 4c89 

  0x0000017e65b76a14: ;   {runtime_call UncommonTrapBlob}
  0x0000017e65b76a14: 4c24 28e8 

  0x0000017e65b76a18: ; ImmutableOopMap {rbp=NarrowOop [0]=Oop [8]=Oop [16]=Oop [32]=Oop [40]=Oop }
                      ;*invokeinterface computeIfAbsent {reexecute=0 rethrow=0 return_oop=0}
                      ; - java.security.SecureClassLoader::getProtectionDomain@28
                      ; - java.security.SecureClassLoader::defineClass@9
  0x0000017e65b76a18: e410 50ff 

  0x0000017e65b76a1c: ;   {other}
  0x0000017e65b76a1c: 0f1f 8400 | 8c03 0004 | ba45 ffff 

  0x0000017e65b76a28: ;   {runtime_call UncommonTrapBlob}
  0x0000017e65b76a28: ff66 90e8 

  0x0000017e65b76a2c: ; ImmutableOopMap {rbp=Oop [0]=Oop [8]=Oop [16]=Oop }
                      ;*ifnonnull {reexecute=1 rethrow=0 return_oop=0}
                      ; - (reexecute) java.security.SecureClassLoader::getProtectionDomain@1
                      ; - java.security.SecureClassLoader::defineClass@9
  0x0000017e65b76a2c: d010 50ff 

  0x0000017e65b76a30: ;   {other}
  0x0000017e65b76a30: 0f1f 8400 | a003 0005 | bade ffff | ff48 8b2c | 244c 8b54 | 2408 4c89 | 1424 4c8b | 5424 104c 
  0x0000017e65b76a50: 8954 2408 | 448b 5424 | 1844 8954 | 2410 448b | 5c24 1c44 | 895c 2414 | 4889 4424 

  0x0000017e65b76a6c: ;   {runtime_call UncommonTrapBlob}
  0x0000017e65b76a6c: 1866 90e8 

  0x0000017e65b76a70: ; ImmutableOopMap {rbp=Oop [0]=Oop [8]=Oop [24]=Oop }
                      ;*checkcast {reexecute=0 rethrow=0 return_oop=0}
                      ; - java.security.SecureClassLoader::getProtectionDomain@33
                      ; - java.security.SecureClassLoader::defineClass@9
  0x0000017e65b76a70: 8c10 50ff 

  0x0000017e65b76a74: ;   {other}
  0x0000017e65b76a74: 0f1f 8400 | e403 0006 | baf6 ffff | ff49 8be8 | 4c89 0c24 

  0x0000017e65b76a88: ;   {runtime_call UncommonTrapBlob}
  0x0000017e65b76a88: 6666 90e8 

  0x0000017e65b76a8c: ; ImmutableOopMap {rbp=Oop [0]=Oop }
                      ;*invokeinterface computeIfAbsent {reexecute=0 rethrow=0 return_oop=0}
                      ; - java.security.SecureClassLoader::getProtectionDomain@28
                      ; - java.security.SecureClassLoader::defineClass@9
  0x0000017e65b76a8c: 7010 50ff 

  0x0000017e65b76a90: ;   {other}
  0x0000017e65b76a90: 0f1f 8400 | 0004 0007 | baf4 ffff | ff48 8b2c | 244c 8b54 | 2408 4c89 | 1424 4c8b | 5424 104c 
  0x0000017e65b76ab0: 8954 2408 

  0x0000017e65b76ab4: ;   {runtime_call UncommonTrapBlob}
  0x0000017e65b76ab4: 6666 90e8 

  0x0000017e65b76ab8: ; ImmutableOopMap {rbp=Oop [0]=Oop [8]=Oop }
                      ;*checkcast {reexecute=0 rethrow=0 return_oop=0}
                      ; - java.security.SecureClassLoader::getProtectionDomain@33
                      ; - java.security.SecureClassLoader::defineClass@9
  0x0000017e65b76ab8: 4410 50ff 

  0x0000017e65b76abc: ;   {other}
  0x0000017e65b76abc: 0f1f 8400 | 2c04 0008 | eb02 eb00 | 488b d0eb | 0348 8bd0 | 4883 c450 

  0x0000017e65b76ad4: ;   {runtime_call _rethrow_Java}
  0x0000017e65b76ad4: 5de9 a6f0 

  0x0000017e65b76ad8: ;   {internal_word}
  0x0000017e65b76ad8: 5cff 49ba | b169 b765 | 7e01 0000 | 4d89 9768 

  0x0000017e65b76ae8: ;   {runtime_call SafepointBlob}
  0x0000017e65b76ae8: 0400 00e9 | 90fe 4fff 

  0x0000017e65b76af0: ;   {runtime_call StubRoutines (final stubs)}
  0x0000017e65b76af0: e8eb 174e | ffe9 a0fd | ffff f4f4 | f4f4 f4f4 
[Stub Code]
  0x0000017e65b76b00: ;   {no_reloc}
  0x0000017e65b76b00: 48bb 0000 | 0000 0000 

  0x0000017e65b76b08: ;   {runtime_call nmethod}
  0x0000017e65b76b08: 0000 e9fb 

  0x0000017e65b76b0c: ;   {static_stub}
  0x0000017e65b76b0c: ffff ff48 | bb00 0000 | 0000 0000 

  0x0000017e65b76b18: ;   {runtime_call nmethod}
  0x0000017e65b76b18: 00e9 fbff 

  0x0000017e65b76b1c: ;   {runtime_call ExceptionBlob}
  0x0000017e65b76b1c: ffff e95d | 8653 ffe8 | 0000 0000 | 4883 2c24 

  0x0000017e65b76b2c: ;   {runtime_call DeoptimizationBlob}
  0x0000017e65b76b2c: 05e9 ee12 | 50ff f4f4 | f4f4 f4f4 
[/MachCode]


---------------  P R O C E S S  ---------------

Threads class SMR info:
_java_thread_list=0x0000017e4b8b5690, length=112, elements={
0x0000017e520f37e0, 0x0000017e7fa05050, 0x0000017e7fa08630, 0x0000017e7fa0d4f0,
0x0000017e7fa0df50, 0x0000017e7fa0e9b0, 0x0000017e7fa0f410, 0x0000017e7fa101a0,
0x0000017e7fa17650, 0x0000017e025e4c30, 0x0000017e025b8b50, 0x0000017e48da3450,
0x0000017e48fa7190, 0x0000017e026887d0, 0x0000017e481d69f0, 0x0000017e481d7430,
0x0000017e02363bd0, 0x0000017e02360620, 0x0000017e480cdf40, 0x0000017e480cbe70,
0x0000017e480ce5d0, 0x0000017e480cd8b0, 0x0000017e480cc500, 0x0000017e480ccb90,
0x0000017e480cd220, 0x0000017e49e021a0, 0x0000017e49e02ec0, 0x0000017e49e00760,
0x0000017e49e00df0, 0x0000017e49e000d0, 0x0000017e49e03550, 0x0000017e49e02830,
0x0000017e49e04f90, 0x0000017e49e01b10, 0x0000017e49e05620, 0x0000017e49e076f0,
0x0000017e4b944130, 0x0000017e4b9447c0, 0x0000017e4b9475b0, 0x0000017e4b944e50,
0x0000017e4b9454e0, 0x0000017e4b945b70, 0x0000017e4b946200, 0x0000017e4b946890,
0x0000017e4b946f20, 0x0000017e4adabf30, 0x0000017e4adacc50, 0x0000017e4adad2e0,
0x0000017e4adab8a0, 0x0000017e4adad970, 0x0000017e4adae000, 0x0000017e4adaed20,
0x0000017e4adaf3b0, 0x0000017e4adafa40, 0x0000017e4adac5c0, 0x0000017e4adb00d0,
0x0000017e4adb1480, 0x0000017e4adae690, 0x0000017e4aa73e40, 0x0000017e4aa74b60,
0x0000017e4aa751f0, 0x0000017e4aa72a90, 0x0000017e4aa71d70, 0x0000017e4aa73120,
0x0000017e480cec60, 0x0000017e4afa0880, 0x0000017e4af9ee40, 0x0000017e4af9f4d0,
0x0000017e4afa0f10, 0x0000017e4af9da90, 0x0000017e4af9fb60, 0x0000017e4afa15a0,
0x0000017e4af9e120, 0x0000017e4afa1c30, 0x0000017e4af9e7b0, 0x0000017e4afa22c0,
0x0000017e4afa2950, 0x0000017e4afa4390, 0x0000017e4afa3d00, 0x0000017e4afa2fe0,
0x0000017e4afa4a20, 0x0000017e4afa3670, 0x0000017e4afa50b0, 0x0000017e4ba31350,
0x0000017e4ba2ffa0, 0x0000017e4ba32d90, 0x0000017e4ba33420, 0x0000017e4ba32070,
0x0000017e4ba33ab0, 0x0000017e4ba319e0, 0x0000017e4ba34140, 0x0000017e4ba30cc0,
0x0000017e4ba347d0, 0x0000017e4ba34e60, 0x0000017e4ba354f0, 0x0000017e4ba35b80,
0x0000017e4ba32700, 0x0000017e4ba36210, 0x0000017e4ba368a0, 0x0000017e4ba36f30,
0x0000017e4ba375c0, 0x0000017e4bb80eb0, 0x0000017e4bb7ede0, 0x0000017e4bb828f0,
0x0000017e4bb81540, 0x0000017e4bb7fb00, 0x0000017e4bb80190, 0x0000017e4bb7f470,
0x0000017e4bb82f80, 0x0000017e4bb81bd0, 0x0000017e4bb82260, 0x0000017e4bb84330
}

Java Threads: ( => current thread )
  0x0000017e520f37e0 JavaThread "main"                              [_thread_blocked, id=10380, stack(0x0000000ebc100000,0x0000000ebc200000) (1024K)]
  0x0000017e7fa05050 JavaThread "Reference Handler"          daemon [_thread_blocked, id=1184, stack(0x0000000ebc900000,0x0000000ebca00000) (1024K)]
  0x0000017e7fa08630 JavaThread "Finalizer"                  daemon [_thread_blocked, id=7584, stack(0x0000000ebca00000,0x0000000ebcb00000) (1024K)]
  0x0000017e7fa0d4f0 JavaThread "Signal Dispatcher"          daemon [_thread_blocked, id=2188, stack(0x0000000ebcb00000,0x0000000ebcc00000) (1024K)]
  0x0000017e7fa0df50 JavaThread "Attach Listener"            daemon [_thread_blocked, id=26676, stack(0x0000000ebcc00000,0x0000000ebcd00000) (1024K)]
  0x0000017e7fa0e9b0 JavaThread "Service Thread"             daemon [_thread_blocked, id=9480, stack(0x0000000ebcd00000,0x0000000ebce00000) (1024K)]
  0x0000017e7fa0f410 JavaThread "Monitor Deflation Thread"   daemon [_thread_blocked, id=5876, stack(0x0000000ebce00000,0x0000000ebcf00000) (1024K)]
  0x0000017e7fa101a0 JavaThread "C2 CompilerThread0"         daemon [_thread_blocked, id=24884, stack(0x0000000ebcf00000,0x0000000ebd000000) (1024K)]
  0x0000017e7fa17650 JavaThread "C1 CompilerThread0"         daemon [_thread_blocked, id=27968, stack(0x0000000ebd000000,0x0000000ebd100000) (1024K)]
  0x0000017e025e4c30 JavaThread "Common-Cleaner"             daemon [_thread_blocked, id=22580, stack(0x0000000ebd100000,0x0000000ebd200000) (1024K)]
  0x0000017e025b8b50 JavaThread "Notification Thread"        daemon [_thread_blocked, id=18704, stack(0x0000000ebd200000,0x0000000ebd300000) (1024K)]
  0x0000017e48da3450 JavaThread "Daemon health stats"               [_thread_blocked, id=13780, stack(0x0000000ebd700000,0x0000000ebd800000) (1024K)]
  0x0000017e48fa7190 JavaThread "Incoming local TCP Connector on port 56466"        [_thread_in_native, id=16328, stack(0x0000000ebd800000,0x0000000ebd900000) (1024K)]
  0x0000017e026887d0 JavaThread "Daemon periodic checks"            [_thread_blocked, id=17872, stack(0x0000000ebd900000,0x0000000ebda00000) (1024K)]
  0x0000017e481d69f0 JavaThread "Daemon"                            [_thread_blocked, id=26228, stack(0x0000000ebda00000,0x0000000ebdb00000) (1024K)]
  0x0000017e481d7430 JavaThread "Handler for socket connection from /127.0.0.1:56466 to /127.0.0.1:56467"        [_thread_in_native, id=13236, stack(0x0000000ebdb00000,0x0000000ebdc00000) (1024K)]
  0x0000017e02363bd0 JavaThread "Cancel handler"                    [_thread_blocked, id=20832, stack(0x0000000ebdc00000,0x0000000ebdd00000) (1024K)]
=>0x0000017e02360620 JavaThread "Daemon worker"                     [_thread_in_vm, id=22736, stack(0x0000000ebdd00000,0x0000000ebde00000) (1024K)]
  0x0000017e480cdf40 JavaThread "Asynchronous log dispatcher for DefaultDaemonConnection: socket connection from /127.0.0.1:56466 to /127.0.0.1:56467"        [_thread_blocked, id=26372, stack(0x0000000ebde00000,0x0000000ebdf00000) (1024K)]
  0x0000017e480cbe70 JavaThread "Stdin handler"                     [_thread_blocked, id=11604, stack(0x0000000ebdf00000,0x0000000ebe000000) (1024K)]
  0x0000017e480ce5d0 JavaThread "Daemon client event forwarder"        [_thread_blocked, id=6700, stack(0x0000000ebe000000,0x0000000ebe100000) (1024K)]
  0x0000017e480cd8b0 JavaThread "Cache worker for journal cache (C:\Users\badya\.gradle\caches\journal-1)"        [_thread_blocked, id=18920, stack(0x0000000ebe400000,0x0000000ebe500000) (1024K)]
  0x0000017e480cc500 JavaThread "File lock request listener"        [_thread_in_native, id=21460, stack(0x0000000ebe500000,0x0000000ebe600000) (1024K)]
  0x0000017e480ccb90 JavaThread "Cache worker for file hash cache (C:\Users\badya\.gradle\caches\8.12\fileHashes)"        [_thread_blocked, id=2824, stack(0x0000000ebe700000,0x0000000ebe800000) (1024K)]
  0x0000017e480cd220 JavaThread "Cache worker for file hash cache (C:\test2-final-adas-dms\couche4_mobile\android\.gradle\8.12\fileHashes)"        [_thread_blocked, id=7728, stack(0x0000000ebe900000,0x0000000ebea00000) (1024K)]
  0x0000017e49e021a0 JavaThread "Cache worker for Build Output Cleanup Cache (C:\test2-final-adas-dms\couche4_mobile\android\.gradle\buildOutputCleanup)"        [_thread_blocked, id=28624, stack(0x0000000ebea00000,0x0000000ebeb00000) (1024K)]
  0x0000017e49e02ec0 JavaThread "File watcher server"        daemon [_thread_in_native, id=5868, stack(0x0000000ebeb00000,0x0000000ebec00000) (1024K)]
  0x0000017e49e00760 JavaThread "File watcher consumer"      daemon [_thread_blocked, id=19468, stack(0x0000000ebec00000,0x0000000ebed00000) (1024K)]
  0x0000017e49e00df0 JavaThread "jar transforms"                    [_thread_blocked, id=9424, stack(0x0000000ebed00000,0x0000000ebee00000) (1024K)]
  0x0000017e49e000d0 JavaThread "jar transforms Thread 2"           [_thread_blocked, id=28640, stack(0x0000000ebee00000,0x0000000ebef00000) (1024K)]
  0x0000017e49e03550 JavaThread "Cache worker for checksums cache (C:\test2-final-adas-dms\couche4_mobile\android\.gradle\8.12\checksums)"        [_thread_blocked, id=24188, stack(0x0000000ebef00000,0x0000000ebf000000) (1024K)]
  0x0000017e49e02830 JavaThread "Cache worker for file content cache (C:\Users\badya\.gradle\caches\8.12\fileContent)"        [_thread_blocked, id=22184, stack(0x0000000ebf000000,0x0000000ebf100000) (1024K)]
  0x0000017e49e04f90 JavaThread "Cache worker for cache directory md-rule (C:\Users\badya\.gradle\caches\8.12\md-rule)"        [_thread_blocked, id=9832, stack(0x0000000ebbf00000,0x0000000ebc000000) (1024K)]
  0x0000017e49e01b10 JavaThread "Cache worker for cache directory md-supplier (C:\Users\badya\.gradle\caches\8.12\md-supplier)"        [_thread_blocked, id=25744, stack(0x0000000ebc000000,0x0000000ebc100000) (1024K)]
  0x0000017e49e05620 JavaThread "Cache worker for Build Output Cleanup Cache (C:\Flutter\flutter\packages\flutter_tools\gradle\.gradle\buildOutputCleanup)"        [_thread_blocked, id=25392, stack(0x0000000ebf100000,0x0000000ebf200000) (1024K)]
  0x0000017e49e076f0 JavaThread "Unconstrained build operations"        [_thread_blocked, id=29040, stack(0x0000000ebf200000,0x0000000ebf300000) (1024K)]
  0x0000017e4b944130 JavaThread "Unconstrained build operations Thread 2"        [_thread_blocked, id=29540, stack(0x0000000ebf300000,0x0000000ebf400000) (1024K)]
  0x0000017e4b9447c0 JavaThread "Unconstrained build operations Thread 3"        [_thread_blocked, id=25156, stack(0x0000000ebf400000,0x0000000ebf500000) (1024K)]
  0x0000017e4b9475b0 JavaThread "Unconstrained build operations Thread 4"        [_thread_blocked, id=29172, stack(0x0000000ebf500000,0x0000000ebf600000) (1024K)]
  0x0000017e4b944e50 JavaThread "Unconstrained build operations Thread 5"        [_thread_blocked, id=25668, stack(0x0000000ebf600000,0x0000000ebf700000) (1024K)]
  0x0000017e4b9454e0 JavaThread "Unconstrained build operations Thread 6"        [_thread_blocked, id=23268, stack(0x0000000ebf700000,0x0000000ebf800000) (1024K)]
  0x0000017e4b945b70 JavaThread "Unconstrained build operations Thread 7"        [_thread_blocked, id=26380, stack(0x0000000ebf800000,0x0000000ebf900000) (1024K)]
  0x0000017e4b946200 JavaThread "Unconstrained build operations Thread 8"        [_thread_blocked, id=13436, stack(0x0000000ebf900000,0x0000000ebfa00000) (1024K)]
  0x0000017e4b946890 JavaThread "Unconstrained build operations Thread 9"        [_thread_blocked, id=3840, stack(0x0000000ebfa00000,0x0000000ebfb00000) (1024K)]
  0x0000017e4b946f20 JavaThread "Unconstrained build operations Thread 10"        [_thread_blocked, id=16872, stack(0x0000000ebfb00000,0x0000000ebfc00000) (1024K)]
  0x0000017e4adabf30 JavaThread "Unconstrained build operations Thread 11"        [_thread_blocked, id=13104, stack(0x0000000ebfc00000,0x0000000ebfd00000) (1024K)]
  0x0000017e4adacc50 JavaThread "Unconstrained build operations Thread 12"        [_thread_blocked, id=25032, stack(0x0000000ebfd00000,0x0000000ebfe00000) (1024K)]
  0x0000017e4adad2e0 JavaThread "Unconstrained build operations Thread 13"        [_thread_blocked, id=13644, stack(0x0000000ebfe00000,0x0000000ebff00000) (1024K)]
  0x0000017e4adab8a0 JavaThread "Unconstrained build operations Thread 14"        [_thread_blocked, id=20260, stack(0x0000000ebff00000,0x0000000ec0000000) (1024K)]
  0x0000017e4adad970 JavaThread "Unconstrained build operations Thread 15"        [_thread_blocked, id=17720, stack(0x0000000ec0000000,0x0000000ec0100000) (1024K)]
  0x0000017e4adae000 JavaThread "Unconstrained build operations Thread 16"        [_thread_blocked, id=20252, stack(0x0000000ec0100000,0x0000000ec0200000) (1024K)]
  0x0000017e4adaed20 JavaThread "Unconstrained build operations Thread 17"        [_thread_blocked, id=28324, stack(0x0000000ec0200000,0x0000000ec0300000) (1024K)]
  0x0000017e4adaf3b0 JavaThread "Unconstrained build operations Thread 18"        [_thread_blocked, id=25648, stack(0x0000000ec0300000,0x0000000ec0400000) (1024K)]
  0x0000017e4adafa40 JavaThread "Unconstrained build operations Thread 19"        [_thread_blocked, id=2692, stack(0x0000000ec0400000,0x0000000ec0500000) (1024K)]
  0x0000017e4adac5c0 JavaThread "Unconstrained build operations Thread 20"        [_thread_blocked, id=18260, stack(0x0000000ec0500000,0x0000000ec0600000) (1024K)]
  0x0000017e4adb00d0 JavaThread "Unconstrained build operations Thread 21"        [_thread_blocked, id=22588, stack(0x0000000ec0600000,0x0000000ec0700000) (1024K)]
  0x0000017e4adb1480 JavaThread "Memory manager"                    [_thread_blocked, id=21328, stack(0x0000000ec0700000,0x0000000ec0800000) (1024K)]
  0x0000017e4adae690 JavaThread "build event listener"              [_thread_blocked, id=23772, stack(0x0000000ec0800000,0x0000000ec0900000) (1024K)]
  0x0000017e4aa73e40 JavaThread "Execution worker"                  [_thread_blocked, id=24808, stack(0x0000000ec0900000,0x0000000ec0a00000) (1024K)]
  0x0000017e4aa74b60 JavaThread "Execution worker Thread 2"         [_thread_blocked, id=4384, stack(0x0000000ec0a00000,0x0000000ec0b00000) (1024K)]
  0x0000017e4aa751f0 JavaThread "Execution worker Thread 3"         [_thread_blocked, id=10516, stack(0x0000000ec0d00000,0x0000000ec0e00000) (1024K)]
  0x0000017e4aa72a90 JavaThread "Execution worker Thread 4"         [_thread_blocked, id=14964, stack(0x0000000ec0e00000,0x0000000ec0f00000) (1024K)]
  0x0000017e4aa71d70 JavaThread "Execution worker Thread 5"         [_thread_blocked, id=9872, stack(0x0000000ec0f00000,0x0000000ec1000000) (1024K)]
  0x0000017e4aa73120 JavaThread "Execution worker Thread 6"         [_thread_blocked, id=19552, stack(0x0000000ec1000000,0x0000000ec1100000) (1024K)]
  0x0000017e480cec60 JavaThread "Execution worker Thread 7"         [_thread_blocked, id=24972, stack(0x0000000ec1100000,0x0000000ec1200000) (1024K)]
  0x0000017e4afa0880 JavaThread "Cache worker for execution history cache (C:\Flutter\flutter\packages\flutter_tools\gradle\.gradle\8.12\executionHistory)"        [_thread_blocked, id=24920, stack(0x0000000ec1200000,0x0000000ec1300000) (1024K)]
  0x0000017e4af9ee40 JavaThread "Unconstrained build operations Thread 22"        [_thread_blocked, id=28056, stack(0x0000000ec1400000,0x0000000ec1500000) (1024K)]
  0x0000017e4af9f4d0 JavaThread "Unconstrained build operations Thread 23"        [_thread_blocked, id=23108, stack(0x0000000ec1500000,0x0000000ec1600000) (1024K)]
  0x0000017e4afa0f10 JavaThread "Unconstrained build operations Thread 24"        [_thread_blocked, id=4412, stack(0x0000000ec1600000,0x0000000ec1700000) (1024K)]
  0x0000017e4af9da90 JavaThread "Unconstrained build operations Thread 25"        [_thread_blocked, id=23200, stack(0x0000000ec1700000,0x0000000ec1800000) (1024K)]
  0x0000017e4af9fb60 JavaThread "Unconstrained build operations Thread 26"        [_thread_blocked, id=17760, stack(0x0000000ec1800000,0x0000000ec1900000) (1024K)]
  0x0000017e4afa15a0 JavaThread "Unconstrained build operations Thread 27"        [_thread_blocked, id=14016, stack(0x0000000ec1900000,0x0000000ec1a00000) (1024K)]
  0x0000017e4af9e120 JavaThread "Unconstrained build operations Thread 28"        [_thread_blocked, id=7068, stack(0x0000000ec1a00000,0x0000000ec1b00000) (1024K)]
  0x0000017e4afa1c30 JavaThread "Unconstrained build operations Thread 29"        [_thread_blocked, id=28456, stack(0x0000000ec1b00000,0x0000000ec1c00000) (1024K)]
  0x0000017e4af9e7b0 JavaThread "Unconstrained build operations Thread 30"        [_thread_blocked, id=27692, stack(0x0000000ec1c00000,0x0000000ec1d00000) (1024K)]
  0x0000017e4afa22c0 JavaThread "Unconstrained build operations Thread 31"        [_thread_blocked, id=14092, stack(0x0000000ec1d00000,0x0000000ec1e00000) (1024K)]
  0x0000017e4afa2950 JavaThread "Unconstrained build operations Thread 32"        [_thread_blocked, id=15888, stack(0x0000000ec1e00000,0x0000000ec1f00000) (1024K)]
  0x0000017e4afa4390 JavaThread "Unconstrained build operations Thread 33"        [_thread_blocked, id=26328, stack(0x0000000ec1f00000,0x0000000ec2000000) (1024K)]
  0x0000017e4afa3d00 JavaThread "Unconstrained build operations Thread 34"        [_thread_blocked, id=3244, stack(0x0000000ec2000000,0x0000000ec2100000) (1024K)]
  0x0000017e4afa2fe0 JavaThread "Unconstrained build operations Thread 35"        [_thread_blocked, id=17728, stack(0x0000000ec2100000,0x0000000ec2200000) (1024K)]
  0x0000017e4afa4a20 JavaThread "Unconstrained build operations Thread 36"        [_thread_blocked, id=22116, stack(0x0000000ec2200000,0x0000000ec2300000) (1024K)]
  0x0000017e4afa3670 JavaThread "Unconstrained build operations Thread 37"        [_thread_blocked, id=100, stack(0x0000000ec2300000,0x0000000ec2400000) (1024K)]
  0x0000017e4afa50b0 JavaThread "Unconstrained build operations Thread 38"        [_thread_blocked, id=13328, stack(0x0000000ec2400000,0x0000000ec2500000) (1024K)]
  0x0000017e4ba31350 JavaThread "Unconstrained build operations Thread 39"        [_thread_blocked, id=25264, stack(0x0000000ec2500000,0x0000000ec2600000) (1024K)]
  0x0000017e4ba2ffa0 JavaThread "Unconstrained build operations Thread 40"        [_thread_blocked, id=22788, stack(0x0000000ec2600000,0x0000000ec2700000) (1024K)]
  0x0000017e4ba32d90 JavaThread "Unconstrained build operations Thread 41"        [_thread_blocked, id=29480, stack(0x0000000ec2700000,0x0000000ec2800000) (1024K)]
  0x0000017e4ba33420 JavaThread "Unconstrained build operations Thread 42"        [_thread_blocked, id=27916, stack(0x0000000ec2800000,0x0000000ec2900000) (1024K)]
  0x0000017e4ba32070 JavaThread "Unconstrained build operations Thread 43"        [_thread_blocked, id=24752, stack(0x0000000ec2900000,0x0000000ec2a00000) (1024K)]
  0x0000017e4ba33ab0 JavaThread "Unconstrained build operations Thread 44"        [_thread_blocked, id=6680, stack(0x0000000ec2a00000,0x0000000ec2b00000) (1024K)]
  0x0000017e4ba319e0 JavaThread "File lock release action executor Thread 3"        [_thread_blocked, id=5040, stack(0x0000000ec2b00000,0x0000000ec2c00000) (1024K)]
  0x0000017e4ba34140 JavaThread "Unconstrained build operations Thread 45"        [_thread_blocked, id=10392, stack(0x0000000ec0b00000,0x0000000ec0c00000) (1024K)]
  0x0000017e4ba30cc0 JavaThread "Unconstrained build operations Thread 46"        [_thread_blocked, id=3860, stack(0x0000000ec0c00000,0x0000000ec0d00000) (1024K)]
  0x0000017e4ba347d0 JavaThread "Unconstrained build operations Thread 47"        [_thread_blocked, id=17096, stack(0x0000000ec2c00000,0x0000000ec2d00000) (1024K)]
  0x0000017e4ba34e60 JavaThread "Unconstrained build operations Thread 48"        [_thread_blocked, id=7044, stack(0x0000000ec2d00000,0x0000000ec2e00000) (1024K)]
  0x0000017e4ba354f0 JavaThread "Unconstrained build operations Thread 49"        [_thread_blocked, id=13960, stack(0x0000000ec2e00000,0x0000000ec2f00000) (1024K)]
  0x0000017e4ba35b80 JavaThread "Unconstrained build operations Thread 50"        [_thread_blocked, id=3376, stack(0x0000000ec2f00000,0x0000000ec3000000) (1024K)]
  0x0000017e4ba32700 JavaThread "Unconstrained build operations Thread 51"        [_thread_blocked, id=21444, stack(0x0000000ec3000000,0x0000000ec3100000) (1024K)]
  0x0000017e4ba36210 JavaThread "Unconstrained build operations Thread 52"        [_thread_blocked, id=9692, stack(0x0000000ec3100000,0x0000000ec3200000) (1024K)]
  0x0000017e4ba368a0 JavaThread "Unconstrained build operations Thread 53"        [_thread_blocked, id=26900, stack(0x0000000ec3200000,0x0000000ec3300000) (1024K)]
  0x0000017e4ba36f30 JavaThread "Unconstrained build operations Thread 54"        [_thread_blocked, id=24716, stack(0x0000000ec3300000,0x0000000ec3400000) (1024K)]
  0x0000017e4ba375c0 JavaThread "Unconstrained build operations Thread 55"        [_thread_blocked, id=5376, stack(0x0000000ec3400000,0x0000000ec3500000) (1024K)]
  0x0000017e4bb80eb0 JavaThread "Unconstrained build operations Thread 56"        [_thread_blocked, id=22092, stack(0x0000000ec3500000,0x0000000ec3600000) (1024K)]
  0x0000017e4bb7ede0 JavaThread "Unconstrained build operations Thread 57"        [_thread_blocked, id=25344, stack(0x0000000ec3600000,0x0000000ec3700000) (1024K)]
  0x0000017e4bb828f0 JavaThread "Unconstrained build operations Thread 58"        [_thread_blocked, id=23620, stack(0x0000000ec3700000,0x0000000ec3800000) (1024K)]
  0x0000017e4bb81540 JavaThread "Unconstrained build operations Thread 59"        [_thread_blocked, id=16964, stack(0x0000000ec3800000,0x0000000ec3900000) (1024K)]
  0x0000017e4bb7fb00 JavaThread "Unconstrained build operations Thread 60"        [_thread_blocked, id=11564, stack(0x0000000ec3900000,0x0000000ec3a00000) (1024K)]
  0x0000017e4bb80190 JavaThread "Unconstrained build operations Thread 61"        [_thread_blocked, id=15188, stack(0x0000000ec3a00000,0x0000000ec3b00000) (1024K)]
  0x0000017e4bb7f470 JavaThread "Unconstrained build operations Thread 62"        [_thread_blocked, id=7928, stack(0x0000000ec3b00000,0x0000000ec3c00000) (1024K)]
  0x0000017e4bb82f80 JavaThread "Unconstrained build operations Thread 63"        [_thread_blocked, id=6724, stack(0x0000000ec3c00000,0x0000000ec3d00000) (1024K)]
  0x0000017e4bb81bd0 JavaThread "Unconstrained build operations Thread 64"        [_thread_blocked, id=13024, stack(0x0000000ec3d00000,0x0000000ec3e00000) (1024K)]
  0x0000017e4bb82260 JavaThread "Unconstrained build operations Thread 65"        [_thread_blocked, id=2868, stack(0x0000000ec3e00000,0x0000000ec3f00000) (1024K)]
  0x0000017e4bb84330 JavaThread "build event listener"              [_thread_blocked, id=6448, stack(0x0000000ebe600000,0x0000000ebe700000) (1024K)]
Total: 112

Other Threads:
  0x0000017e7f9e3670 VMThread "VM Thread"                           [id=23120, stack(0x0000000ebc800000,0x0000000ebc900000) (1024K)]
  0x0000017e7f9d3570 WatcherThread "VM Periodic Task Thread"        [id=2600, stack(0x0000000ebc700000,0x0000000ebc800000) (1024K)]
  0x0000017e5219d670 WorkerThread "GC Thread#0"                     [id=25088, stack(0x0000000ebc200000,0x0000000ebc300000) (1024K)]
  0x0000017e026c4180 WorkerThread "GC Thread#1"                     [id=656, stack(0x0000000ebd300000,0x0000000ebd400000) (1024K)]
  0x0000017e02640f80 WorkerThread "GC Thread#2"                     [id=29236, stack(0x0000000ebd400000,0x0000000ebd500000) (1024K)]
  0x0000017e48412680 WorkerThread "GC Thread#3"                     [id=28460, stack(0x0000000ebd500000,0x0000000ebd600000) (1024K)]
  0x0000017e48412a30 WorkerThread "GC Thread#4"                     [id=5920, stack(0x0000000ebd600000,0x0000000ebd700000) (1024K)]
  0x0000017e49708600 WorkerThread "GC Thread#5"                     [id=3000, stack(0x0000000ebe100000,0x0000000ebe200000) (1024K)]
  0x0000017e497089b0 WorkerThread "GC Thread#6"                     [id=24600, stack(0x0000000ebe200000,0x0000000ebe300000) (1024K)]
  0x0000017e02ee1700 WorkerThread "GC Thread#7"                     [id=25960, stack(0x0000000ebe300000,0x0000000ebe400000) (1024K)]
  0x0000017e521ae570 ConcurrentGCThread "G1 Main Marker"            [id=15532, stack(0x0000000ebc300000,0x0000000ebc400000) (1024K)]
  0x0000017e7f850080 WorkerThread "G1 Conc#0"                       [id=1316, stack(0x0000000ebc400000,0x0000000ebc500000) (1024K)]
  0x0000017e4b20bb30 WorkerThread "G1 Conc#1"                       [id=5932, stack(0x0000000ebe800000,0x0000000ebe900000) (1024K)]
  0x0000017e7f8a4e90 ConcurrentGCThread "G1 Refine#0"               [id=28616, stack(0x0000000ebc500000,0x0000000ebc600000) (1024K)]
  0x0000017e7f8a67d0 ConcurrentGCThread "G1 Service"                [id=26520, stack(0x0000000ebc600000,0x0000000ebc700000) (1024K)]
Total: 15

Threads with active compile tasks:
Total: 0

VM state: not at safepoint (normal execution)

VM Mutex/Monitor currently owned by a thread:  ([mutex/lock_event])
[0x00007ffd2769d530] Metaspace_lock - owner thread: 0x0000017e02360620

Heap address: 0x0000000600000000, size: 8192 MB, Compressed Oops mode: Zero based, Oop shift amount: 3

CDS archive(s) mapped at: [0x0000017e03000000-0x0000017e03ba0000-0x0000017e03ba0000), size 12189696, SharedBaseAddress: 0x0000017e03000000, ArchiveRelocationMode: 1.
Compressed class space mapped at: 0x0000017e04000000-0x0000017e44000000, reserved size: 1073741824
Narrow klass base: 0x0000017e03000000, Narrow klass shift: 0, Narrow klass range: 0x100000000

GC Precious Log:
 CardTable entry size: 512
 Card Set container configuration: InlinePtr #cards 4 size 8 Array Of Cards #cards 32 size 80 Howl #buckets 8 coarsen threshold 7372 Howl Bitmap #cards 1024 size 144 coarsen threshold 921 Card regions per heap region 1 cards per card region 8192
 CPUs: 8 total, 8 available
 Memory: 7886M
 Large Page Support: Disabled
 NUMA Support: Disabled
 Compressed Oops: Enabled (Zero based)
 Heap Region Size: 4M
 Heap Min Capacity: 8M
 Heap Initial Capacity: 124M
 Heap Max Capacity: 8G
 Pre-touch: Disabled
 Parallel Workers: 8
 Concurrent Workers: 2
 Concurrent Refinement Workers: 8
 Periodic GC: Disabled

Heap:
 garbage-first heap   total 184320K, used 137108K [0x0000000600000000, 0x0000000800000000)
  region size 4096K, 9 young (36864K), 1 survivors (4096K)
 Metaspace       used 101122K, committed 103360K, reserved 1179648K
  class space    used 14372K, committed 15488K, reserved 1048576K

Heap Regions: E=young(eden), S=young(survivor), O=old, HS=humongous(starts), HC=humongous(continues), CS=collection set, F=free, TAMS=top-at-mark-start, PB=parsable bottom
|   0|0x0000000600000000, 0x0000000600400000, 0x0000000600400000|100%|HS|  |TAMS 0x0000000600000000| PB 0x0000000600000000| Complete 
|   1|0x0000000600400000, 0x0000000600800000, 0x0000000600800000|100%| O|  |TAMS 0x0000000600400000| PB 0x0000000600400000| Untracked 
|   2|0x0000000600800000, 0x0000000600c00000, 0x0000000600c00000|100%| O|  |TAMS 0x0000000600800000| PB 0x0000000600800000| Untracked 
|   3|0x0000000600c00000, 0x0000000600fdc1f0, 0x0000000601000000| 96%| O|  |TAMS 0x0000000600c00000| PB 0x0000000600c00000| Untracked 
|   4|0x0000000601000000, 0x0000000601400000, 0x0000000601400000|100%| O|  |TAMS 0x0000000601000000| PB 0x0000000601000000| Untracked 
|   5|0x0000000601400000, 0x0000000601800000, 0x0000000601800000|100%| O|  |TAMS 0x0000000601400000| PB 0x0000000601400000| Untracked 
|   6|0x0000000601800000, 0x0000000601c00000, 0x0000000601c00000|100%| O|  |TAMS 0x0000000601800000| PB 0x0000000601800000| Untracked 
|   7|0x0000000601c00000, 0x0000000602000000, 0x0000000602000000|100%| O|  |TAMS 0x0000000601c00000| PB 0x0000000601c00000| Untracked 
|   8|0x0000000602000000, 0x0000000602400000, 0x0000000602400000|100%| O|  |TAMS 0x0000000602000000| PB 0x0000000602000000| Untracked 
|   9|0x0000000602400000, 0x0000000602800000, 0x0000000602800000|100%|HS|  |TAMS 0x0000000602400000| PB 0x0000000602400000| Complete 
|  10|0x0000000602800000, 0x0000000602c00000, 0x0000000602c00000|100%| O|  |TAMS 0x0000000602800000| PB 0x0000000602800000| Untracked 
|  11|0x0000000602c00000, 0x0000000603000000, 0x0000000603000000|100%| O|  |TAMS 0x0000000602c00000| PB 0x0000000602c00000| Untracked 
|  12|0x0000000603000000, 0x0000000603400000, 0x0000000603400000|100%|HS|  |TAMS 0x0000000603000000| PB 0x0000000603000000| Complete 
|  13|0x0000000603400000, 0x0000000603800000, 0x0000000603800000|100%| O|  |TAMS 0x0000000603400000| PB 0x0000000603400000| Untracked 
|  14|0x0000000603800000, 0x0000000603c00000, 0x0000000603c00000|100%| O|  |TAMS 0x0000000603800000| PB 0x0000000603800000| Untracked 
|  15|0x0000000603c00000, 0x0000000604000000, 0x0000000604000000|100%| O|  |TAMS 0x0000000603c00000| PB 0x0000000603c00000| Untracked 
|  16|0x0000000604000000, 0x0000000604400000, 0x0000000604400000|100%| O|  |TAMS 0x0000000604000000| PB 0x0000000604000000| Untracked 
|  17|0x0000000604400000, 0x0000000604800000, 0x0000000604800000|100%| O|  |TAMS 0x0000000604400000| PB 0x0000000604400000| Untracked 
|  18|0x0000000604800000, 0x0000000604c00000, 0x0000000604c00000|100%| O|  |TAMS 0x0000000604800000| PB 0x0000000604800000| Untracked 
|  19|0x0000000604c00000, 0x0000000605000000, 0x0000000605000000|100%| O|  |TAMS 0x0000000604c00000| PB 0x0000000604c00000| Untracked 
|  20|0x0000000605000000, 0x0000000605400000, 0x0000000605400000|100%| O|  |TAMS 0x0000000605000000| PB 0x0000000605000000| Untracked 
|  21|0x0000000605400000, 0x0000000605800000, 0x0000000605800000|100%| O|  |TAMS 0x0000000605400000| PB 0x0000000605400000| Untracked 
|  22|0x0000000605800000, 0x0000000605c00000, 0x0000000605c00000|100%| O|  |TAMS 0x0000000605800000| PB 0x0000000605800000| Untracked 
|  23|0x0000000605c00000, 0x0000000605e713a8, 0x0000000606000000| 61%| O|  |TAMS 0x0000000605c00000| PB 0x0000000605c00000| Untracked 
|  24|0x0000000606000000, 0x0000000606000000, 0x0000000606400000|  0%| F|  |TAMS 0x0000000606000000| PB 0x0000000606000000| Untracked 
|  25|0x0000000606400000, 0x0000000606400000, 0x0000000606800000|  0%| F|  |TAMS 0x0000000606400000| PB 0x0000000606400000| Untracked 
|  26|0x0000000606800000, 0x0000000606b97bf0, 0x0000000606c00000| 89%| S|CS|TAMS 0x0000000606800000| PB 0x0000000606800000| Complete 
|  27|0x0000000606c00000, 0x0000000606c00000, 0x0000000607000000|  0%| F|  |TAMS 0x0000000606c00000| PB 0x0000000606c00000| Untracked 
|  28|0x0000000607000000, 0x0000000607000000, 0x0000000607400000|  0%| F|  |TAMS 0x0000000607000000| PB 0x0000000607000000| Untracked 
|  29|0x0000000607400000, 0x0000000607400000, 0x0000000607800000|  0%| F|  |TAMS 0x0000000607400000| PB 0x0000000607400000| Untracked 
|  30|0x0000000607800000, 0x0000000607800000, 0x0000000607c00000|  0%| F|  |TAMS 0x0000000607800000| PB 0x0000000607800000| Untracked 
|  31|0x0000000607c00000, 0x0000000607c00000, 0x0000000608000000|  0%| F|  |TAMS 0x0000000607c00000| PB 0x0000000607c00000| Untracked 
|  32|0x0000000608000000, 0x0000000608000000, 0x0000000608400000|  0%| F|  |TAMS 0x0000000608000000| PB 0x0000000608000000| Untracked 
|  33|0x0000000608400000, 0x0000000608400000, 0x0000000608800000|  0%| F|  |TAMS 0x0000000608400000| PB 0x0000000608400000| Untracked 
|  34|0x0000000608800000, 0x0000000608800000, 0x0000000608c00000|  0%| F|  |TAMS 0x0000000608800000| PB 0x0000000608800000| Untracked 
|  35|0x0000000608c00000, 0x0000000608c18818, 0x0000000609000000|  2%| E|  |TAMS 0x0000000608c00000| PB 0x0000000608c00000| Complete 
|  36|0x0000000609000000, 0x0000000609400000, 0x0000000609400000|100%| E|CS|TAMS 0x0000000609000000| PB 0x0000000609000000| Complete 
|  37|0x0000000609400000, 0x0000000609800000, 0x0000000609800000|100%| E|CS|TAMS 0x0000000609400000| PB 0x0000000609400000| Complete 
|  38|0x0000000609800000, 0x0000000609c00000, 0x0000000609c00000|100%| E|CS|TAMS 0x0000000609800000| PB 0x0000000609800000| Complete 
|  39|0x0000000609c00000, 0x000000060a000000, 0x000000060a000000|100%| E|CS|TAMS 0x0000000609c00000| PB 0x0000000609c00000| Complete 
|  40|0x000000060a000000, 0x000000060a400000, 0x000000060a400000|100%| E|CS|TAMS 0x000000060a000000| PB 0x000000060a000000| Complete 
|  41|0x000000060a400000, 0x000000060a800000, 0x000000060a800000|100%| E|CS|TAMS 0x000000060a400000| PB 0x000000060a400000| Complete 
|2045|0x00000007ff400000, 0x00000007ff800000, 0x00000007ff800000|100%| O|  |TAMS 0x00000007ff400000| PB 0x00000007ff400000| Untracked 
|2046|0x00000007ff800000, 0x00000007ffc00000, 0x00000007ffc00000|100%| E|CS|TAMS 0x00000007ff800000| PB 0x00000007ff800000| Complete 
|2047|0x00000007ffc00000, 0x0000000800000000, 0x0000000800000000|100%| O|  |TAMS 0x00000007ffc00000| PB 0x00000007ffc00000| Untracked 

Card table byte_map: [0x0000017e76850000,0x0000017e77850000] _byte_map_base: 0x0000017e73850000

Marking Bits: (CMBitMap*) 0x0000017e5219dc90
 Bits: [0x0000017e77850000, 0x0000017e7f850000)

Polling page: 0x0000017e502e0000

Metaspace:

Usage:
  Non-class:     84.72 MB used.
      Class:     14.04 MB used.
       Both:     98.75 MB used.

Virtual space:
  Non-class space:      128.00 MB reserved,      85.81 MB ( 67%) committed,  2 nodes.
      Class space:        1.00 GB reserved,      15.12 MB (  1%) committed,  1 nodes.
             Both:        1.12 GB reserved,     100.94 MB (  9%) committed. 

Chunk freelists:
   Non-Class:  9.92 MB
       Class:  880.00 KB
        Both:  10.78 MB

MaxMetaspaceSize: 4.00 GB
CompressedClassSpaceSize: 1.00 GB
Initial GC threshold: 21.00 MB
Current GC threshold: 153.12 MB
CDS: on
 - commit_granule_bytes: 65536.
 - commit_granule_words: 8192.
 - virtual_space_node_default_size: 8388608.
 - enlarge_chunks_in_place: 1.
 - use_allocation_guard: 0.


Internal statistics:

num_allocs_failed_limit: 12.
num_arena_births: 4138.
num_arena_deaths: 0.
num_vsnodes_births: 3.
num_vsnodes_deaths: 0.
num_space_committed: 1615.
num_space_uncommitted: 0.
num_chunks_returned_to_freelist: 12.
num_chunks_taken_from_freelist: 8857.
num_chunk_merges: 12.
num_chunk_splits: 5824.
num_chunks_enlarged: 3682.
num_inconsistent_stats: 0.

CodeHeap 'non-profiled nmethods': size=259264Kb used=6569Kb max_used=6569Kb free=252694Kb
 bounds [0x0000017e655c0000, 0x0000017e65c30000, 0x0000017e752f0000]
CodeHeap 'profiled nmethods': size=259264Kb used=20725Kb max_used=20725Kb free=238539Kb
 bounds [0x0000017e552f0000, 0x0000017e56730000, 0x0000017e65020000]
CodeHeap 'non-nmethods': size=5760Kb used=2971Kb max_used=3009Kb free=2789Kb
 bounds [0x0000017e65020000, 0x0000017e65320000, 0x0000017e655c0000]
CodeCache: size=524288Kb, used=30265Kb, max_used=30303Kb, free=494022Kb
 total_blobs=11907, nmethods=10922, adapters=889, full_count=0
Compilation: enabled, stopped_count=0, restarted_count=0

Compilation events (20 events):
Event: 398.508 Thread 0x0000017e7fa101a0 12802       4       java.lang.invoke.LambdaForm$MH/0x0000017e040ee800::invoke (46 bytes)
Event: 398.513 Thread 0x0000017e7fa101a0 nmethod 12802 0x0000017e65c25010 code [0x0000017e65c251c0, 0x0000017e65c25380]
Event: 398.513 Thread 0x0000017e7fa101a0 12815       4       java.lang.invoke.LambdaForm$MH/0x0000017e040ef000::invoke (110 bytes)
Event: 398.524 Thread 0x0000017e7fa101a0 nmethod 12815 0x0000017e65c25590 code [0x0000017e65c257a0, 0x0000017e65c25b10]
Event: 398.524 Thread 0x0000017e7fa101a0 12824       4       java.util.ArrayList$ListItr::hasPrevious (13 bytes)
Event: 398.526 Thread 0x0000017e7fa101a0 nmethod 12824 0x0000017e65c26010 code [0x0000017e65c261a0, 0x0000017e65c26238]
Event: 398.526 Thread 0x0000017e7fa101a0 12861       4       java.util.ArrayList$ListItr::previous (59 bytes)
Event: 398.532 Thread 0x0000017e7fa101a0 nmethod 12861 0x0000017e65c26310 code [0x0000017e65c264a0, 0x0000017e65c26620]
Event: 398.533 Thread 0x0000017e7fa101a0 12710       4       org.gradle.internal.snapshot.VfsRelativePath::isEmpty (20 bytes)
Event: 398.536 Thread 0x0000017e7fa101a0 nmethod 12710 0x0000017e65c26790 code [0x0000017e65c26920, 0x0000017e65c26a08]
Event: 398.536 Thread 0x0000017e7fa101a0 12709       4       org.gradle.internal.classloader.TransformErrorHandler::enterClassLoadingScope (50 bytes)
Event: 398.596 Thread 0x0000017e7fa101a0 nmethod 12709 0x0000017e65c26b10 code [0x0000017e65c26d40, 0x0000017e65c277b0]
Event: 399.069 Thread 0x0000017e7fa17650 12888       3       com.android.build.gradle.options.ProjectOptions::get (40 bytes)
Event: 399.074 Thread 0x0000017e7fa17650 nmethod 12888 0x0000017e5672a210 code [0x0000017e5672a460, 0x0000017e5672adf0]
Event: 399.074 Thread 0x0000017e7fa17650 12889       3       com.android.build.gradle.options.BooleanOption::getDefaultValue (8 bytes)
Event: 399.075 Thread 0x0000017e7fa17650 nmethod 12889 0x0000017e5672b110 code [0x0000017e5672b2c0, 0x0000017e5672b4a8]
Event: 399.439 Thread 0x0000017e7fa101a0 12890       4       com.google.common.collect.ImmutableSet::chooseTableSize (61 bytes)
Event: 399.442 Thread 0x0000017e7fa17650 12891       1       org.gradle.api.internal.artifacts.configurations.DefaultConfiguration::access$1300 (5 bytes)
Event: 399.445 Thread 0x0000017e7fa101a0 nmethod 12890 0x0000017e65c27f10 code [0x0000017e65c280c0, 0x0000017e65c281a0]
Event: 399.450 Thread 0x0000017e7fa17650 nmethod 12891 0x0000017e65c28290 code [0x0000017e65c28420, 0x0000017e65c284d8]

GC Heap History (20 events):
Event: 289.137 GC heap before
{Heap before GC invocations=29 (full 0):
 garbage-first heap   total 139264K, used 105371K [0x0000000600000000, 0x0000000800000000)
  region size 4096K, 9 young (36864K), 2 survivors (8192K)
 Metaspace       used 73945K, committed 76032K, reserved 1114112K
  class space    used 10781K, committed 11840K, reserved 1048576K
}
Event: 289.177 GC heap after
{Heap after GC invocations=30 (full 0):
 garbage-first heap   total 139264K, used 76186K [0x0000000600000000, 0x0000000800000000)
  region size 4096K, 1 young (4096K), 1 survivors (4096K)
 Metaspace       used 73945K, committed 76032K, reserved 1114112K
  class space    used 10781K, committed 11840K, reserved 1048576K
}
Event: 304.649 GC heap before
{Heap before GC invocations=30 (full 0):
 garbage-first heap   total 139264K, used 121242K [0x0000000600000000, 0x0000000800000000)
  region size 4096K, 13 young (53248K), 1 survivors (4096K)
 Metaspace       used 75711K, committed 77824K, reserved 1179648K
  class space    used 11001K, committed 12032K, reserved 1048576K
}
Event: 304.698 GC heap after
{Heap after GC invocations=31 (full 0):
 garbage-first heap   total 147456K, used 91649K [0x0000000600000000, 0x0000000800000000)
  region size 4096K, 2 young (8192K), 2 survivors (8192K)
 Metaspace       used 75711K, committed 77824K, reserved 1179648K
  class space    used 11001K, committed 12032K, reserved 1048576K
}
Event: 311.949 GC heap before
{Heap before GC invocations=32 (full 0):
 garbage-first heap   total 159744K, used 120321K [0x0000000600000000, 0x0000000800000000)
  region size 4096K, 10 young (40960K), 2 survivors (8192K)
 Metaspace       used 78493K, committed 80576K, reserved 1179648K
  class space    used 11284K, committed 12288K, reserved 1048576K
}
Event: 311.962 GC heap after
{Heap after GC invocations=33 (full 0):
 garbage-first heap   total 159744K, used 94256K [0x0000000600000000, 0x0000000800000000)
  region size 4096K, 1 young (4096K), 1 survivors (4096K)
 Metaspace       used 78493K, committed 80576K, reserved 1179648K
  class space    used 11284K, committed 12288K, reserved 1048576K
}
Event: 330.262 GC heap before
{Heap before GC invocations=33 (full 0):
 garbage-first heap   total 159744K, used 135216K [0x0000000600000000, 0x0000000800000000)
  region size 4096K, 11 young (45056K), 1 survivors (4096K)
 Metaspace       used 82925K, committed 85056K, reserved 1179648K
  class space    used 11753K, committed 12800K, reserved 1048576K
}
Event: 330.293 GC heap after
{Heap after GC invocations=34 (full 0):
 garbage-first heap   total 159744K, used 96106K [0x0000000600000000, 0x0000000800000000)
  region size 4096K, 2 young (8192K), 2 survivors (8192K)
 Metaspace       used 82925K, committed 85056K, reserved 1179648K
  class space    used 11753K, committed 12800K, reserved 1048576K
}
Event: 333.951 GC heap before
{Heap before GC invocations=34 (full 0):
 garbage-first heap   total 159744K, used 132970K [0x0000000600000000, 0x0000000800000000)
  region size 4096K, 11 young (45056K), 2 survivors (8192K)
 Metaspace       used 84587K, committed 86656K, reserved 1179648K
  class space    used 11982K, committed 12992K, reserved 1048576K
}
Event: 333.964 GC heap after
{Heap after GC invocations=35 (full 0):
 garbage-first heap   total 159744K, used 99517K [0x0000000600000000, 0x0000000800000000)
  region size 4096K, 2 young (8192K), 2 survivors (8192K)
 Metaspace       used 84587K, committed 86656K, reserved 1179648K
  class space    used 11982K, committed 12992K, reserved 1048576K
}
Event: 340.751 GC heap before
{Heap before GC invocations=36 (full 0):
 garbage-first heap   total 172032K, used 136381K [0x0000000600000000, 0x0000000800000000)
  region size 4096K, 11 young (45056K), 2 survivors (8192K)
 Metaspace       used 87194K, committed 89344K, reserved 1179648K
  class space    used 12335K, committed 13376K, reserved 1048576K
}
Event: 340.767 GC heap after
{Heap after GC invocations=37 (full 0):
 garbage-first heap   total 172032K, used 101569K [0x0000000600000000, 0x0000000800000000)
  region size 4096K, 1 young (4096K), 1 survivors (4096K)
 Metaspace       used 87194K, committed 89344K, reserved 1179648K
  class space    used 12335K, committed 13376K, reserved 1048576K
}
Event: 346.996 GC heap before
{Heap before GC invocations=37 (full 0):
 garbage-first heap   total 172032K, used 146625K [0x0000000600000000, 0x0000000800000000)
  region size 4096K, 12 young (49152K), 1 survivors (4096K)
 Metaspace       used 90824K, committed 92992K, reserved 1179648K
  class space    used 12843K, committed 13888K, reserved 1048576K
}
Event: 347.020 GC heap after
{Heap after GC invocations=38 (full 0):
 garbage-first heap   total 172032K, used 102592K [0x0000000600000000, 0x0000000800000000)
  region size 4096K, 1 young (4096K), 1 survivors (4096K)
 Metaspace       used 90824K, committed 92992K, reserved 1179648K
  class space    used 12843K, committed 13888K, reserved 1048576K
}
Event: 351.737 GC heap before
{Heap before GC invocations=38 (full 0):
 garbage-first heap   total 172032K, used 147648K [0x0000000600000000, 0x0000000800000000)
  region size 4096K, 12 young (49152K), 1 survivors (4096K)
 Metaspace       used 91902K, committed 94080K, reserved 1179648K
  class space    used 12974K, committed 14016K, reserved 1048576K
}
Event: 351.759 GC heap after
{Heap after GC invocations=39 (full 0):
 garbage-first heap   total 172032K, used 105550K [0x0000000600000000, 0x0000000800000000)
  region size 4096K, 2 young (8192K), 2 survivors (8192K)
 Metaspace       used 91902K, committed 94080K, reserved 1179648K
  class space    used 12974K, committed 14016K, reserved 1048576K
}
Event: 361.180 GC heap before
{Heap before GC invocations=40 (full 0):
 garbage-first heap   total 184320K, used 150606K [0x0000000600000000, 0x0000000800000000)
  region size 4096K, 13 young (53248K), 2 survivors (8192K)
 Metaspace       used 95297K, committed 97536K, reserved 1179648K
  class space    used 13442K, committed 14528K, reserved 1048576K
}
Event: 361.202 GC heap after
{Heap after GC invocations=41 (full 0):
 garbage-first heap   total 184320K, used 107396K [0x0000000600000000, 0x0000000800000000)
  region size 4096K, 2 young (8192K), 2 survivors (8192K)
 Metaspace       used 95297K, committed 97536K, reserved 1179648K
  class space    used 13442K, committed 14528K, reserved 1048576K
}
Event: 378.875 GC heap before
{Heap before GC invocations=41 (full 0):
 garbage-first heap   total 184320K, used 160644K [0x0000000600000000, 0x0000000800000000)
  region size 4096K, 15 young (61440K), 2 survivors (8192K)
 Metaspace       used 99410K, committed 101568K, reserved 1179648K
  class space    used 14174K, committed 15232K, reserved 1048576K
}
Event: 378.939 GC heap after
{Heap after GC invocations=42 (full 0):
 garbage-first heap   total 184320K, used 108436K [0x0000000600000000, 0x0000000800000000)
  region size 4096K, 1 young (4096K), 1 survivors (4096K)
 Metaspace       used 99410K, committed 101568K, reserved 1179648K
  class space    used 14174K, committed 15232K, reserved 1048576K
}

Dll operation events (20 events):
Event: 0.684 Attempting to load shared library C:\Users\badya\.vscode\extensions\redhat.java-1.56.0-win32-x64\jre\21.0.12.1-win32-x86_64\bin\zip.dll
Event: 0.684 Loaded shared library C:\Users\badya\.vscode\extensions\redhat.java-1.56.0-win32-x64\jre\21.0.12.1-win32-x86_64\bin\zip.dll
Event: 2.508 Attempting to load shared library C:\Users\badya\.vscode\extensions\redhat.java-1.56.0-win32-x64\jre\21.0.12.1-win32-x86_64\bin\jimage.dll
Event: 2.508 Loaded shared library C:\Users\badya\.vscode\extensions\redhat.java-1.56.0-win32-x64\jre\21.0.12.1-win32-x86_64\bin\jimage.dll
Event: 4.496 Attempting to load shared library C:\Users\badya\.vscode\extensions\redhat.java-1.56.0-win32-x64\jre\21.0.12.1-win32-x86_64\bin\verify.dll
Event: 4.617 Loaded shared library C:\Users\badya\.vscode\extensions\redhat.java-1.56.0-win32-x64\jre\21.0.12.1-win32-x86_64\bin\verify.dll
Event: 6.028 Attempting to load shared library C:\Users\badya\.gradle\native\1def1411415f61bf3af743bc5b6707747c0891f09f0c88961ee8f79bc544acac\windows-amd64\native-platform.dll
Event: 6.032 Loaded shared library C:\Users\badya\.gradle\native\1def1411415f61bf3af743bc5b6707747c0891f09f0c88961ee8f79bc544acac\windows-amd64\native-platform.dll
Event: 6.077 Attempting to load shared library C:\Users\badya\.gradle\native\0.2.5\x86_64-windows-gnu\gradle-fileevents.dll
Event: 6.085 Loaded shared library C:\Users\badya\.gradle\native\0.2.5\x86_64-windows-gnu\gradle-fileevents.dll
Event: 14.999 Attempting to load shared library C:\Users\badya\.vscode\extensions\redhat.java-1.56.0-win32-x64\jre\21.0.12.1-win32-x86_64\bin\management.dll
Event: 15.005 Loaded shared library C:\Users\badya\.vscode\extensions\redhat.java-1.56.0-win32-x64\jre\21.0.12.1-win32-x86_64\bin\management.dll
Event: 15.024 Attempting to load shared library C:\Users\badya\.vscode\extensions\redhat.java-1.56.0-win32-x64\jre\21.0.12.1-win32-x86_64\bin\management_ext.dll
Event: 15.031 Loaded shared library C:\Users\badya\.vscode\extensions\redhat.java-1.56.0-win32-x64\jre\21.0.12.1-win32-x86_64\bin\management_ext.dll
Event: 16.845 Attempting to load shared library C:\Users\badya\.vscode\extensions\redhat.java-1.56.0-win32-x64\jre\21.0.12.1-win32-x86_64\bin\extnet.dll
Event: 16.848 Loaded shared library C:\Users\badya\.vscode\extensions\redhat.java-1.56.0-win32-x64\jre\21.0.12.1-win32-x86_64\bin\extnet.dll
Event: 18.130 Attempting to load shared library C:\Users\badya\.vscode\extensions\redhat.java-1.56.0-win32-x64\jre\21.0.12.1-win32-x86_64\bin\sunmscapi.dll
Event: 18.188 Loaded shared library C:\Users\badya\.vscode\extensions\redhat.java-1.56.0-win32-x64\jre\21.0.12.1-win32-x86_64\bin\sunmscapi.dll
Event: 27.441 Attempting to load shared library C:\Users\badya\AppData\Local\Temp\native-platform5812585832724261855dir\gradle-fileevents.dll
Event: 27.760 Loaded shared library C:\Users\badya\AppData\Local\Temp\native-platform5812585832724261855dir\gradle-fileevents.dll

Deoptimization events (20 events):
Event: 396.837 Thread 0x0000017e02360620 DEOPT PACKING pc=0x0000017e555f5fa7 sp=0x0000000ebddf61e0
Event: 396.837 Thread 0x0000017e02360620 DEOPT UNPACKING pc=0x0000017e650786e2 sp=0x0000000ebddf56b8 mode 0
Event: 397.314 Thread 0x0000017e02360620 DEOPT PACKING pc=0x0000017e555f5fa7 sp=0x0000000ebddf62b0
Event: 397.314 Thread 0x0000017e02360620 DEOPT UNPACKING pc=0x0000017e650786e2 sp=0x0000000ebddf5788 mode 0
Event: 397.713 Thread 0x0000017e02360620 DEOPT PACKING pc=0x0000017e555f5fa7 sp=0x0000000ebddf6350
Event: 397.714 Thread 0x0000017e02360620 DEOPT UNPACKING pc=0x0000017e650786e2 sp=0x0000000ebddf5828 mode 0
Event: 398.149 Thread 0x0000017e02360620 Uncommon trap: trap_request=0xffffff45 fr.pc=0x0000017e655fb110 relative=0x00000000000003b0
Event: 398.149 Thread 0x0000017e02360620 Uncommon trap: reason=unstable_if action=reinterpret pc=0x0000017e655fb110 method=java.lang.StringLatin1.toLowerCase(Ljava/lang/String;[BLjava/util/Locale;)Ljava/lang/String; @ 43 c2
Event: 398.149 Thread 0x0000017e02360620 DEOPT PACKING pc=0x0000017e655fb110 sp=0x0000000ebddf6340
Event: 398.149 Thread 0x0000017e02360620 DEOPT UNPACKING pc=0x0000017e65077ba2 sp=0x0000000ebddf6178 mode 2
Event: 398.350 Thread 0x0000017e026887d0 DEOPT PACKING pc=0x0000017e555f5fa7 sp=0x0000000ebd9fe740
Event: 398.350 Thread 0x0000017e026887d0 DEOPT UNPACKING pc=0x0000017e650786e2 sp=0x0000000ebd9fdc18 mode 0
Event: 399.523 Thread 0x0000017e02360620 Uncommon trap: trap_request=0x0000000c fr.pc=0x0000017e65bff0e0 relative=0x00000000000047c0
Event: 399.523 Thread 0x0000017e02360620 Uncommon trap: reason=unloaded action=reinterpret pc=0x0000017e65bff0e0 method=org.gradle.internal.classloader.TransformReplacer.getInstrumentedClass(Ljava/lang/String;Ljava/security/ProtectionDomain;)[B @ 25 c2
Event: 399.523 Thread 0x0000017e02360620 DEOPT PACKING pc=0x0000017e65bff0e0 sp=0x0000000ebddf44e0
Event: 399.523 Thread 0x0000017e02360620 DEOPT UNPACKING pc=0x0000017e65077ba2 sp=0x0000000ebddf4480 mode 2
Event: 399.532 Thread 0x0000017e02360620 Uncommon trap: trap_request=0xffffff54 fr.pc=0x0000017e65c10d30 relative=0x0000000000003650
Event: 399.532 Thread 0x0000017e02360620 Uncommon trap: reason=speculate_null_assert action=make_not_entrant pc=0x0000017e65c10d30 method=org.gradle.internal.classloader.TransformErrorHandler.exitClassLoadingScope()V @ 6 c2
Event: 399.532 Thread 0x0000017e02360620 DEOPT PACKING pc=0x0000017e65c10d30 sp=0x0000000ebddf5a90
Event: 399.532 Thread 0x0000017e02360620 DEOPT UNPACKING pc=0x0000017e65077ba2 sp=0x0000000ebddf5a68 mode 2

Classes loaded (20 events):
Event: 359.902 Loading class java/util/concurrent/atomic/AtomicIntegerArray
Event: 359.904 Loading class java/util/concurrent/atomic/AtomicIntegerArray done
Event: 359.912 Loading class java/util/Currency
Event: 359.977 Loading class java/util/Currency done
Event: 360.250 Loading class java/util/concurrent/atomic/AtomicLongArray
Event: 360.251 Loading class java/util/concurrent/atomic/AtomicLongArray done
Event: 360.941 Loading class sun/reflect/generics/repository/FieldRepository
Event: 360.942 Loading class sun/reflect/generics/repository/FieldRepository done
Event: 361.080 Loading class jdk/internal/vm/annotation/ForceInline
Event: 361.081 Loading class jdk/internal/vm/annotation/ForceInline done
Event: 362.272 Loading class java/util/regex/Pattern$Caret
Event: 362.273 Loading class java/util/regex/Pattern$Caret done
Event: 383.066 Loading class java/net/Proxy
Event: 383.068 Loading class java/net/Proxy done
Event: 383.068 Loading class java/net/Proxy$Type
Event: 383.068 Loading class java/net/Proxy$Type done
Event: 387.913 Loading class java/io/FileReader
Event: 387.914 Loading class java/io/FileReader done
Event: 399.519 Loading class java/util/zip/DataFormatException
Event: 399.522 Loading class java/util/zip/DataFormatException done

Classes unloaded (0 events):
No events

Classes redefined (0 events):
No events

Internal exceptions (20 events):
Event: 347.460 Thread 0x0000017e02360620 Exception <a 'java/lang/ClassNotFoundException'{0x0000000609ad4478}: org/gradle/api/plugins/internal/NaggingJavaPluginConventionBeanInfo> (0x0000000609ad4478) 
thrown [s\src\hotspot\share\classfile\systemDictionary.cpp, line 313]
Event: 347.463 Thread 0x0000017e02360620 Exception <a 'java/lang/ClassNotFoundException'{0x0000000609aed9c8}: org/gradle/api/plugins/JavaPluginConventionBeanInfo> (0x0000000609aed9c8) 
thrown [s\src\hotspot\share\classfile\systemDictionary.cpp, line 313]
Event: 347.465 Thread 0x0000017e02360620 Exception <a 'java/lang/ClassNotFoundException'{0x0000000609b06ed8}: org/gradle/api/plugins/JavaPluginConventionCustomizer> (0x0000000609b06ed8) 
thrown [s\src\hotspot\share\classfile\systemDictionary.cpp, line 313]
Event: 347.469 Thread 0x0000017e02360620 Exception <a 'java/lang/ClassNotFoundException'{0x0000000609b35770}: org/gradle/api/plugins/internal/NaggingJavaPluginConventionCustomizer> (0x0000000609b35770) 
thrown [s\src\hotspot\share\classfile\systemDictionary.cpp, line 313]
Event: 347.561 Thread 0x0000017e02360620 Exception <a 'java/lang/ClassNotFoundException'{0x0000000609bae318}: org/gradle/plugin/software/internal/SoftwareFeaturesDynamicObject_DecoratedBeanInfo> (0x0000000609bae318) 
thrown [s\src\hotspot\share\classfile\systemDictionary.cpp, line 313]
Event: 347.563 Thread 0x0000017e02360620 Exception <a 'java/lang/ClassNotFoundException'{0x0000000609bc5aa8}: org/gradle/plugin/software/internal/SoftwareFeaturesDynamicObjectBeanInfo> (0x0000000609bc5aa8) 
thrown [s\src\hotspot\share\classfile\systemDictionary.cpp, line 313]
Event: 347.571 Thread 0x0000017e02360620 Exception <a 'java/lang/ClassNotFoundException'{0x0000000609bdcce8}: org/gradle/internal/metaobject/AbstractDynamicObjectBeanInfo> (0x0000000609bdcce8) 
thrown [s\src\hotspot\share\classfile\systemDictionary.cpp, line 313]
Event: 347.575 Thread 0x0000017e02360620 Exception <a 'java/lang/ClassNotFoundException'{0x0000000609bf3f80}: org/gradle/internal/metaobject/AbstractDynamicObjectCustomizer> (0x0000000609bf3f80) 
thrown [s\src\hotspot\share\classfile\systemDictionary.cpp, line 313]
Event: 347.584 Thread 0x0000017e02360620 Exception <a 'java/lang/ClassNotFoundException'{0x00000006094180e8}: org/gradle/plugin/software/internal/SoftwareFeaturesDynamicObjectCustomizer> (0x00000006094180e8) 
thrown [s\src\hotspot\share\classfile\systemDictionary.cpp, line 313]
Event: 347.598 Thread 0x0000017e02360620 Exception <a 'java/lang/ClassNotFoundException'{0x00000006094371b8}: org/gradle/plugin/software/internal/SoftwareFeaturesDynamicObject_DecoratedCustomizer> (0x00000006094371b8) 
thrown [s\src\hotspot\share\classfile\systemDictionary.cpp, line 313]
Event: 347.672 Thread 0x0000017e02360620 Exception <a 'java/lang/NoSuchMethodError'{0x000000060947b8f8}: 'java.lang.Object java.lang.invoke.DirectMethodHandle$Holder.newInvokeSpecial(java.lang.Object, java.lang.Object, java.lang.Object, java.lang.Object, java.lang.Object, java.lang.Object, java.lang.Object, java.lang.Object, java.lang.Object, java.lang.Object, java.lang.Object, java.lang.Object, java.lang.Object, java.lang.Object, java.lang.Object, java.lang.Object, java.lang.Object, java.lang.Object)'> (0x000000060947b8f8) 
thrown [s\src\hotspot
Event: 347.675 Thread 0x0000017e02360620 Exception <a 'java/lang/NoSuchMethodError'{0x0000000609482c80}: 'java.lang.Object java.lang.invoke.DirectMethodHandle$Holder.invokeSpecial(java.lang.Object, java.lang.Object, java.lang.Object, java.lang.Object, java.lang.Object, java.lang.Object, java.lang.Object, java.lang.Object, java.lang.Object, java.lang.Object, java.lang.Object, java.lang.Object, java.lang.Object, java.lang.Object, java.lang.Object, java.lang.Object, java.lang.Object, java.lang.Object, java.lang.Object)'> (0x0000000609482c80) 
thrown
Event: 347.676 Thread 0x0000017e02360620 Exception <a 'java/lang/NoSuchMethodError'{0x0000000609488e68}: 'java.lang.Object java.lang.invoke.DelegatingMethodHandle$Holder.reinvoke_L(java.lang.Object, java.lang.Object, java.lang.Object, java.lang.Object, java.lang.Object, java.lang.Object, java.lang.Object, java.lang.Object, java.lang.Object, java.lang.Object, java.lang.Object, java.lang.Object, java.lang.Object, java.lang.Object, java.lang.Object, java.lang.Object, java.lang.Object, java.lang.Object)'> (0x0000000609488e68) 
thrown [s\src\hotspot\s
Event: 356.744 Thread 0x0000017e02360620 Exception <a 'java/lang/NoSuchMethodError'{0x00000006097379b0}: 'java.lang.Object java.lang.invoke.DirectMethodHandle$Holder.newInvokeSpecial(java.lang.Object, java.lang.Object, java.lang.Object, java.lang.Object, java.lang.Object, java.lang.Object, java.lang.Object, java.lang.Object, java.lang.Object, java.lang.Object, java.lang.Object, java.lang.Object, java.lang.Object, java.lang.Object)'> (0x00000006097379b0) 
thrown [s\src\hotspot\share\interpreter\linkResolver.cpp, line 773]
Event: 361.084 Thread 0x0000017e02360620 Exception <a 'java/lang/NoSuchMethodError'{0x0000000607f66218}: 'void java.lang.invoke.Invokers$Holder.invokeExact_MT(java.lang.Object, java.lang.Object, java.lang.Object, java.lang.Object)'> (0x0000000607f66218) 
thrown [s\src\hotspot\share\interpreter\linkResolver.cpp, line 773]
Event: 372.883 Thread 0x0000017e02360620 Implicit null exception at 0x0000017e6564132a to 0x0000017e65643138
Event: 390.783 Thread 0x0000017e02360620 Exception <a 'java/lang/NoSuchMethodError'{0x000000060a33ca60}: 'void java.lang.invoke.DelegatingMethodHandle$Holder.reinvoke_L(java.lang.Object, java.lang.Object, int)'> (0x000000060a33ca60) 
thrown [s\src\hotspot\share\interpreter\linkResolver.cpp, line 773]
Event: 390.787 Thread 0x0000017e02360620 Exception <a 'java/lang/NoSuchMethodError'{0x000000060a3476a0}: 'void java.lang.invoke.Invokers$Holder.invokeExact_MT(java.lang.Object, java.lang.Object, int, java.lang.Object)'> (0x000000060a3476a0) 
thrown [s\src\hotspot\share\interpreter\linkResolver.cpp, line 773]
Event: 399.519 Thread 0x0000017e02360620 Exception <a 'java/io/IOException'{0x0000000609352f48}> (0x0000000609352f48) 
thrown [s\src\hotspot\share\prims\jni.cpp, line 520]
Event: 399.533 Thread 0x0000017e02360620 Exception <a 'java/lang/NoClassDefFoundError'{0x00000006093580d8}: com/android/build/gradle/tasks/ExternalNativeBuildTaskKt> (0x00000006093580d8) 
thrown [s\src\hotspot\share\classfile\systemDictionary.cpp, line 302]

ZGC Phase Switch (0 events):
No events

VM Operations (20 events):
Event: 380.966 Executing safepoint VM operation: Cleanup
Event: 380.966 Executing safepoint VM operation: Cleanup done
Event: 383.999 Executing safepoint VM operation: Cleanup
Event: 383.999 Executing safepoint VM operation: Cleanup done
Event: 387.736 Executing non-safepoint VM operation: HandshakeAllThreads (Deoptimize)
Event: 387.737 Executing non-safepoint VM operation: HandshakeAllThreads (Deoptimize) done
Event: 387.919 Executing non-safepoint VM operation: HandshakeAllThreads (Deoptimize)
Event: 387.920 Executing non-safepoint VM operation: HandshakeAllThreads (Deoptimize) done
Event: 388.937 Executing safepoint VM operation: Cleanup
Event: 388.937 Executing safepoint VM operation: Cleanup done
Event: 390.966 Executing safepoint VM operation: Cleanup
Event: 390.966 Executing safepoint VM operation: Cleanup done
Event: 392.977 Executing safepoint VM operation: Cleanup
Event: 392.977 Executing safepoint VM operation: Cleanup done
Event: 397.006 Executing safepoint VM operation: Cleanup
Event: 397.006 Executing safepoint VM operation: Cleanup done
Event: 398.018 Executing safepoint VM operation: Cleanup
Event: 398.019 Executing safepoint VM operation: Cleanup done
Event: 399.028 Executing safepoint VM operation: Cleanup
Event: 399.028 Executing safepoint VM operation: Cleanup done

Memory protections (0 events):
No events

Nmethod flushes (20 events):
Event: 352.145 Thread 0x0000017e7f9e3670 flushing  nmethod 0x0000017e5642a790
Event: 352.145 Thread 0x0000017e7f9e3670 flushing  nmethod 0x0000017e5642b590
Event: 352.145 Thread 0x0000017e7f9e3670 flushing  nmethod 0x0000017e656e3610
Event: 352.145 Thread 0x0000017e7f9e3670 flushing  nmethod 0x0000017e656e5890
Event: 352.145 Thread 0x0000017e7f9e3670 flushing  nmethod 0x0000017e65a50110
Event: 352.145 Thread 0x0000017e7f9e3670 flushing  nmethod 0x0000017e65a60890
Event: 352.145 Thread 0x0000017e7f9e3670 flushing  nmethod 0x0000017e55313090
Event: 352.145 Thread 0x0000017e7f9e3670 flushing  nmethod 0x0000017e55405290
Event: 352.145 Thread 0x0000017e7f9e3670 flushing  nmethod 0x0000017e5547e590
Event: 352.145 Thread 0x0000017e7f9e3670 flushing  nmethod 0x0000017e55619a90
Event: 352.145 Thread 0x0000017e7f9e3670 flushing  nmethod 0x0000017e55765410
Event: 352.145 Thread 0x0000017e7f9e3670 flushing  nmethod 0x0000017e55766110
Event: 352.145 Thread 0x0000017e7f9e3670 flushing  nmethod 0x0000017e559b3610
Event: 352.145 Thread 0x0000017e7f9e3670 flushing  nmethod 0x0000017e559b7910
Event: 352.145 Thread 0x0000017e7f9e3670 flushing  nmethod 0x0000017e55b77a90
Event: 352.145 Thread 0x0000017e7f9e3670 flushing  nmethod 0x0000017e55bbeb10
Event: 352.145 Thread 0x0000017e7f9e3670 flushing  nmethod 0x0000017e55bc2590
Event: 352.145 Thread 0x0000017e7f9e3670 flushing  nmethod 0x0000017e55d98e10
Event: 352.145 Thread 0x0000017e7f9e3670 flushing  nmethod 0x0000017e55d9ed90
Event: 352.145 Thread 0x0000017e7f9e3670 flushing  nmethod 0x0000017e56446410

Events (20 events):
Event: 273.788 Thread 0x0000017e02360620 Thread added: 0x0000017e4ba354f0
Event: 273.789 Thread 0x0000017e02360620 Thread added: 0x0000017e4ba35b80
Event: 273.790 Thread 0x0000017e02360620 Thread added: 0x0000017e4ba32700
Event: 275.091 Thread 0x0000017e02360620 Thread added: 0x0000017e4ba36210
Event: 275.093 Thread 0x0000017e02360620 Thread added: 0x0000017e4ba368a0
Event: 275.411 Thread 0x0000017e02360620 Thread added: 0x0000017e4ba36f30
Event: 275.519 Thread 0x0000017e02360620 Thread added: 0x0000017e4ba375c0
Event: 275.521 Thread 0x0000017e02360620 Thread added: 0x0000017e4bb80eb0
Event: 275.523 Thread 0x0000017e02360620 Thread added: 0x0000017e4bb7ede0
Event: 275.739 Thread 0x0000017e02360620 Thread added: 0x0000017e4bb828f0
Event: 278.140 Thread 0x0000017e02360620 Thread added: 0x0000017e4bb81540
Event: 278.141 Thread 0x0000017e02360620 Thread added: 0x0000017e4bb7fb00
Event: 278.142 Thread 0x0000017e02360620 Thread added: 0x0000017e4bb80190
Event: 278.144 Thread 0x0000017e02360620 Thread added: 0x0000017e4bb7f470
Event: 278.145 Thread 0x0000017e02360620 Thread added: 0x0000017e4bb82f80
Event: 278.151 Thread 0x0000017e02360620 Thread added: 0x0000017e4bb81bd0
Event: 278.163 Thread 0x0000017e02360620 Thread added: 0x0000017e4bb82260
Event: 325.767 Thread 0x0000017e4afa01f0 Thread exited: 0x0000017e4afa01f0
Event: 327.884 Thread 0x0000017e4aa744d0 Thread exited: 0x0000017e4aa744d0
Event: 342.069 Thread 0x0000017e02360620 Thread added: 0x0000017e4bb84330


Dynamic libraries:
0x00007ff789510000 - 0x00007ff78951e000 	C:\Users\badya\.vscode\extensions\redhat.java-1.56.0-win32-x64\jre\21.0.12.1-win32-x86_64\bin\java.exe
0x00007ffdee340000 - 0x00007ffdee5a7000 	C:\WINDOWS\SYSTEM32\ntdll.dll
0x00007ffdecda0000 - 0x00007ffdece6b000 	C:\WINDOWS\System32\KERNEL32.DLL
0x00007ffdebb20000 - 0x00007ffdebf22000 	C:\WINDOWS\System32\KERNELBASE.dll
0x00007ffdeb740000 - 0x00007ffdeb88c000 	C:\WINDOWS\System32\ucrtbase.dll
0x00007ffdc1590000 - 0x00007ffdc15a8000 	C:\Users\badya\.vscode\extensions\redhat.java-1.56.0-win32-x64\jre\21.0.12.1-win32-x86_64\bin\jli.dll
0x00007ffdec0f0000 - 0x00007ffdec2bf000 	C:\WINDOWS\System32\USER32.dll
0x00007ffdeb8a0000 - 0x00007ffdeb8c7000 	C:\WINDOWS\System32\win32u.dll
0x00007ffded360000 - 0x00007ffded38b000 	C:\WINDOWS\System32\GDI32.dll
0x00007ffdebf30000 - 0x00007ffdec059000 	C:\WINDOWS\System32\gdi32full.dll
0x00007ffdeb690000 - 0x00007ffdeb733000 	C:\WINDOWS\System32\msvcp_win.dll
0x00007ffdc49f0000 - 0x00007ffdc4a0e000 	C:\Users\badya\.vscode\extensions\redhat.java-1.56.0-win32-x64\jre\21.0.12.1-win32-x86_64\bin\VCRUNTIME140.dll
0x00007ffdd11d0000 - 0x00007ffdd1460000 	C:\WINDOWS\WinSxS\amd64_microsoft.windows.common-controls_6595b64144ccf1df_6.0.26100.9278_none_3e0d1ba8e3303201\COMCTL32.dll
0x00007ffded3a0000 - 0x00007ffded449000 	C:\WINDOWS\System32\msvcrt.dll
0x00007ffdec0b0000 - 0x00007ffdec0e1000 	C:\WINDOWS\System32\IMM32.DLL
0x00007ffdd6850000 - 0x00007ffdd685c000 	C:\Users\badya\.vscode\extensions\redhat.java-1.56.0-win32-x64\jre\21.0.12.1-win32-x86_64\bin\vcruntime140_1.dll
0x00007ffd85180000 - 0x00007ffd8520d000 	C:\Users\badya\.vscode\extensions\redhat.java-1.56.0-win32-x64\jre\21.0.12.1-win32-x86_64\bin\msvcp140.dll
0x00007ffd269e0000 - 0x00007ffd27782000 	C:\Users\badya\.vscode\extensions\redhat.java-1.56.0-win32-x64\jre\21.0.12.1-win32-x86_64\bin\server\jvm.dll
0x00007ffdec2d0000 - 0x00007ffdec38c000 	C:\WINDOWS\System32\ADVAPI32.dll
0x00007ffded0e0000 - 0x00007ffded189000 	C:\WINDOWS\System32\sechost.dll
0x00007ffdec9a0000 - 0x00007ffdecab8000 	C:\WINDOWS\System32\RPCRT4.dll
0x00007ffdec580000 - 0x00007ffdec600000 	C:\WINDOWS\System32\WS2_32.dll
0x00007ffdeb3a0000 - 0x00007ffdeb3fe000 	C:\WINDOWS\SYSTEM32\POWRPROF.dll
0x00007ffdd1db0000 - 0x00007ffdd1de6000 	C:\WINDOWS\SYSTEM32\WINMM.dll
0x00007ffdd9690000 - 0x00007ffdd969b000 	C:\WINDOWS\SYSTEM32\VERSION.dll
0x00007ffdeb380000 - 0x00007ffdeb395000 	C:\WINDOWS\SYSTEM32\UMPDC.dll
0x00007ffdea210000 - 0x00007ffdea22b000 	C:\WINDOWS\SYSTEM32\kernel.appcore.dll
0x00007ffdd67e0000 - 0x00007ffdd67ea000 	C:\Users\badya\.vscode\extensions\redhat.java-1.56.0-win32-x64\jre\21.0.12.1-win32-x86_64\bin\jimage.dll
0x00007ffde8a30000 - 0x00007ffde8c7c000 	C:\WINDOWS\SYSTEM32\DBGHELP.DLL
0x00007ffdec610000 - 0x00007ffdec995000 	C:\WINDOWS\System32\combase.dll
0x00007ffded190000 - 0x00007ffded269000 	C:\WINDOWS\System32\OLEAUT32.dll
0x00007ffdd2e80000 - 0x00007ffdd2ebb000 	C:\WINDOWS\SYSTEM32\dbgcore.DLL
0x00007ffdeba60000 - 0x00007ffdebb0c000 	C:\WINDOWS\System32\bcryptPrimitives.dll
0x00007ffdc8ed0000 - 0x00007ffdc8edf000 	C:\Users\badya\.vscode\extensions\redhat.java-1.56.0-win32-x64\jre\21.0.12.1-win32-x86_64\bin\instrument.dll
0x00007ffdc1570000 - 0x00007ffdc1590000 	C:\Users\badya\.vscode\extensions\redhat.java-1.56.0-win32-x64\jre\21.0.12.1-win32-x86_64\bin\java.dll
0x00007ffdedab0000 - 0x00007ffdee248000 	C:\WINDOWS\System32\SHELL32.dll
0x00007ffde8f70000 - 0x00007ffde981e000 	C:\WINDOWS\SYSTEM32\windows.storage.dll
0x00007ffdece70000 - 0x00007ffdecf6b000 	C:\WINDOWS\System32\SHCORE.dll
0x00007ffded900000 - 0x00007ffded966000 	C:\WINDOWS\System32\shlwapi.dll
0x00007ffdeb460000 - 0x00007ffdeb489000 	C:\WINDOWS\SYSTEM32\profapi.dll
0x00007ffdc0f80000 - 0x00007ffdc0f98000 	C:\Users\badya\.vscode\extensions\redhat.java-1.56.0-win32-x64\jre\21.0.12.1-win32-x86_64\bin\zip.dll
0x00007ffdd4ab0000 - 0x00007ffdd4ac0000 	C:\Users\badya\.vscode\extensions\redhat.java-1.56.0-win32-x64\jre\21.0.12.1-win32-x86_64\bin\net.dll
0x00007ffddbbf0000 - 0x00007ffddbd1a000 	C:\WINDOWS\SYSTEM32\WINHTTP.dll
0x00007ffdea7d0000 - 0x00007ffdea83c000 	C:\WINDOWS\system32\mswsock.dll
0x00007ffdbcf80000 - 0x00007ffdbcf96000 	C:\Users\badya\.vscode\extensions\redhat.java-1.56.0-win32-x64\jre\21.0.12.1-win32-x86_64\bin\nio.dll
0x00007ffdd3590000 - 0x00007ffdd35a0000 	C:\Users\badya\.vscode\extensions\redhat.java-1.56.0-win32-x64\jre\21.0.12.1-win32-x86_64\bin\verify.dll
0x00007ffdb3bd0000 - 0x00007ffdb3bf7000 	C:\Users\badya\.gradle\native\1def1411415f61bf3af743bc5b6707747c0891f09f0c88961ee8f79bc544acac\windows-amd64\native-platform.dll
0x00000000529b0000 - 0x0000000052a23000 	C:\Users\badya\.gradle\native\0.2.5\x86_64-windows-gnu\gradle-fileevents.dll
0x00007ffdd1970000 - 0x00007ffdd197a000 	C:\Users\badya\.vscode\extensions\redhat.java-1.56.0-win32-x64\jre\21.0.12.1-win32-x86_64\bin\management.dll
0x00007ffdd18b0000 - 0x00007ffdd18bc000 	C:\Users\badya\.vscode\extensions\redhat.java-1.56.0-win32-x64\jre\21.0.12.1-win32-x86_64\bin\management_ext.dll
0x00007ffded390000 - 0x00007ffded398000 	C:\WINDOWS\System32\PSAPI.DLL
0x00007ffdeaac0000 - 0x00007ffdeaadb000 	C:\WINDOWS\SYSTEM32\CRYPTSP.dll
0x00007ffdea170000 - 0x00007ffdea1a9000 	C:\WINDOWS\system32\rsaenh.dll
0x00007ffdea880000 - 0x00007ffdea8b4000 	C:\WINDOWS\SYSTEM32\USERENV.dll
0x00007ffdeb430000 - 0x00007ffdeb45a000 	C:\WINDOWS\SYSTEM32\bcrypt.dll
0x00007ffdeaae0000 - 0x00007ffdeaaec000 	C:\WINDOWS\SYSTEM32\CRYPTBASE.dll
0x00007ffde9be0000 - 0x00007ffde9c13000 	C:\WINDOWS\SYSTEM32\IPHLPAPI.DLL
0x00007ffdedaa0000 - 0x00007ffdedaaa000 	C:\WINDOWS\System32\NSI.dll
0x00007ffdcb340000 - 0x00007ffdcb349000 	C:\Users\badya\.vscode\extensions\redhat.java-1.56.0-win32-x64\jre\21.0.12.1-win32-x86_64\bin\extnet.dll
0x00007ffdc8dc0000 - 0x00007ffdc8dce000 	C:\Users\badya\.vscode\extensions\redhat.java-1.56.0-win32-x64\jre\21.0.12.1-win32-x86_64\bin\sunmscapi.dll
0x00007ffdeb8d0000 - 0x00007ffdeba4e000 	C:\WINDOWS\System32\CRYPT32.dll
0x00007ffdead00000 - 0x00007ffdead30000 	C:\WINDOWS\SYSTEM32\ncrypt.dll
0x00007ffdeacb0000 - 0x00007ffdeacef000 	C:\WINDOWS\SYSTEM32\NTASN1.dll
0x00007ffdd1e00000 - 0x00007ffdd1e08000 	C:\WINDOWS\system32\wshunix.dll
0x0000000052830000 - 0x00000000528a3000 	C:\Users\badya\AppData\Local\Temp\native-platform5812585832724261855dir\gradle-fileevents.dll
0x00007ffdbdc60000 - 0x00007ffdbdc78000 	C:\WINDOWS\system32\napinsp.dll
0x00007ffde9c80000 - 0x00007ffde9dd8000 	C:\WINDOWS\SYSTEM32\DNSAPI.dll
0x00007ffdea5d0000 - 0x00007ffdea5dd000 	C:\WINDOWS\SYSTEM32\DSPARSE.dll
0x00007ffdbc8d0000 - 0x00007ffdbc8e3000 	C:\WINDOWS\System32\winrnr.dll
0x00007ffdb3610000 - 0x00007ffdb3637000 	C:\WINDOWS\system32\nlansp_c.dll
0x00007ffdb35f0000 - 0x00007ffdb3606000 	C:\WINDOWS\system32\wshbth.dll
0x00007ffddbdf0000 - 0x00007ffddbdfb000 	C:\Windows\System32\rasadhlp.dll
0x00007ffde2a80000 - 0x00007ffde2b06000 	C:\WINDOWS\System32\fwpuclnt.dll

JVMTI agents:
C:\Users\badya\.gradle\wrapper\dists\gradle-8.12-all\ejduaidbjup3bmmkhw3rie4zb\gradle-8.12\lib\agents\gradle-instrumentation-agent-8.12.jar path:C:\Users\badya\.vscode\extensions\redhat.java-1.56.0-win32-x64\jre\21.0.12.1-win32-x86_64\bin\instrument.dll, loaded, initialized, instrumentlib options:none

dbghelp: loaded successfully - version: 4.0.5 - missing functions: none
symbol engine: initialized successfully - sym options: 0x614 - pdb path: .;C:\Users\badya\.vscode\extensions\redhat.java-1.56.0-win32-x64\jre\21.0.12.1-win32-x86_64\bin;C:\WINDOWS\SYSTEM32;C:\WINDOWS\WinSxS\amd64_microsoft.windows.common-controls_6595b64144ccf1df_6.0.26100.9278_none_3e0d1ba8e3303201;C:\Users\badya\.vscode\extensions\redhat.java-1.56.0-win32-x64\jre\21.0.12.1-win32-x86_64\bin\server;C:\Users\badya\.gradle\native\1def1411415f61bf3af743bc5b6707747c0891f09f0c88961ee8f79bc544acac\windows-amd64;C:\Users\badya\.gradle\native\0.2.5\x86_64-windows-gnu;C:\Users\badya\AppData\Local\Temp\native-platform5812585832724261855dir

VM Arguments:
jvm_args: --add-opens=java.base/java.lang=ALL-UNNAMED --add-opens=java.base/java.lang.invoke=ALL-UNNAMED --add-opens=java.base/java.util=ALL-UNNAMED --add-opens=java.prefs/java.util.prefs=ALL-UNNAMED --add-exports=jdk.compiler/com.sun.tools.javac.api=ALL-UNNAMED --add-exports=jdk.compiler/com.sun.tools.javac.util=ALL-UNNAMED --add-opens=java.base/java.util=ALL-UNNAMED --add-opens=java.prefs/java.util.prefs=ALL-UNNAMED --add-opens=java.base/java.nio.charset=ALL-UNNAMED --add-opens=java.base/java.net=ALL-UNNAMED --add-opens=java.base/java.util.concurrent.atomic=ALL-UNNAMED --add-opens=java.xml/javax.xml.namespace=ALL-UNNAMED -XX:MaxMetaspaceSize=4G -XX:ReservedCodeCacheSize=512m -XX:+HeapDumpOnOutOfMemoryError -Xmx8G -Dfile.encoding=UTF-8 -Duser.country=FR -Duser.language=fr -Duser.variant -javaagent:C:\Users\badya\.gradle\wrapper\dists\gradle-8.12-all\ejduaidbjup3bmmkhw3rie4zb\gradle-8.12\lib\agents\gradle-instrumentation-agent-8.12.jar 
java_command: org.gradle.launcher.daemon.bootstrap.GradleDaemon 8.12
java_class_path (initial): C:\Users\badya\.gradle\wrapper\dists\gradle-8.12-all\ejduaidbjup3bmmkhw3rie4zb\gradle-8.12\lib\gradle-daemon-main-8.12.jar
Launcher Type: SUN_STANDARD

[Global flags]
     intx CICompilerCount                          = 4                                         {product} {ergonomic}
     uint ConcGCThreads                            = 2                                         {product} {ergonomic}
     uint G1ConcRefinementThreads                  = 8                                         {product} {ergonomic}
   size_t G1HeapRegionSize                         = 4194304                                   {product} {ergonomic}
    uintx GCDrainStackTargetSize                   = 64                                        {product} {ergonomic}
     bool HeapDumpOnOutOfMemoryError               = true                                   {manageable} {command line}
   size_t InitialHeapSize                          = 130023424                                 {product} {ergonomic}
   size_t MarkStackSize                            = 4194304                                   {product} {ergonomic}
   size_t MaxHeapSize                              = 8589934592                                {product} {command line}
   size_t MaxMetaspaceSize                         = 4294967296                                {product} {command line}
   size_t MaxNewSize                               = 5150605312                                {product} {ergonomic}
   size_t MinHeapDeltaBytes                        = 4194304                                   {product} {ergonomic}
   size_t MinHeapSize                              = 8388608                                   {product} {ergonomic}
    uintx NonNMethodCodeHeapSize                   = 5839372                                {pd product} {ergonomic}
    uintx NonProfiledCodeHeapSize                  = 265515770                              {pd product} {ergonomic}
    uintx ProfiledCodeHeapSize                     = 265515770                              {pd product} {ergonomic}
    uintx ReservedCodeCacheSize                    = 536870912                              {pd product} {command line}
     bool SegmentedCodeCache                       = true                                      {product} {ergonomic}
   size_t SoftMaxHeapSize                          = 8589934592                             {manageable} {ergonomic}
     bool UseCompressedOops                        = true                           {product lp64_product} {ergonomic}
     bool UseG1GC                                  = true                                      {product} {ergonomic}
     bool UseLargePagesIndividualAllocation        = false                                  {pd product} {ergonomic}

Logging:
Log output configuration:
 #0: stdout all=warning uptime,level,tags foldmultilines=false
 #1: stderr all=off uptime,level,tags foldmultilines=false

Release file:
JAVA_VERSION="21.0.12.1" 
MODULES="java.base java.compiler java.datatransfer java.xml java.prefs java.desktop java.instrument java.logging java.management java.security.sasl java.naming java.rmi java.management.rmi java.net.http java.scripting java.security.jgss java.transaction.xa java.sql java.sql.rowset java.xml.crypto java.se java.smartcardio jdk.accessibility jdk.internal.jvmstat jdk.attach jdk.charsets jdk.internal.opt jdk.zipfs jdk.compiler jdk.crypto.ec jdk.crypto.cryptoki jdk.crypto.mscapi jdk.dynalink jdk.internal.ed jdk.editpad jdk.hotspot.agent jdk.httpserver jdk.internal.le jdk.internal.vm.ci jdk.internal.vm.compiler jdk.internal.vm.compiler.management jdk.jartool jdk.javadoc jdk.jcmd jdk.management jdk.management.agent jdk.jconsole jdk.jdeps jdk.jdwp.agent jdk.jdi jdk.jfr jdk.jshell jdk.jsobject jdk.jstatd jdk.localedata jdk.management.jfr jdk.naming.dns jdk.naming.rmi jdk.net jdk.nio.mapmode jdk.random jdk.sctp jdk.security.auth jdk.security.jgss jdk.unsupported jdk.unsupported.desktop jdk.xml.dom" 

Environment Variables:
JAVA_HOME=C:\Users\badya\.jdk\jdk-21.0.8
PATH=C:\Program Files\Python310\Scripts\;C:\Program Files\Python310\;C:\Program Files\Eclipse Adoptium\jdk-25.0.2.10-hotspot\bin;C:\Program Files\Eclipse Adoptium\jdk-8.0.472.8-hotspot\bin;C:\Program Files\Common Files\Oracle\Java\javapath;C:\Program Files\Eclipse Adoptium\jdk-17.0.13.11-hotspot\bin;C:\app\badya\product\21c\dbhomeXE\bin;C:\Windows\system32;C:\Windows;C:\Windows\System32\Wbem;C:\Windows\System32\WindowsPowerShell\v1.0\;C:\Windows\System32\OpenSSH\;C:\Program Files (x86)\NVIDIA Corporation\PhysX\Common;C:\Program Files\NVIDIA Corporation\NVIDIA NvDLISR;C:\WINDOWS\system32;C:\WINDOWS;C:\WINDOWS\System32\Wbem;C:\WINDOWS\System32\WindowsPowerShell\v1.0\;C:\WINDOWS\System32\OpenSSH\;C:\Program Files\Git\cmd;C:\Program Files\nodejs\;C:\ProgramData\chocolatey\bin;C:\Program Files\Docker\Docker\resources\bin;C:\Program Files\CMake\bin;C:\Program Files (x86)\Windows Kits\10\Windows Performance Toolkit\;C:\Program Files\Eclipse Adoptium\jdk-8.0.472.8-hotspot\bin;C:\Program Files\Common Files\Oracle\Java\javapath;C:\Program Files\Eclipse Adoptium\jdk-17.0.13.11-hotspot\bin;C:\app\badya\product\21c\dbhomeXE\bin;C:\Windows\system32;C:\Windows;C:\Windows\System32\Wbem;C:\Windows\System32\WindowsPowerShell\v1.0\;C:\Windows\System32\OpenSSH\;C:\Program Files (x86)\NVIDIA Corporation\PhysX\Common;C:\Program Files\NVIDIA Corporation\NVIDIA NvDLISR;C:\WINDOWS\system32;C:\WINDOWS;C:\WINDOWS\System32\Wbem;C:\WINDOWS\System32\WindowsPowerShell\v1.0\;C:\WINDOWS\System32\OpenSSH\;C:\Program Files\Git\cmd;C:\Program Files\nodejs\;C:\ProgramData\chocolatey\bin;C:\Program Files (x86)\Windows Kits\10\Windows Performance Toolkit\;C:\Program Files\Docker\Docker\resources\bin;C:\Program Files\Eclipse Adoptium\jdk-8.0.472.8-hotspot\bin;C:\Program Files\Common Files\Oracle\Java\javapath;C:\Program Files\Eclipse Adoptium\jdk-17.0.13.11-hotspot\bin;C:\app\badya\product\21c\dbhomeXE\bin;C:\Windows\system32;C:\Windows;C:\Windows\Syste;C:\Program Files\apache-maven-3.9.11\bin;C:\Flutter\flutter\bin;C:\Users\badya\AppData\Local\Programs\Antigravity\bin;C:\Users\badya\.local\bin;C:\Users\badya\AppData\Local\Programs\Microsoft VS Code\bin;C:\Users\badya\AppData\Local\Programs\MiKTeX\miktex\bin\x64\
USERNAME=badya
OS=Windows_NT
PROCESSOR_IDENTIFIER=Intel64 Family 6 Model 140 Stepping 1, GenuineIntel
TMP=C:\Users\badya\AppData\Local\Temp
TEMP=C:\Users\badya\AppData\Local\Temp




Periodic native trim disabled

---------------  S Y S T E M  ---------------

OS:
 Windows 11 , 64 bit Build 26100 (10.0.26100.9444)
OS uptime: 2 days 7:22 hours
Hyper-V role detected

CPU: total 8 (initial active 8) (4 cores per cpu, 2 threads per core) family 6 model 140 stepping 1 microcode 0xa6, cx8, cmov, fxsr, ht, mmx, 3dnowpref, sse, sse2, sse3, ssse3, sse4.1, sse4.2, popcnt, lzcnt, tsc, tscinvbit, avx, avx2, aes, erms, clmul, bmi1, bmi2, adx, avx512f, avx512dq, avx512cd, avx512bw, avx512vl, sha, fma, vzeroupper, avx512_vpopcntdq, avx512_vpclmulqdq, avx512_vaes, avx512_vnni, clflush, clflushopt, clwb, avx512_vbmi2, avx512_vbmi, hv, rdtscp, rdpid, fsrm, gfni, avx512_bitalg, f16c, cet_ibt, cet_ss, avx512_ifma
Processor Information for the first 8 processors :
  Max Mhz: 2803, Current Mhz: 2803, Mhz Limit: 2803

Memory: 4k page, system-wide physical 7886M (490M free)
TotalPageFile size 32462M (AvailPageFile size 1854M)
current process WorkingSet (physical memory assigned to process): 172M, peak: 303M
current process commit charge ("private bytes"): 492M, peak: 495M

vm_info: OpenJDK 64-Bit Server VM (21.0.12.1+1-LTS) for windows-amd64 JRE (21.0.12.1+1-LTS), built on 2026-08-18T00:00:00Z by "admin" with MS VC++ 17.12 (VS2022)

END.
